variant,library_family,corner,size_bytes,relative_path,selected_target
sky130A,,gpiov2_pad_ff_ff_100C_1v95_5v50,289577,ciel/sky130/versions/d815bb30c9afdf9e264c276a8a2b533108dea3d0/sky130A/libs.ref/sky130_fd_io/lib/sky130_ef_io__gpiov2_pad_ff_ff_100C_1v95_5v50.lib,no
sky130A,,gpiov2_pad_ff_ff_n40C_1v95_5v50,627561,ciel/sky130/versions/d815bb30c9afdf9e264c276a8a2b533108dea3d0/sky130A/libs.ref/sky130_fd_io/lib/sky130_ef_io__gpiov2_pad_ff_ff_n40C_1v95_5v50.lib,no
sky130A,,gpiov2_pad_ff_ff_n40C_1v95_5v50_nointpwr,569757,ciel/sky130/versions/d815bb30c9afdf9e264c276a8a2b533108dea3d0/sky130A/libs.ref/sky130_fd_io/lib/sky130_ef_io__gpiov2_pad_ff_ff_n40C_1v95_5v50_nointpwr.lib,no
sky130A,,gpiov2_pad_ff_ss_100C_1v65_1v65,296064,ciel/sky130/versions/d815bb30c9afdf9e264c276a8a2b533108dea3d0/sky130A/libs.ref/sky130_fd_io/lib/sky130_ef_io__gpiov2_pad_ff_ss_100C_1v65_1v65.lib,no
sky130A,,gpiov2_pad_ff_ss_100C_1v95_1v65,299782,ciel/sky130/versions/d815bb30c9afdf9e264c276a8a2b533108dea3d0/sky130A/libs.ref/sky130_fd_io/lib/sky130_ef_io__gpiov2_pad_ff_ss_100C_1v95_1v65.lib,no
sky130A,,gpiov2_pad_ff_ss_100C_1v95_1v95,295117,ciel/sky130/versions/d815bb30c9afdf9e264c276a8a2b533108dea3d0/sky130A/libs.ref/sky130_fd_io/lib/sky130_ef_io__gpiov2_pad_ff_ss_100C_1v95_1v95.lib,no
sky130A,,gpiov2_pad_ff_ss_n40C_1v65_1v65,296094,ciel/sky130/versions/d815bb30c9afdf9e264c276a8a2b533108dea3d0/sky130A/libs.ref/sky130_fd_io/lib/sky130_ef_io__gpiov2_pad_ff_ss_n40C_1v65_1v65.lib,no
sky130A,,gpiov2_pad_ff_ss_n40C_1v95_1v65,299943,ciel/sky130/versions/d815bb30c9afdf9e264c276a8a2b533108dea3d0/sky130A/libs.ref/sky130_fd_io/lib/sky130_ef_io__gpiov2_pad_ff_ss_n40C_1v95_1v65.lib,no
sky130A,,gpiov2_pad_ff_ss_n40C_1v95_1v95,295085,ciel/sky130/versions/d815bb30c9afdf9e264c276a8a2b533108dea3d0/sky130A/libs.ref/sky130_fd_io/lib/sky130_ef_io__gpiov2_pad_ff_ss_n40C_1v95_1v95.lib,no
sky130A,,gpiov2_pad_ss_ff_100C_1v40_5v50,290348,ciel/sky130/versions/d815bb30c9afdf9e264c276a8a2b533108dea3d0/sky130A/libs.ref/sky130_fd_io/lib/sky130_ef_io__gpiov2_pad_ss_ff_100C_1v40_5v50.lib,no
sky130A,,gpiov2_pad_ss_ff_100C_1v60_5v50,290053,ciel/sky130/versions/d815bb30c9afdf9e264c276a8a2b533108dea3d0/sky130A/libs.ref/sky130_fd_io/lib/sky130_ef_io__gpiov2_pad_ss_ff_100C_1v60_5v50.lib,no
sky130A,,gpiov2_pad_ss_ff_n40C_1v35_5v50,289946,ciel/sky130/versions/d815bb30c9afdf9e264c276a8a2b533108dea3d0/sky130A/libs.ref/sky130_fd_io/lib/sky130_ef_io__gpiov2_pad_ss_ff_n40C_1v35_5v50.lib,no
sky130A,,gpiov2_pad_ss_ff_n40C_1v60_5v50,289637,ciel/sky130/versions/d815bb30c9afdf9e264c276a8a2b533108dea3d0/sky130A/libs.ref/sky130_fd_io/lib/sky130_ef_io__gpiov2_pad_ss_ff_n40C_1v60_5v50.lib,no
sky130A,,gpiov2_pad_ss_ss_100C_1v40_1v65,296347,ciel/sky130/versions/d815bb30c9afdf9e264c276a8a2b533108dea3d0/sky130A/libs.ref/sky130_fd_io/lib/sky130_ef_io__gpiov2_pad_ss_ss_100C_1v40_1v65.lib,no
sky130A,,gpiov2_pad_ss_ss_100C_1v60_1v65,295905,ciel/sky130/versions/d815bb30c9afdf9e264c276a8a2b533108dea3d0/sky130A/libs.ref/sky130_fd_io/lib/sky130_ef_io__gpiov2_pad_ss_ss_100C_1v60_1v65.lib,no
sky130A,,gpiov2_pad_ss_ss_100C_1v60_3v00,300013,ciel/sky130/versions/d815bb30c9afdf9e264c276a8a2b533108dea3d0/sky130A/libs.ref/sky130_fd_io/lib/sky130_ef_io__gpiov2_pad_ss_ss_100C_1v60_3v00.lib,no
sky130A,,gpiov2_pad_ss_ss_n40C_1v35_1v65,295245,ciel/sky130/versions/d815bb30c9afdf9e264c276a8a2b533108dea3d0/sky130A/libs.ref/sky130_fd_io/lib/sky130_ef_io__gpiov2_pad_ss_ss_n40C_1v35_1v65.lib,no
sky130A,,gpiov2_pad_ss_ss_n40C_1v40_1v65,296597,ciel/sky130/versions/d815bb30c9afdf9e264c276a8a2b533108dea3d0/sky130A/libs.ref/sky130_fd_io/lib/sky130_ef_io__gpiov2_pad_ss_ss_n40C_1v40_1v65.lib,no
sky130A,,gpiov2_pad_ss_ss_n40C_1v60_1v65,661036,ciel/sky130/versions/d815bb30c9afdf9e264c276a8a2b533108dea3d0/sky130A/libs.ref/sky130_fd_io/lib/sky130_ef_io__gpiov2_pad_ss_ss_n40C_1v60_1v65.lib,no
sky130A,,gpiov2_pad_ss_ss_n40C_1v60_1v65_nointpwr,600227,ciel/sky130/versions/d815bb30c9afdf9e264c276a8a2b533108dea3d0/sky130A/libs.ref/sky130_fd_io/lib/sky130_ef_io__gpiov2_pad_ss_ss_n40C_1v60_1v65_nointpwr.lib,no
sky130A,,gpiov2_pad_tt_tt_025C_1v80_3v30,288391,ciel/sky130/versions/d815bb30c9afdf9e264c276a8a2b533108dea3d0/sky130A/libs.ref/sky130_fd_io/lib/sky130_ef_io__gpiov2_pad_tt_tt_025C_1v80_3v30.lib,no
sky130A,,gpiov2_pad_wrapped_ff_ff_100C_1v95_5v50,289609,ciel/sky130/versions/d815bb30c9afdf9e264c276a8a2b533108dea3d0/sky130A/libs.ref/sky130_fd_io/lib/sky130_ef_io__gpiov2_pad_wrapped_ff_ff_100C_1v95_5v50.lib,no
sky130A,,gpiov2_pad_wrapped_ff_ff_n40C_1v95_5v50,627593,ciel/sky130/versions/d815bb30c9afdf9e264c276a8a2b533108dea3d0/sky130A/libs.ref/sky130_fd_io/lib/sky130_ef_io__gpiov2_pad_wrapped_ff_ff_n40C_1v95_5v50.lib,no
sky130A,,gpiov2_pad_wrapped_ff_ff_n40C_1v95_5v50_nointpwr,569789,ciel/sky130/versions/d815bb30c9afdf9e264c276a8a2b533108dea3d0/sky130A/libs.ref/sky130_fd_io/lib/sky130_ef_io__gpiov2_pad_wrapped_ff_ff_n40C_1v95_5v50_nointpwr.lib,no
sky130A,,gpiov2_pad_wrapped_ff_ss_100C_1v65_1v65,296096,ciel/sky130/versions/d815bb30c9afdf9e264c276a8a2b533108dea3d0/sky130A/libs.ref/sky130_fd_io/lib/sky130_ef_io__gpiov2_pad_wrapped_ff_ss_100C_1v65_1v65.lib,no
sky130A,,gpiov2_pad_wrapped_ff_ss_100C_1v95_1v65,299814,ciel/sky130/versions/d815bb30c9afdf9e264c276a8a2b533108dea3d0/sky130A/libs.ref/sky130_fd_io/lib/sky130_ef_io__gpiov2_pad_wrapped_ff_ss_100C_1v95_1v65.lib,no
sky130A,,gpiov2_pad_wrapped_ff_ss_100C_1v95_1v95,295149,ciel/sky130/versions/d815bb30c9afdf9e264c276a8a2b533108dea3d0/sky130A/libs.ref/sky130_fd_io/lib/sky130_ef_io__gpiov2_pad_wrapped_ff_ss_100C_1v95_1v95.lib,no
sky130A,,gpiov2_pad_wrapped_ff_ss_n40C_1v65_1v65,296126,ciel/sky130/versions/d815bb30c9afdf9e264c276a8a2b533108dea3d0/sky130A/libs.ref/sky130_fd_io/lib/sky130_ef_io__gpiov2_pad_wrapped_ff_ss_n40C_1v65_1v65.lib,no
sky130A,,gpiov2_pad_wrapped_ff_ss_n40C_1v95_1v65,299975,ciel/sky130/versions/d815bb30c9afdf9e264c276a8a2b533108dea3d0/sky130A/libs.ref/sky130_fd_io/lib/sky130_ef_io__gpiov2_pad_wrapped_ff_ss_n40C_1v95_1v65.lib,no
sky130A,,gpiov2_pad_wrapped_ff_ss_n40C_1v95_1v95,295117,ciel/sky130/versions/d815bb30c9afdf9e264c276a8a2b533108dea3d0/sky130A/libs.ref/sky130_fd_io/lib/sky130_ef_io__gpiov2_pad_wrapped_ff_ss_n40C_1v95_1v95.lib,no
sky130A,,gpiov2_pad_wrapped_ss_ff_100C_1v40_5v50,290380,ciel/sky130/versions/d815bb30c9afdf9e264c276a8a2b533108dea3d0/sky130A/libs.ref/sky130_fd_io/lib/sky130_ef_io__gpiov2_pad_wrapped_ss_ff_100C_1v40_5v50.lib,no
sky130A,,gpiov2_pad_wrapped_ss_ff_100C_1v60_5v50,290085,ciel/sky130/versions/d815bb30c9afdf9e264c276a8a2b533108dea3d0/sky130A/libs.ref/sky130_fd_io/lib/sky130_ef_io__gpiov2_pad_wrapped_ss_ff_100C_1v60_5v50.lib,no
sky130A,,gpiov2_pad_wrapped_ss_ff_n40C_1v35_5v50,289978,ciel/sky130/versions/d815bb30c9afdf9e264c276a8a2b533108dea3d0/sky130A/libs.ref/sky130_fd_io/lib/sky130_ef_io__gpiov2_pad_wrapped_ss_ff_n40C_1v35_5v50.lib,no
sky130A,,gpiov2_pad_wrapped_ss_ff_n40C_1v60_5v50,289669,ciel/sky130/versions/d815bb30c9afdf9e264c276a8a2b533108dea3d0/sky130A/libs.ref/sky130_fd_io/lib/sky130_ef_io__gpiov2_pad_wrapped_ss_ff_n40C_1v60_5v50.lib,no
sky130A,,gpiov2_pad_wrapped_ss_ss_100C_1v40_1v65,296379,ciel/sky130/versions/d815bb30c9afdf9e264c276a8a2b533108dea3d0/sky130A/libs.ref/sky130_fd_io/lib/sky130_ef_io__gpiov2_pad_wrapped_ss_ss_100C_1v40_1v65.lib,no
sky130A,,gpiov2_pad_wrapped_ss_ss_100C_1v60_1v65,295937,ciel/sky130/versions/d815bb30c9afdf9e264c276a8a2b533108dea3d0/sky130A/libs.ref/sky130_fd_io/lib/sky130_ef_io__gpiov2_pad_wrapped_ss_ss_100C_1v60_1v65.lib,no
sky130A,,gpiov2_pad_wrapped_ss_ss_100C_1v60_3v00,300045,ciel/sky130/versions/d815bb30c9afdf9e264c276a8a2b533108dea3d0/sky130A/libs.ref/sky130_fd_io/lib/sky130_ef_io__gpiov2_pad_wrapped_ss_ss_100C_1v60_3v00.lib,no
sky130A,,gpiov2_pad_wrapped_ss_ss_n40C_1v35_1v65,295277,ciel/sky130/versions/d815bb30c9afdf9e264c276a8a2b533108dea3d0/sky130A/libs.ref/sky130_fd_io/lib/sky130_ef_io__gpiov2_pad_wrapped_ss_ss_n40C_1v35_1v65.lib,no
sky130A,,gpiov2_pad_wrapped_ss_ss_n40C_1v40_1v65,296629,ciel/sky130/versions/d815bb30c9afdf9e264c276a8a2b533108dea3d0/sky130A/libs.ref/sky130_fd_io/lib/sky130_ef_io__gpiov2_pad_wrapped_ss_ss_n40C_1v40_1v65.lib,no
sky130A,,gpiov2_pad_wrapped_ss_ss_n40C_1v60_1v65,661068,ciel/sky130/versions/d815bb30c9afdf9e264c276a8a2b533108dea3d0/sky130A/libs.ref/sky130_fd_io/lib/sky130_ef_io__gpiov2_pad_wrapped_ss_ss_n40C_1v60_1v65.lib,no
sky130A,,gpiov2_pad_wrapped_ss_ss_n40C_1v60_1v65_nointpwr,600259,ciel/sky130/versions/d815bb30c9afdf9e264c276a8a2b533108dea3d0/sky130A/libs.ref/sky130_fd_io/lib/sky130_ef_io__gpiov2_pad_wrapped_ss_ss_n40C_1v60_1v65_nointpwr.lib,no
sky130A,,gpiov2_pad_wrapped_tt_tt_025C_1v80_3v30,288423,ciel/sky130/versions/d815bb30c9afdf9e264c276a8a2b533108dea3d0/sky130A/libs.ref/sky130_fd_io/lib/sky130_ef_io__gpiov2_pad_wrapped_tt_tt_025C_1v80_3v30.lib,no
sky130A,,vccd_lvc_clamped3_pad_ff_100C_1v95_5v50_1v65,4571,ciel/sky130/versions/d815bb30c9afdf9e264c276a8a2b533108dea3d0/sky130A/libs.ref/sky130_fd_io/lib/sky130_ef_io__vccd_lvc_clamped3_pad_ff_100C_1v95_5v50_1v65.lib,no
sky130A,,vccd_lvc_clamped3_pad_ff_100C_1v95_5v50_5v50,4570,ciel/sky130/versions/d815bb30c9afdf9e264c276a8a2b533108dea3d0/sky130A/libs.ref/sky130_fd_io/lib/sky130_ef_io__vccd_lvc_clamped3_pad_ff_100C_1v95_5v50_5v50.lib,no
sky130A,,vccd_lvc_clamped3_pad_ff_n40C_1v95_5v50_1v65,4569,ciel/sky130/versions/d815bb30c9afdf9e264c276a8a2b533108dea3d0/sky130A/libs.ref/sky130_fd_io/lib/sky130_ef_io__vccd_lvc_clamped3_pad_ff_n40C_1v95_5v50_1v65.lib,no
sky130A,,vccd_lvc_clamped3_pad_ff_n40C_1v95_5v50_5v50,4569,ciel/sky130/versions/d815bb30c9afdf9e264c276a8a2b533108dea3d0/sky130A/libs.ref/sky130_fd_io/lib/sky130_ef_io__vccd_lvc_clamped3_pad_ff_n40C_1v95_5v50_5v50.lib,no
sky130A,,vccd_lvc_clamped3_pad_ff_ss_100C_1v65_1v65_1v65,4577,ciel/sky130/versions/d815bb30c9afdf9e264c276a8a2b533108dea3d0/sky130A/libs.ref/sky130_fd_io/lib/sky130_ef_io__vccd_lvc_clamped3_pad_ff_ss_100C_1v65_1v65_1v65.lib,no
sky130A,,vccd_lvc_clamped3_pad_ff_ss_100C_1v95_1v95_1v65,4577,ciel/sky130/versions/d815bb30c9afdf9e264c276a8a2b533108dea3d0/sky130A/libs.ref/sky130_fd_io/lib/sky130_ef_io__vccd_lvc_clamped3_pad_ff_ss_100C_1v95_1v95_1v65.lib,no
sky130A,,vccd_lvc_clamped3_pad_ff_ss_100C_1v95_1v95_1v95,4577,ciel/sky130/versions/d815bb30c9afdf9e264c276a8a2b533108dea3d0/sky130A/libs.ref/sky130_fd_io/lib/sky130_ef_io__vccd_lvc_clamped3_pad_ff_ss_100C_1v95_1v95_1v95.lib,no
sky130A,,vccd_lvc_clamped3_pad_ff_ss_100C_1v95_5v50_1v65,4577,ciel/sky130/versions/d815bb30c9afdf9e264c276a8a2b533108dea3d0/sky130A/libs.ref/sky130_fd_io/lib/sky130_ef_io__vccd_lvc_clamped3_pad_ff_ss_100C_1v95_5v50_1v65.lib,no
sky130A,,vccd_lvc_clamped3_pad_ff_ss_n40C_1v65_1v65_1v65,4576,ciel/sky130/versions/d815bb30c9afdf9e264c276a8a2b533108dea3d0/sky130A/libs.ref/sky130_fd_io/lib/sky130_ef_io__vccd_lvc_clamped3_pad_ff_ss_n40C_1v65_1v65_1v65.lib,no
sky130A,,vccd_lvc_clamped3_pad_ff_ss_n40C_1v95_1v95_1v65,4576,ciel/sky130/versions/d815bb30c9afdf9e264c276a8a2b533108dea3d0/sky130A/libs.ref/sky130_fd_io/lib/sky130_ef_io__vccd_lvc_clamped3_pad_ff_ss_n40C_1v95_1v95_1v65.lib,no
sky130A,,vccd_lvc_clamped3_pad_ff_ss_n40C_1v95_1v95_1v95,4576,ciel/sky130/versions/d815bb30c9afdf9e264c276a8a2b533108dea3d0/sky130A/libs.ref/sky130_fd_io/lib/sky130_ef_io__vccd_lvc_clamped3_pad_ff_ss_n40C_1v95_1v95_1v95.lib,no
sky130A,,vccd_lvc_clamped3_pad_ff_ss_n40C_1v95_5v50_1v65,4576,ciel/sky130/versions/d815bb30c9afdf9e264c276a8a2b533108dea3d0/sky130A/libs.ref/sky130_fd_io/lib/sky130_ef_io__vccd_lvc_clamped3_pad_ff_ss_n40C_1v95_5v50_1v65.lib,no
sky130A,,vccd_lvc_clamped3_pad_ss_100C_1v40_1v65_1v65,4570,ciel/sky130/versions/d815bb30c9afdf9e264c276a8a2b533108dea3d0/sky130A/libs.ref/sky130_fd_io/lib/sky130_ef_io__vccd_lvc_clamped3_pad_ss_100C_1v40_1v65_1v65.lib,no
sky130A,,vccd_lvc_clamped3_pad_ss_100C_1v60_1v65_1v65,4570,ciel/sky130/versions/d815bb30c9afdf9e264c276a8a2b533108dea3d0/sky130A/libs.ref/sky130_fd_io/lib/sky130_ef_io__vccd_lvc_clamped3_pad_ss_100C_1v60_1v65_1v65.lib,no
sky130A,,vccd_lvc_clamped3_pad_ss_100C_1v60_3v00_3v00,4570,ciel/sky130/versions/d815bb30c9afdf9e264c276a8a2b533108dea3d0/sky130A/libs.ref/sky130_fd_io/lib/sky130_ef_io__vccd_lvc_clamped3_pad_ss_100C_1v60_3v00_3v00.lib,no
sky130A,,vccd_lvc_clamped3_pad_ss_100C_1v60_5v50_1v65,4570,ciel/sky130/versions/d815bb30c9afdf9e264c276a8a2b533108dea3d0/sky130A/libs.ref/sky130_fd_io/lib/sky130_ef_io__vccd_lvc_clamped3_pad_ss_100C_1v60_5v50_1v65.lib,no
sky130A,,vccd_lvc_clamped3_pad_ss_ff_100C_1v40_5v50_5v50,4575,ciel/sky130/versions/d815bb30c9afdf9e264c276a8a2b533108dea3d0/sky130A/libs.ref/sky130_fd_io/lib/sky130_ef_io__vccd_lvc_clamped3_pad_ss_ff_100C_1v40_5v50_5v50.lib,no
sky130A,,vccd_lvc_clamped3_pad_ss_ff_100C_1v60_5v50_1v65,4578,ciel/sky130/versions/d815bb30c9afdf9e264c276a8a2b533108dea3d0/sky130A/libs.ref/sky130_fd_io/lib/sky130_ef_io__vccd_lvc_clamped3_pad_ss_ff_100C_1v60_5v50_1v65.lib,no
sky130A,,vccd_lvc_clamped3_pad_ss_ff_100C_1v60_5v50_5v50,4578,ciel/sky130/versions/d815bb30c9afdf9e264c276a8a2b533108dea3d0/sky130A/libs.ref/sky130_fd_io/lib/sky130_ef_io__vccd_lvc_clamped3_pad_ss_ff_100C_1v60_5v50_5v50.lib,no
sky130A,,vccd_lvc_clamped3_pad_ss_ff_n40C_1v35_5v50_5v50,4575,ciel/sky130/versions/d815bb30c9afdf9e264c276a8a2b533108dea3d0/sky130A/libs.ref/sky130_fd_io/lib/sky130_ef_io__vccd_lvc_clamped3_pad_ss_ff_n40C_1v35_5v50_5v50.lib,no
sky130A,,vccd_lvc_clamped3_pad_ss_ff_n40C_1v60_5v50_1v65,4576,ciel/sky130/versions/d815bb30c9afdf9e264c276a8a2b533108dea3d0/sky130A/libs.ref/sky130_fd_io/lib/sky130_ef_io__vccd_lvc_clamped3_pad_ss_ff_n40C_1v60_5v50_1v65.lib,no
sky130A,,vccd_lvc_clamped3_pad_ss_ff_n40C_1v60_5v50_5v50,4576,ciel/sky130/versions/d815bb30c9afdf9e264c276a8a2b533108dea3d0/sky130A/libs.ref/sky130_fd_io/lib/sky130_ef_io__vccd_lvc_clamped3_pad_ss_ff_n40C_1v60_5v50_5v50.lib,no
sky130A,,vccd_lvc_clamped3_pad_ss_n40C_1v35_1v65_1v65,4569,ciel/sky130/versions/d815bb30c9afdf9e264c276a8a2b533108dea3d0/sky130A/libs.ref/sky130_fd_io/lib/sky130_ef_io__vccd_lvc_clamped3_pad_ss_n40C_1v35_1v65_1v65.lib,no
sky130A,,vccd_lvc_clamped3_pad_ss_n40C_1v40_1v65_1v65,4569,ciel/sky130/versions/d815bb30c9afdf9e264c276a8a2b533108dea3d0/sky130A/libs.ref/sky130_fd_io/lib/sky130_ef_io__vccd_lvc_clamped3_pad_ss_n40C_1v40_1v65_1v65.lib,no
sky130A,,vccd_lvc_clamped3_pad_ss_n40C_1v60_1v65_1v65,4569,ciel/sky130/versions/d815bb30c9afdf9e264c276a8a2b533108dea3d0/sky130A/libs.ref/sky130_fd_io/lib/sky130_ef_io__vccd_lvc_clamped3_pad_ss_n40C_1v60_1v65_1v65.lib,no
sky130A,,vccd_lvc_clamped3_pad_ss_n40C_1v60_5v50_1v65,4569,ciel/sky130/versions/d815bb30c9afdf9e264c276a8a2b533108dea3d0/sky130A/libs.ref/sky130_fd_io/lib/sky130_ef_io__vccd_lvc_clamped3_pad_ss_n40C_1v60_5v50_1v65.lib,no
sky130A,,vccd_lvc_clamped3_pad_tt_025C_1v80_3v30_3v30,4569,ciel/sky130/versions/d815bb30c9afdf9e264c276a8a2b533108dea3d0/sky130A/libs.ref/sky130_fd_io/lib/sky130_ef_io__vccd_lvc_clamped3_pad_tt_025C_1v80_3v30_3v30.lib,no
sky130A,,vccd_lvc_clamped_pad_ff_100C_1v95_5v50_1v65,4344,ciel/sky130/versions/d815bb30c9afdf9e264c276a8a2b533108dea3d0/sky130A/libs.ref/sky130_fd_io/lib/sky130_ef_io__vccd_lvc_clamped_pad_ff_100C_1v95_5v50_1v65.lib,no
sky130A,,vccd_lvc_clamped_pad_ff_100C_1v95_5v50_5v50,4343,ciel/sky130/versions/d815bb30c9afdf9e264c276a8a2b533108dea3d0/sky130A/libs.ref/sky130_fd_io/lib/sky130_ef_io__vccd_lvc_clamped_pad_ff_100C_1v95_5v50_5v50.lib,no
sky130A,,vccd_lvc_clamped_pad_ff_n40C_1v95_5v50_1v65,4342,ciel/sky130/versions/d815bb30c9afdf9e264c276a8a2b533108dea3d0/sky130A/libs.ref/sky130_fd_io/lib/sky130_ef_io__vccd_lvc_clamped_pad_ff_n40C_1v95_5v50_1v65.lib,no
sky130A,,vccd_lvc_clamped_pad_ff_n40C_1v95_5v50_5v50,4342,ciel/sky130/versions/d815bb30c9afdf9e264c276a8a2b533108dea3d0/sky130A/libs.ref/sky130_fd_io/lib/sky130_ef_io__vccd_lvc_clamped_pad_ff_n40C_1v95_5v50_5v50.lib,no
sky130A,,vccd_lvc_clamped_pad_ff_ss_100C_1v65_1v65_1v65,4350,ciel/sky130/versions/d815bb30c9afdf9e264c276a8a2b533108dea3d0/sky130A/libs.ref/sky130_fd_io/lib/sky130_ef_io__vccd_lvc_clamped_pad_ff_ss_100C_1v65_1v65_1v65.lib,no
sky130A,,vccd_lvc_clamped_pad_ff_ss_100C_1v95_1v95_1v65,4350,ciel/sky130/versions/d815bb30c9afdf9e264c276a8a2b533108dea3d0/sky130A/libs.ref/sky130_fd_io/lib/sky130_ef_io__vccd_lvc_clamped_pad_ff_ss_100C_1v95_1v95_1v65.lib,no
sky130A,,vccd_lvc_clamped_pad_ff_ss_100C_1v95_1v95_1v95,4350,ciel/sky130/versions/d815bb30c9afdf9e264c276a8a2b533108dea3d0/sky130A/libs.ref/sky130_fd_io/lib/sky130_ef_io__vccd_lvc_clamped_pad_ff_ss_100C_1v95_1v95_1v95.lib,no
sky130A,,vccd_lvc_clamped_pad_ff_ss_100C_1v95_5v50_1v65,4350,ciel/sky130/versions/d815bb30c9afdf9e264c276a8a2b533108dea3d0/sky130A/libs.ref/sky130_fd_io/lib/sky130_ef_io__vccd_lvc_clamped_pad_ff_ss_100C_1v95_5v50_1v65.lib,no
sky130A,,vccd_lvc_clamped_pad_ff_ss_n40C_1v65_1v65_1v65,4349,ciel/sky130/versions/d815bb30c9afdf9e264c276a8a2b533108dea3d0/sky130A/libs.ref/sky130_fd_io/lib/sky130_ef_io__vccd_lvc_clamped_pad_ff_ss_n40C_1v65_1v65_1v65.lib,no
sky130A,,vccd_lvc_clamped_pad_ff_ss_n40C_1v95_1v95_1v65,4349,ciel/sky130/versions/d815bb30c9afdf9e264c276a8a2b533108dea3d0/sky130A/libs.ref/sky130_fd_io/lib/sky130_ef_io__vccd_lvc_clamped_pad_ff_ss_n40C_1v95_1v95_1v65.lib,no
sky130A,,vccd_lvc_clamped_pad_ff_ss_n40C_1v95_1v95_1v95,4349,ciel/sky130/versions/d815bb30c9afdf9e264c276a8a2b533108dea3d0/sky130A/libs.ref/sky130_fd_io/lib/sky130_ef_io__vccd_lvc_clamped_pad_ff_ss_n40C_1v95_1v95_1v95.lib,no
sky130A,,vccd_lvc_clamped_pad_ff_ss_n40C_1v95_5v50_1v65,4349,ciel/sky130/versions/d815bb30c9afdf9e264c276a8a2b533108dea3d0/sky130A/libs.ref/sky130_fd_io/lib/sky130_ef_io__vccd_lvc_clamped_pad_ff_ss_n40C_1v95_5v50_1v65.lib,no
sky130A,,vccd_lvc_clamped_pad_ss_100C_1v40_1v65_1v65,4343,ciel/sky130/versions/d815bb30c9afdf9e264c276a8a2b533108dea3d0/sky130A/libs.ref/sky130_fd_io/lib/sky130_ef_io__vccd_lvc_clamped_pad_ss_100C_1v40_1v65_1v65.lib,no
sky130A,,vccd_lvc_clamped_pad_ss_100C_1v60_1v65_1v65,4343,ciel/sky130/versions/d815bb30c9afdf9e264c276a8a2b533108dea3d0/sky130A/libs.ref/sky130_fd_io/lib/sky130_ef_io__vccd_lvc_clamped_pad_ss_100C_1v60_1v65_1v65.lib,no
sky130A,,vccd_lvc_clamped_pad_ss_100C_1v60_3v00_3v00,4343,ciel/sky130/versions/d815bb30c9afdf9e264c276a8a2b533108dea3d0/sky130A/libs.ref/sky130_fd_io/lib/sky130_ef_io__vccd_lvc_clamped_pad_ss_100C_1v60_3v00_3v00.lib,no
sky130A,,vccd_lvc_clamped_pad_ss_100C_1v60_5v50_1v65,4343,ciel/sky130/versions/d815bb30c9afdf9e264c276a8a2b533108dea3d0/sky130A/libs.ref/sky130_fd_io/lib/sky130_ef_io__vccd_lvc_clamped_pad_ss_100C_1v60_5v50_1v65.lib,no
sky130A,,vccd_lvc_clamped_pad_ss_ff_100C_1v40_5v50_5v50,4348,ciel/sky130/versions/d815bb30c9afdf9e264c276a8a2b533108dea3d0/sky130A/libs.ref/sky130_fd_io/lib/sky130_ef_io__vccd_lvc_clamped_pad_ss_ff_100C_1v40_5v50_5v50.lib,no
sky130A,,vccd_lvc_clamped_pad_ss_ff_100C_1v60_5v50_1v65,4351,ciel/sky130/versions/d815bb30c9afdf9e264c276a8a2b533108dea3d0/sky130A/libs.ref/sky130_fd_io/lib/sky130_ef_io__vccd_lvc_clamped_pad_ss_ff_100C_1v60_5v50_1v65.lib,no
sky130A,,vccd_lvc_clamped_pad_ss_ff_100C_1v60_5v50_5v50,4351,ciel/sky130/versions/d815bb30c9afdf9e264c276a8a2b533108dea3d0/sky130A/libs.ref/sky130_fd_io/lib/sky130_ef_io__vccd_lvc_clamped_pad_ss_ff_100C_1v60_5v50_5v50.lib,no
sky130A,,vccd_lvc_clamped_pad_ss_ff_n40C_1v35_5v50_5v50,4348,ciel/sky130/versions/d815bb30c9afdf9e264c276a8a2b533108dea3d0/sky130A/libs.ref/sky130_fd_io/lib/sky130_ef_io__vccd_lvc_clamped_pad_ss_ff_n40C_1v35_5v50_5v50.lib,no
sky130A,,vccd_lvc_clamped_pad_ss_ff_n40C_1v60_5v50_1v65,4349,ciel/sky130/versions/d815bb30c9afdf9e264c276a8a2b533108dea3d0/sky130A/libs.ref/sky130_fd_io/lib/sky130_ef_io__vccd_lvc_clamped_pad_ss_ff_n40C_1v60_5v50_1v65.lib,no
sky130A,,vccd_lvc_clamped_pad_ss_ff_n40C_1v60_5v50_5v50,4349,ciel/sky130/versions/d815bb30c9afdf9e264c276a8a2b533108dea3d0/sky130A/libs.ref/sky130_fd_io/lib/sky130_ef_io__vccd_lvc_clamped_pad_ss_ff_n40C_1v60_5v50_5v50.lib,no
sky130A,,vccd_lvc_clamped_pad_ss_n40C_1v35_1v65_1v65,4342,ciel/sky130/versions/d815bb30c9afdf9e264c276a8a2b533108dea3d0/sky130A/libs.ref/sky130_fd_io/lib/sky130_ef_io__vccd_lvc_clamped_pad_ss_n40C_1v35_1v65_1v65.lib,no
sky130A,,vccd_lvc_clamped_pad_ss_n40C_1v40_1v65_1v65,4342,ciel/sky130/versions/d815bb30c9afdf9e264c276a8a2b533108dea3d0/sky130A/libs.ref/sky130_fd_io/lib/sky130_ef_io__vccd_lvc_clamped_pad_ss_n40C_1v40_1v65_1v65.lib,no
sky130A,,vccd_lvc_clamped_pad_ss_n40C_1v60_1v65_1v65,4342,ciel/sky130/versions/d815bb30c9afdf9e264c276a8a2b533108dea3d0/sky130A/libs.ref/sky130_fd_io/lib/sky130_ef_io__vccd_lvc_clamped_pad_ss_n40C_1v60_1v65_1v65.lib,no
sky130A,,vccd_lvc_clamped_pad_ss_n40C_1v60_5v50_1v65,4342,ciel/sky130/versions/d815bb30c9afdf9e264c276a8a2b533108dea3d0/sky130A/libs.ref/sky130_fd_io/lib/sky130_ef_io__vccd_lvc_clamped_pad_ss_n40C_1v60_5v50_1v65.lib,no
sky130A,,vccd_lvc_clamped_pad_tt_025C_1v80_3v30_3v30,4342,ciel/sky130/versions/d815bb30c9afdf9e264c276a8a2b533108dea3d0/sky130A/libs.ref/sky130_fd_io/lib/sky130_ef_io__vccd_lvc_clamped_pad_tt_025C_1v80_3v30_3v30.lib,no
sky130A,,vdda_hvc_clamped_pad_ff_100C_1v95_5v50_1v65,4342,ciel/sky130/versions/d815bb30c9afdf9e264c276a8a2b533108dea3d0/sky130A/libs.ref/sky130_fd_io/lib/sky130_ef_io__vdda_hvc_clamped_pad_ff_100C_1v95_5v50_1v65.lib,no
sky130A,,vdda_hvc_clamped_pad_ff_100C_1v95_5v50_5v50,4340,ciel/sky130/versions/d815bb30c9afdf9e264c276a8a2b533108dea3d0/sky130A/libs.ref/sky130_fd_io/lib/sky130_ef_io__vdda_hvc_clamped_pad_ff_100C_1v95_5v50_5v50.lib,no
sky130A,,vdda_hvc_clamped_pad_ff_n40C_1v95_5v50_1v65,4340,ciel/sky130/versions/d815bb30c9afdf9e264c276a8a2b533108dea3d0/sky130A/libs.ref/sky130_fd_io/lib/sky130_ef_io__vdda_hvc_clamped_pad_ff_n40C_1v95_5v50_1v65.lib,no
sky130A,,vdda_hvc_clamped_pad_ff_n40C_1v95_5v50_5v50,4340,ciel/sky130/versions/d815bb30c9afdf9e264c276a8a2b533108dea3d0/sky130A/libs.ref/sky130_fd_io/lib/sky130_ef_io__vdda_hvc_clamped_pad_ff_n40C_1v95_5v50_5v50.lib,no
sky130A,,vdda_hvc_clamped_pad_ff_ss_100C_1v65_1v65_1v65,4347,ciel/sky130/versions/d815bb30c9afdf9e264c276a8a2b533108dea3d0/sky130A/libs.ref/sky130_fd_io/lib/sky130_ef_io__vdda_hvc_clamped_pad_ff_ss_100C_1v65_1v65_1v65.lib,no
sky130A,,vdda_hvc_clamped_pad_ff_ss_100C_1v95_1v95_1v65,4347,ciel/sky130/versions/d815bb30c9afdf9e264c276a8a2b533108dea3d0/sky130A/libs.ref/sky130_fd_io/lib/sky130_ef_io__vdda_hvc_clamped_pad_ff_ss_100C_1v95_1v95_1v65.lib,no
sky130A,,vdda_hvc_clamped_pad_ff_ss_100C_1v95_1v95_1v95,4347,ciel/sky130/versions/d815bb30c9afdf9e264c276a8a2b533108dea3d0/sky130A/libs.ref/sky130_fd_io/lib/sky130_ef_io__vdda_hvc_clamped_pad_ff_ss_100C_1v95_1v95_1v95.lib,no
sky130A,,vdda_hvc_clamped_pad_ff_ss_100C_1v95_5v50_1v65,4347,ciel/sky130/versions/d815bb30c9afdf9e264c276a8a2b533108dea3d0/sky130A/libs.ref/sky130_fd_io/lib/sky130_ef_io__vdda_hvc_clamped_pad_ff_ss_100C_1v95_5v50_1v65.lib,no
sky130A,,vdda_hvc_clamped_pad_ff_ss_n40C_1v65_1v65_1v65,4345,ciel/sky130/versions/d815bb30c9afdf9e264c276a8a2b533108dea3d0/sky130A/libs.ref/sky130_fd_io/lib/sky130_ef_io__vdda_hvc_clamped_pad_ff_ss_n40C_1v65_1v65_1v65.lib,no
sky130A,,vdda_hvc_clamped_pad_ff_ss_n40C_1v95_1v95_1v65,4345,ciel/sky130/versions/d815bb30c9afdf9e264c276a8a2b533108dea3d0/sky130A/libs.ref/sky130_fd_io/lib/sky130_ef_io__vdda_hvc_clamped_pad_ff_ss_n40C_1v95_1v95_1v65.lib,no
sky130A,,vdda_hvc_clamped_pad_ff_ss_n40C_1v95_1v95_1v95,4345,ciel/sky130/versions/d815bb30c9afdf9e264c276a8a2b533108dea3d0/sky130A/libs.ref/sky130_fd_io/lib/sky130_ef_io__vdda_hvc_clamped_pad_ff_ss_n40C_1v95_1v95_1v95.lib,no
sky130A,,vdda_hvc_clamped_pad_ff_ss_n40C_1v95_5v50_1v65,4345,ciel/sky130/versions/d815bb30c9afdf9e264c276a8a2b533108dea3d0/sky130A/libs.ref/sky130_fd_io/lib/sky130_ef_io__vdda_hvc_clamped_pad_ff_ss_n40C_1v95_5v50_1v65.lib,no
sky130A,,vdda_hvc_clamped_pad_ss_100C_1v40_1v65_1v65,4341,ciel/sky130/versions/d815bb30c9afdf9e264c276a8a2b533108dea3d0/sky130A/libs.ref/sky130_fd_io/lib/sky130_ef_io__vdda_hvc_clamped_pad_ss_100C_1v40_1v65_1v65.lib,no
sky130A,,vdda_hvc_clamped_pad_ss_100C_1v60_1v65_1v65,4341,ciel/sky130/versions/d815bb30c9afdf9e264c276a8a2b533108dea3d0/sky130A/libs.ref/sky130_fd_io/lib/sky130_ef_io__vdda_hvc_clamped_pad_ss_100C_1v60_1v65_1v65.lib,no
sky130A,,vdda_hvc_clamped_pad_ss_100C_1v60_3v00_3v00,4341,ciel/sky130/versions/d815bb30c9afdf9e264c276a8a2b533108dea3d0/sky130A/libs.ref/sky130_fd_io/lib/sky130_ef_io__vdda_hvc_clamped_pad_ss_100C_1v60_3v00_3v00.lib,no
sky130A,,vdda_hvc_clamped_pad_ss_100C_1v60_5v50_1v65,4341,ciel/sky130/versions/d815bb30c9afdf9e264c276a8a2b533108dea3d0/sky130A/libs.ref/sky130_fd_io/lib/sky130_ef_io__vdda_hvc_clamped_pad_ss_100C_1v60_5v50_1v65.lib,no
sky130A,,vdda_hvc_clamped_pad_ss_ff_100C_1v40_5v50_5v50,4346,ciel/sky130/versions/d815bb30c9afdf9e264c276a8a2b533108dea3d0/sky130A/libs.ref/sky130_fd_io/lib/sky130_ef_io__vdda_hvc_clamped_pad_ss_ff_100C_1v40_5v50_5v50.lib,no
sky130A,,vdda_hvc_clamped_pad_ss_ff_100C_1v60_5v50_1v65,4348,ciel/sky130/versions/d815bb30c9afdf9e264c276a8a2b533108dea3d0/sky130A/libs.ref/sky130_fd_io/lib/sky130_ef_io__vdda_hvc_clamped_pad_ss_ff_100C_1v60_5v50_1v65.lib,no
sky130A,,vdda_hvc_clamped_pad_ss_ff_100C_1v60_5v50_5v50,4348,ciel/sky130/versions/d815bb30c9afdf9e264c276a8a2b533108dea3d0/sky130A/libs.ref/sky130_fd_io/lib/sky130_ef_io__vdda_hvc_clamped_pad_ss_ff_100C_1v60_5v50_5v50.lib,no
sky130A,,vdda_hvc_clamped_pad_ss_ff_n40C_1v35_5v50_5v50,4346,ciel/sky130/versions/d815bb30c9afdf9e264c276a8a2b533108dea3d0/sky130A/libs.ref/sky130_fd_io/lib/sky130_ef_io__vdda_hvc_clamped_pad_ss_ff_n40C_1v35_5v50_5v50.lib,no
sky130A,,vdda_hvc_clamped_pad_ss_ff_n40C_1v60_5v50_1v65,4346,ciel/sky130/versions/d815bb30c9afdf9e264c276a8a2b533108dea3d0/sky130A/libs.ref/sky130_fd_io/lib/sky130_ef_io__vdda_hvc_clamped_pad_ss_ff_n40C_1v60_5v50_1v65.lib,no
sky130A,,vdda_hvc_clamped_pad_ss_ff_n40C_1v60_5v50_5v50,4346,ciel/sky130/versions/d815bb30c9afdf9e264c276a8a2b533108dea3d0/sky130A/libs.ref/sky130_fd_io/lib/sky130_ef_io__vdda_hvc_clamped_pad_ss_ff_n40C_1v60_5v50_5v50.lib,no
sky130A,,vdda_hvc_clamped_pad_ss_n40C_1v35_1v65_1v65,4339,ciel/sky130/versions/d815bb30c9afdf9e264c276a8a2b533108dea3d0/sky130A/libs.ref/sky130_fd_io/lib/sky130_ef_io__vdda_hvc_clamped_pad_ss_n40C_1v35_1v65_1v65.lib,no
sky130A,,vdda_hvc_clamped_pad_ss_n40C_1v40_1v65_1v65,4339,ciel/sky130/versions/d815bb30c9afdf9e264c276a8a2b533108dea3d0/sky130A/libs.ref/sky130_fd_io/lib/sky130_ef_io__vdda_hvc_clamped_pad_ss_n40C_1v40_1v65_1v65.lib,no
sky130A,,vdda_hvc_clamped_pad_ss_n40C_1v60_1v65_1v65,4339,ciel/sky130/versions/d815bb30c9afdf9e264c276a8a2b533108dea3d0/sky130A/libs.ref/sky130_fd_io/lib/sky130_ef_io__vdda_hvc_clamped_pad_ss_n40C_1v60_1v65_1v65.lib,no
sky130A,,vdda_hvc_clamped_pad_ss_n40C_1v60_5v50_1v65,4339,ciel/sky130/versions/d815bb30c9afdf9e264c276a8a2b533108dea3d0/sky130A/libs.ref/sky130_fd_io/lib/sky130_ef_io__vdda_hvc_clamped_pad_ss_n40C_1v60_5v50_1v65.lib,no
sky130A,,vdda_hvc_clamped_pad_tt_025C_1v80_3v30_3v30,4336,ciel/sky130/versions/d815bb30c9afdf9e264c276a8a2b533108dea3d0/sky130A/libs.ref/sky130_fd_io/lib/sky130_ef_io__vdda_hvc_clamped_pad_tt_025C_1v80_3v30_3v30.lib,no
sky130A,,vddio_hvc_clamped_pad_ff_100C_1v95_5v50_1v65,4345,ciel/sky130/versions/d815bb30c9afdf9e264c276a8a2b533108dea3d0/sky130A/libs.ref/sky130_fd_io/lib/sky130_ef_io__vddio_hvc_clamped_pad_ff_100C_1v95_5v50_1v65.lib,no
sky130A,,vddio_hvc_clamped_pad_ff_100C_1v95_5v50_5v50,4343,ciel/sky130/versions/d815bb30c9afdf9e264c276a8a2b533108dea3d0/sky130A/libs.ref/sky130_fd_io/lib/sky130_ef_io__vddio_hvc_clamped_pad_ff_100C_1v95_5v50_5v50.lib,no
sky130A,,vddio_hvc_clamped_pad_ff_n40C_1v95_5v50_1v65,4343,ciel/sky130/versions/d815bb30c9afdf9e264c276a8a2b533108dea3d0/sky130A/libs.ref/sky130_fd_io/lib/sky130_ef_io__vddio_hvc_clamped_pad_ff_n40C_1v95_5v50_1v65.lib,no
sky130A,,vddio_hvc_clamped_pad_ff_n40C_1v95_5v50_5v50,4343,ciel/sky130/versions/d815bb30c9afdf9e264c276a8a2b533108dea3d0/sky130A/libs.ref/sky130_fd_io/lib/sky130_ef_io__vddio_hvc_clamped_pad_ff_n40C_1v95_5v50_5v50.lib,no
sky130A,,vddio_hvc_clamped_pad_ff_ss_100C_1v65_1v65_1v65,4349,ciel/sky130/versions/d815bb30c9afdf9e264c276a8a2b533108dea3d0/sky130A/libs.ref/sky130_fd_io/lib/sky130_ef_io__vddio_hvc_clamped_pad_ff_ss_100C_1v65_1v65_1v65.lib,no
sky130A,,vddio_hvc_clamped_pad_ff_ss_100C_1v95_1v95_1v65,4349,ciel/sky130/versions/d815bb30c9afdf9e264c276a8a2b533108dea3d0/sky130A/libs.ref/sky130_fd_io/lib/sky130_ef_io__vddio_hvc_clamped_pad_ff_ss_100C_1v95_1v95_1v65.lib,no
sky130A,,vddio_hvc_clamped_pad_ff_ss_100C_1v95_1v95_1v95,4349,ciel/sky130/versions/d815bb30c9afdf9e264c276a8a2b533108dea3d0/sky130A/libs.ref/sky130_fd_io/lib/sky130_ef_io__vddio_hvc_clamped_pad_ff_ss_100C_1v95_1v95_1v95.lib,no
sky130A,,vddio_hvc_clamped_pad_ff_ss_100C_1v95_5v50_1v65,4349,ciel/sky130/versions/d815bb30c9afdf9e264c276a8a2b533108dea3d0/sky130A/libs.ref/sky130_fd_io/lib/sky130_ef_io__vddio_hvc_clamped_pad_ff_ss_100C_1v95_5v50_1v65.lib,no
sky130A,,vddio_hvc_clamped_pad_ff_ss_n40C_1v65_1v65_1v65,4347,ciel/sky130/versions/d815bb30c9afdf9e264c276a8a2b533108dea3d0/sky130A/libs.ref/sky130_fd_io/lib/sky130_ef_io__vddio_hvc_clamped_pad_ff_ss_n40C_1v65_1v65_1v65.lib,no
sky130A,,vddio_hvc_clamped_pad_ff_ss_n40C_1v95_1v95_1v65,4347,ciel/sky130/versions/d815bb30c9afdf9e264c276a8a2b533108dea3d0/sky130A/libs.ref/sky130_fd_io/lib/sky130_ef_io__vddio_hvc_clamped_pad_ff_ss_n40C_1v95_1v95_1v65.lib,no
sky130A,,vddio_hvc_clamped_pad_ff_ss_n40C_1v95_1v95_1v95,4347,ciel/sky130/versions/d815bb30c9afdf9e264c276a8a2b533108dea3d0/sky130A/libs.ref/sky130_fd_io/lib/sky130_ef_io__vddio_hvc_clamped_pad_ff_ss_n40C_1v95_1v95_1v95.lib,no
sky130A,,vddio_hvc_clamped_pad_ff_ss_n40C_1v95_5v50_1v65,4347,ciel/sky130/versions/d815bb30c9afdf9e264c276a8a2b533108dea3d0/sky130A/libs.ref/sky130_fd_io/lib/sky130_ef_io__vddio_hvc_clamped_pad_ff_ss_n40C_1v95_5v50_1v65.lib,no
sky130A,,vddio_hvc_clamped_pad_ss_100C_1v40_1v65_1v65,4344,ciel/sky130/versions/d815bb30c9afdf9e264c276a8a2b533108dea3d0/sky130A/libs.ref/sky130_fd_io/lib/sky130_ef_io__vddio_hvc_clamped_pad_ss_100C_1v40_1v65_1v65.lib,no
sky130A,,vddio_hvc_clamped_pad_ss_100C_1v60_1v65_1v65,4344,ciel/sky130/versions/d815bb30c9afdf9e264c276a8a2b533108dea3d0/sky130A/libs.ref/sky130_fd_io/lib/sky130_ef_io__vddio_hvc_clamped_pad_ss_100C_1v60_1v65_1v65.lib,no
sky130A,,vddio_hvc_clamped_pad_ss_100C_1v60_3v00_3v00,4344,ciel/sky130/versions/d815bb30c9afdf9e264c276a8a2b533108dea3d0/sky130A/libs.ref/sky130_fd_io/lib/sky130_ef_io__vddio_hvc_clamped_pad_ss_100C_1v60_3v00_3v00.lib,no
sky130A,,vddio_hvc_clamped_pad_ss_100C_1v60_5v50_1v65,4344,ciel/sky130/versions/d815bb30c9afdf9e264c276a8a2b533108dea3d0/sky130A/libs.ref/sky130_fd_io/lib/sky130_ef_io__vddio_hvc_clamped_pad_ss_100C_1v60_5v50_1v65.lib,no
sky130A,,vddio_hvc_clamped_pad_ss_ff_100C_1v40_5v50_5v50,4348,ciel/sky130/versions/d815bb30c9afdf9e264c276a8a2b533108dea3d0/sky130A/libs.ref/sky130_fd_io/lib/sky130_ef_io__vddio_hvc_clamped_pad_ss_ff_100C_1v40_5v50_5v50.lib,no
sky130A,,vddio_hvc_clamped_pad_ss_ff_100C_1v60_5v50_1v65,4350,ciel/sky130/versions/d815bb30c9afdf9e264c276a8a2b533108dea3d0/sky130A/libs.ref/sky130_fd_io/lib/sky130_ef_io__vddio_hvc_clamped_pad_ss_ff_100C_1v60_5v50_1v65.lib,no
sky130A,,vddio_hvc_clamped_pad_ss_ff_100C_1v60_5v50_5v50,4350,ciel/sky130/versions/d815bb30c9afdf9e264c276a8a2b533108dea3d0/sky130A/libs.ref/sky130_fd_io/lib/sky130_ef_io__vddio_hvc_clamped_pad_ss_ff_100C_1v60_5v50_5v50.lib,no
sky130A,,vddio_hvc_clamped_pad_ss_ff_n40C_1v35_5v50_5v50,4348,ciel/sky130/versions/d815bb30c9afdf9e264c276a8a2b533108dea3d0/sky130A/libs.ref/sky130_fd_io/lib/sky130_ef_io__vddio_hvc_clamped_pad_ss_ff_n40C_1v35_5v50_5v50.lib,no
sky130A,,vddio_hvc_clamped_pad_ss_ff_n40C_1v60_5v50_1v65,4348,ciel/sky130/versions/d815bb30c9afdf9e264c276a8a2b533108dea3d0/sky130A/libs.ref/sky130_fd_io/lib/sky130_ef_io__vddio_hvc_clamped_pad_ss_ff_n40C_1v60_5v50_1v65.lib,no
sky130A,,vddio_hvc_clamped_pad_ss_ff_n40C_1v60_5v50_5v50,4348,ciel/sky130/versions/d815bb30c9afdf9e264c276a8a2b533108dea3d0/sky130A/libs.ref/sky130_fd_io/lib/sky130_ef_io__vddio_hvc_clamped_pad_ss_ff_n40C_1v60_5v50_5v50.lib,no
sky130A,,vddio_hvc_clamped_pad_ss_n40C_1v35_1v65_1v65,4342,ciel/sky130/versions/d815bb30c9afdf9e264c276a8a2b533108dea3d0/sky130A/libs.ref/sky130_fd_io/lib/sky130_ef_io__vddio_hvc_clamped_pad_ss_n40C_1v35_1v65_1v65.lib,no
sky130A,,vddio_hvc_clamped_pad_ss_n40C_1v40_1v65_1v65,4342,ciel/sky130/versions/d815bb30c9afdf9e264c276a8a2b533108dea3d0/sky130A/libs.ref/sky130_fd_io/lib/sky130_ef_io__vddio_hvc_clamped_pad_ss_n40C_1v40_1v65_1v65.lib,no
sky130A,,vddio_hvc_clamped_pad_ss_n40C_1v60_1v65_1v65,4342,ciel/sky130/versions/d815bb30c9afdf9e264c276a8a2b533108dea3d0/sky130A/libs.ref/sky130_fd_io/lib/sky130_ef_io__vddio_hvc_clamped_pad_ss_n40C_1v60_1v65_1v65.lib,no
sky130A,,vddio_hvc_clamped_pad_ss_n40C_1v60_5v50_1v65,4342,ciel/sky130/versions/d815bb30c9afdf9e264c276a8a2b533108dea3d0/sky130A/libs.ref/sky130_fd_io/lib/sky130_ef_io__vddio_hvc_clamped_pad_ss_n40C_1v60_5v50_1v65.lib,no
sky130A,,vddio_hvc_clamped_pad_tt_025C_1v80_3v30_3v30,4339,ciel/sky130/versions/d815bb30c9afdf9e264c276a8a2b533108dea3d0/sky130A/libs.ref/sky130_fd_io/lib/sky130_ef_io__vddio_hvc_clamped_pad_tt_025C_1v80_3v30_3v30.lib,no
sky130A,,vssa_hvc_clamped_pad_ff_100C_1v95_5v50_1v65,4342,ciel/sky130/versions/d815bb30c9afdf9e264c276a8a2b533108dea3d0/sky130A/libs.ref/sky130_fd_io/lib/sky130_ef_io__vssa_hvc_clamped_pad_ff_100C_1v95_5v50_1v65.lib,no
sky130A,,vssa_hvc_clamped_pad_ff_100C_1v95_5v50_5v50,4340,ciel/sky130/versions/d815bb30c9afdf9e264c276a8a2b533108dea3d0/sky130A/libs.ref/sky130_fd_io/lib/sky130_ef_io__vssa_hvc_clamped_pad_ff_100C_1v95_5v50_5v50.lib,no
sky130A,,vssa_hvc_clamped_pad_ff_n40C_1v95_5v50_1v65,4340,ciel/sky130/versions/d815bb30c9afdf9e264c276a8a2b533108dea3d0/sky130A/libs.ref/sky130_fd_io/lib/sky130_ef_io__vssa_hvc_clamped_pad_ff_n40C_1v95_5v50_1v65.lib,no
sky130A,,vssa_hvc_clamped_pad_ff_n40C_1v95_5v50_5v50,4340,ciel/sky130/versions/d815bb30c9afdf9e264c276a8a2b533108dea3d0/sky130A/libs.ref/sky130_fd_io/lib/sky130_ef_io__vssa_hvc_clamped_pad_ff_n40C_1v95_5v50_5v50.lib,no
sky130A,,vssa_hvc_clamped_pad_ff_ss_100C_1v65_1v65_1v65,4348,ciel/sky130/versions/d815bb30c9afdf9e264c276a8a2b533108dea3d0/sky130A/libs.ref/sky130_fd_io/lib/sky130_ef_io__vssa_hvc_clamped_pad_ff_ss_100C_1v65_1v65_1v65.lib,no
sky130A,,vssa_hvc_clamped_pad_ff_ss_100C_1v95_1v95_1v65,4348,ciel/sky130/versions/d815bb30c9afdf9e264c276a8a2b533108dea3d0/sky130A/libs.ref/sky130_fd_io/lib/sky130_ef_io__vssa_hvc_clamped_pad_ff_ss_100C_1v95_1v95_1v65.lib,no
sky130A,,vssa_hvc_clamped_pad_ff_ss_100C_1v95_1v95_1v95,4348,ciel/sky130/versions/d815bb30c9afdf9e264c276a8a2b533108dea3d0/sky130A/libs.ref/sky130_fd_io/lib/sky130_ef_io__vssa_hvc_clamped_pad_ff_ss_100C_1v95_1v95_1v95.lib,no
sky130A,,vssa_hvc_clamped_pad_ff_ss_100C_1v95_5v50_1v65,4348,ciel/sky130/versions/d815bb30c9afdf9e264c276a8a2b533108dea3d0/sky130A/libs.ref/sky130_fd_io/lib/sky130_ef_io__vssa_hvc_clamped_pad_ff_ss_100C_1v95_5v50_1v65.lib,no
sky130A,,vssa_hvc_clamped_pad_ff_ss_n40C_1v65_1v65_1v65,4346,ciel/sky130/versions/d815bb30c9afdf9e264c276a8a2b533108dea3d0/sky130A/libs.ref/sky130_fd_io/lib/sky130_ef_io__vssa_hvc_clamped_pad_ff_ss_n40C_1v65_1v65_1v65.lib,no
sky130A,,vssa_hvc_clamped_pad_ff_ss_n40C_1v95_1v95_1v65,4346,ciel/sky130/versions/d815bb30c9afdf9e264c276a8a2b533108dea3d0/sky130A/libs.ref/sky130_fd_io/lib/sky130_ef_io__vssa_hvc_clamped_pad_ff_ss_n40C_1v95_1v95_1v65.lib,no
sky130A,,vssa_hvc_clamped_pad_ff_ss_n40C_1v95_1v95_1v95,4346,ciel/sky130/versions/d815bb30c9afdf9e264c276a8a2b533108dea3d0/sky130A/libs.ref/sky130_fd_io/lib/sky130_ef_io__vssa_hvc_clamped_pad_ff_ss_n40C_1v95_1v95_1v95.lib,no
sky130A,,vssa_hvc_clamped_pad_ff_ss_n40C_1v95_5v50_1v65,4346,ciel/sky130/versions/d815bb30c9afdf9e264c276a8a2b533108dea3d0/sky130A/libs.ref/sky130_fd_io/lib/sky130_ef_io__vssa_hvc_clamped_pad_ff_ss_n40C_1v95_5v50_1v65.lib,no
sky130A,,vssa_hvc_clamped_pad_ss_100C_1v40_1v65_1v65,4341,ciel/sky130/versions/d815bb30c9afdf9e264c276a8a2b533108dea3d0/sky130A/libs.ref/sky130_fd_io/lib/sky130_ef_io__vssa_hvc_clamped_pad_ss_100C_1v40_1v65_1v65.lib,no
sky130A,,vssa_hvc_clamped_pad_ss_100C_1v60_1v65_1v65,4341,ciel/sky130/versions/d815bb30c9afdf9e264c276a8a2b533108dea3d0/sky130A/libs.ref/sky130_fd_io/lib/sky130_ef_io__vssa_hvc_clamped_pad_ss_100C_1v60_1v65_1v65.lib,no
sky130A,,vssa_hvc_clamped_pad_ss_100C_1v60_3v00_3v00,4341,ciel/sky130/versions/d815bb30c9afdf9e264c276a8a2b533108dea3d0/sky130A/libs.ref/sky130_fd_io/lib/sky130_ef_io__vssa_hvc_clamped_pad_ss_100C_1v60_3v00_3v00.lib,no
sky130A,,vssa_hvc_clamped_pad_ss_100C_1v60_5v50_1v65,4341,ciel/sky130/versions/d815bb30c9afdf9e264c276a8a2b533108dea3d0/sky130A/libs.ref/sky130_fd_io/lib/sky130_ef_io__vssa_hvc_clamped_pad_ss_100C_1v60_5v50_1v65.lib,no
sky130A,,vssa_hvc_clamped_pad_ss_ff_100C_1v40_5v50_5v50,4347,ciel/sky130/versions/d815bb30c9afdf9e264c276a8a2b533108dea3d0/sky130A/libs.ref/sky130_fd_io/lib/sky130_ef_io__vssa_hvc_clamped_pad_ss_ff_100C_1v40_5v50_5v50.lib,no
sky130A,,vssa_hvc_clamped_pad_ss_ff_100C_1v60_5v50_1v65,4349,ciel/sky130/versions/d815bb30c9afdf9e264c276a8a2b533108dea3d0/sky130A/libs.ref/sky130_fd_io/lib/sky130_ef_io__vssa_hvc_clamped_pad_ss_ff_100C_1v60_5v50_1v65.lib,no
sky130A,,vssa_hvc_clamped_pad_ss_ff_100C_1v60_5v50_5v50,4349,ciel/sky130/versions/d815bb30c9afdf9e264c276a8a2b533108dea3d0/sky130A/libs.ref/sky130_fd_io/lib/sky130_ef_io__vssa_hvc_clamped_pad_ss_ff_100C_1v60_5v50_5v50.lib,no
sky130A,,vssa_hvc_clamped_pad_ss_ff_n40C_1v35_5v50_5v50,4347,ciel/sky130/versions/d815bb30c9afdf9e264c276a8a2b533108dea3d0/sky130A/libs.ref/sky130_fd_io/lib/sky130_ef_io__vssa_hvc_clamped_pad_ss_ff_n40C_1v35_5v50_5v50.lib,no
sky130A,,vssa_hvc_clamped_pad_ss_ff_n40C_1v60_5v50_1v65,4347,ciel/sky130/versions/d815bb30c9afdf9e264c276a8a2b533108dea3d0/sky130A/libs.ref/sky130_fd_io/lib/sky130_ef_io__vssa_hvc_clamped_pad_ss_ff_n40C_1v60_5v50_1v65.lib,no
sky130A,,vssa_hvc_clamped_pad_ss_ff_n40C_1v60_5v50_5v50,4347,ciel/sky130/versions/d815bb30c9afdf9e264c276a8a2b533108dea3d0/sky130A/libs.ref/sky130_fd_io/lib/sky130_ef_io__vssa_hvc_clamped_pad_ss_ff_n40C_1v60_5v50_5v50.lib,no
sky130A,,vssa_hvc_clamped_pad_ss_n40C_1v35_1v65_1v65,4339,ciel/sky130/versions/d815bb30c9afdf9e264c276a8a2b533108dea3d0/sky130A/libs.ref/sky130_fd_io/lib/sky130_ef_io__vssa_hvc_clamped_pad_ss_n40C_1v35_1v65_1v65.lib,no
sky130A,,vssa_hvc_clamped_pad_ss_n40C_1v40_1v65_1v65,4339,ciel/sky130/versions/d815bb30c9afdf9e264c276a8a2b533108dea3d0/sky130A/libs.ref/sky130_fd_io/lib/sky130_ef_io__vssa_hvc_clamped_pad_ss_n40C_1v40_1v65_1v65.lib,no
sky130A,,vssa_hvc_clamped_pad_ss_n40C_1v60_1v65_1v65,4339,ciel/sky130/versions/d815bb30c9afdf9e264c276a8a2b533108dea3d0/sky130A/libs.ref/sky130_fd_io/lib/sky130_ef_io__vssa_hvc_clamped_pad_ss_n40C_1v60_1v65_1v65.lib,no
sky130A,,vssa_hvc_clamped_pad_ss_n40C_1v60_5v50_1v65,4339,ciel/sky130/versions/d815bb30c9afdf9e264c276a8a2b533108dea3d0/sky130A/libs.ref/sky130_fd_io/lib/sky130_ef_io__vssa_hvc_clamped_pad_ss_n40C_1v60_5v50_1v65.lib,no
sky130A,,vssa_hvc_clamped_pad_tt_025C_1v80_3v30_3v30,4336,ciel/sky130/versions/d815bb30c9afdf9e264c276a8a2b533108dea3d0/sky130A/libs.ref/sky130_fd_io/lib/sky130_ef_io__vssa_hvc_clamped_pad_tt_025C_1v80_3v30_3v30.lib,no
sky130A,,vssd_lvc_clamped3_pad_ff_100C_1v95_5v50,5176,ciel/sky130/versions/d815bb30c9afdf9e264c276a8a2b533108dea3d0/sky130A/libs.ref/sky130_fd_io/lib/sky130_ef_io__vssd_lvc_clamped3_pad_ff_100C_1v95_5v50.lib,no
sky130A,,vssd_lvc_clamped3_pad_ff_100C_1v95_5v50_1v65,4645,ciel/sky130/versions/d815bb30c9afdf9e264c276a8a2b533108dea3d0/sky130A/libs.ref/sky130_fd_io/lib/sky130_ef_io__vssd_lvc_clamped3_pad_ff_100C_1v95_5v50_1v65.lib,no
sky130A,,vssd_lvc_clamped3_pad_ff_n40C_1v95_5v50,5172,ciel/sky130/versions/d815bb30c9afdf9e264c276a8a2b533108dea3d0/sky130A/libs.ref/sky130_fd_io/lib/sky130_ef_io__vssd_lvc_clamped3_pad_ff_n40C_1v95_5v50.lib,no
sky130A,,vssd_lvc_clamped3_pad_ff_n40C_1v95_5v50_1v65,4647,ciel/sky130/versions/d815bb30c9afdf9e264c276a8a2b533108dea3d0/sky130A/libs.ref/sky130_fd_io/lib/sky130_ef_io__vssd_lvc_clamped3_pad_ff_n40C_1v95_5v50_1v65.lib,no
sky130A,,vssd_lvc_clamped3_pad_ff_ss_100C_1v65_1v65_1v65,4652,ciel/sky130/versions/d815bb30c9afdf9e264c276a8a2b533108dea3d0/sky130A/libs.ref/sky130_fd_io/lib/sky130_ef_io__vssd_lvc_clamped3_pad_ff_ss_100C_1v65_1v65_1v65.lib,no
sky130A,,vssd_lvc_clamped3_pad_ff_ss_100C_1v95_1v95_1v65,4652,ciel/sky130/versions/d815bb30c9afdf9e264c276a8a2b533108dea3d0/sky130A/libs.ref/sky130_fd_io/lib/sky130_ef_io__vssd_lvc_clamped3_pad_ff_ss_100C_1v95_1v95_1v65.lib,no
sky130A,,vssd_lvc_clamped3_pad_ff_ss_100C_1v95_1v95_1v95,4652,ciel/sky130/versions/d815bb30c9afdf9e264c276a8a2b533108dea3d0/sky130A/libs.ref/sky130_fd_io/lib/sky130_ef_io__vssd_lvc_clamped3_pad_ff_ss_100C_1v95_1v95_1v95.lib,no
sky130A,,vssd_lvc_clamped3_pad_ff_ss_n40C_1v65_1v65_1v65,4652,ciel/sky130/versions/d815bb30c9afdf9e264c276a8a2b533108dea3d0/sky130A/libs.ref/sky130_fd_io/lib/sky130_ef_io__vssd_lvc_clamped3_pad_ff_ss_n40C_1v65_1v65_1v65.lib,no
sky130A,,vssd_lvc_clamped3_pad_ff_ss_n40C_1v95_1v95_1v65,4652,ciel/sky130/versions/d815bb30c9afdf9e264c276a8a2b533108dea3d0/sky130A/libs.ref/sky130_fd_io/lib/sky130_ef_io__vssd_lvc_clamped3_pad_ff_ss_n40C_1v95_1v95_1v65.lib,no
sky130A,,vssd_lvc_clamped3_pad_ff_ss_n40C_1v95_1v95_1v95,4652,ciel/sky130/versions/d815bb30c9afdf9e264c276a8a2b533108dea3d0/sky130A/libs.ref/sky130_fd_io/lib/sky130_ef_io__vssd_lvc_clamped3_pad_ff_ss_n40C_1v95_1v95_1v95.lib,no
sky130A,,vssd_lvc_clamped3_pad_ss_100C_1v40_1v65,5200,ciel/sky130/versions/d815bb30c9afdf9e264c276a8a2b533108dea3d0/sky130A/libs.ref/sky130_fd_io/lib/sky130_ef_io__vssd_lvc_clamped3_pad_ss_100C_1v40_1v65.lib,no
sky130A,,vssd_lvc_clamped3_pad_ss_100C_1v45_1v65,5216,ciel/sky130/versions/d815bb30c9afdf9e264c276a8a2b533108dea3d0/sky130A/libs.ref/sky130_fd_io/lib/sky130_ef_io__vssd_lvc_clamped3_pad_ss_100C_1v45_1v65.lib,no
sky130A,,vssd_lvc_clamped3_pad_ss_100C_1v60_1v65,5180,ciel/sky130/versions/d815bb30c9afdf9e264c276a8a2b533108dea3d0/sky130A/libs.ref/sky130_fd_io/lib/sky130_ef_io__vssd_lvc_clamped3_pad_ss_100C_1v60_1v65.lib,no
sky130A,,vssd_lvc_clamped3_pad_ss_100C_1v60_3v00,5188,ciel/sky130/versions/d815bb30c9afdf9e264c276a8a2b533108dea3d0/sky130A/libs.ref/sky130_fd_io/lib/sky130_ef_io__vssd_lvc_clamped3_pad_ss_100C_1v60_3v00.lib,no
sky130A,,vssd_lvc_clamped3_pad_ss_100C_1v60_5v50_1v65,4645,ciel/sky130/versions/d815bb30c9afdf9e264c276a8a2b533108dea3d0/sky130A/libs.ref/sky130_fd_io/lib/sky130_ef_io__vssd_lvc_clamped3_pad_ss_100C_1v60_5v50_1v65.lib,no
sky130A,,vssd_lvc_clamped3_pad_ss_100C_1v95_1v95,4555,ciel/sky130/versions/d815bb30c9afdf9e264c276a8a2b533108dea3d0/sky130A/libs.ref/sky130_fd_io/lib/sky130_ef_io__vssd_lvc_clamped3_pad_ss_100C_1v95_1v95.lib,no
sky130A,,vssd_lvc_clamped3_pad_ss_ff_100C_1v40_5v50_5v50,4653,ciel/sky130/versions/d815bb30c9afdf9e264c276a8a2b533108dea3d0/sky130A/libs.ref/sky130_fd_io/lib/sky130_ef_io__vssd_lvc_clamped3_pad_ss_ff_100C_1v40_5v50_5v50.lib,no
sky130A,,vssd_lvc_clamped3_pad_ss_ff_100C_1v60_5v50_5v50,4652,ciel/sky130/versions/d815bb30c9afdf9e264c276a8a2b533108dea3d0/sky130A/libs.ref/sky130_fd_io/lib/sky130_ef_io__vssd_lvc_clamped3_pad_ss_ff_100C_1v60_5v50_5v50.lib,no
sky130A,,vssd_lvc_clamped3_pad_ss_ff_n40C_1v35_5v50_5v50,4652,ciel/sky130/versions/d815bb30c9afdf9e264c276a8a2b533108dea3d0/sky130A/libs.ref/sky130_fd_io/lib/sky130_ef_io__vssd_lvc_clamped3_pad_ss_ff_n40C_1v35_5v50_5v50.lib,no
sky130A,,vssd_lvc_clamped3_pad_ss_ff_n40C_1v60_5v50_5v50,4652,ciel/sky130/versions/d815bb30c9afdf9e264c276a8a2b533108dea3d0/sky130A/libs.ref/sky130_fd_io/lib/sky130_ef_io__vssd_lvc_clamped3_pad_ss_ff_n40C_1v60_5v50_5v50.lib,no
sky130A,,vssd_lvc_clamped3_pad_ss_n40C_1v35_1v65_1v65,4645,ciel/sky130/versions/d815bb30c9afdf9e264c276a8a2b533108dea3d0/sky130A/libs.ref/sky130_fd_io/lib/sky130_ef_io__vssd_lvc_clamped3_pad_ss_n40C_1v35_1v65_1v65.lib,no
sky130A,,vssd_lvc_clamped3_pad_ss_n40C_1v40_1v65,5202,ciel/sky130/versions/d815bb30c9afdf9e264c276a8a2b533108dea3d0/sky130A/libs.ref/sky130_fd_io/lib/sky130_ef_io__vssd_lvc_clamped3_pad_ss_n40C_1v40_1v65.lib,no
sky130A,,vssd_lvc_clamped3_pad_ss_n40C_1v45_1v65,5214,ciel/sky130/versions/d815bb30c9afdf9e264c276a8a2b533108dea3d0/sky130A/libs.ref/sky130_fd_io/lib/sky130_ef_io__vssd_lvc_clamped3_pad_ss_n40C_1v45_1v65.lib,no
sky130A,,vssd_lvc_clamped3_pad_ss_n40C_1v60_1v65,5172,ciel/sky130/versions/d815bb30c9afdf9e264c276a8a2b533108dea3d0/sky130A/libs.ref/sky130_fd_io/lib/sky130_ef_io__vssd_lvc_clamped3_pad_ss_n40C_1v60_1v65.lib,no
sky130A,,vssd_lvc_clamped3_pad_ss_n40C_1v60_5v50_1v65,4645,ciel/sky130/versions/d815bb30c9afdf9e264c276a8a2b533108dea3d0/sky130A/libs.ref/sky130_fd_io/lib/sky130_ef_io__vssd_lvc_clamped3_pad_ss_n40C_1v60_5v50_1v65.lib,no
sky130A,,vssd_lvc_clamped3_pad_ss_n40C_1v95_1v95,4554,ciel/sky130/versions/d815bb30c9afdf9e264c276a8a2b533108dea3d0/sky130A/libs.ref/sky130_fd_io/lib/sky130_ef_io__vssd_lvc_clamped3_pad_ss_n40C_1v95_1v95.lib,no
sky130A,,vssd_lvc_clamped3_pad_tt_025C_1v80_3v30,5172,ciel/sky130/versions/d815bb30c9afdf9e264c276a8a2b533108dea3d0/sky130A/libs.ref/sky130_fd_io/lib/sky130_ef_io__vssd_lvc_clamped3_pad_tt_025C_1v80_3v30.lib,no
sky130A,,vssd_lvc_clamped3_pad_tt_100C_1v80_3v30,5182,ciel/sky130/versions/d815bb30c9afdf9e264c276a8a2b533108dea3d0/sky130A/libs.ref/sky130_fd_io/lib/sky130_ef_io__vssd_lvc_clamped3_pad_tt_100C_1v80_3v30.lib,no
sky130A,,vssd_lvc_clamped_pad_ff_100C_1v95_5v50,4928,ciel/sky130/versions/d815bb30c9afdf9e264c276a8a2b533108dea3d0/sky130A/libs.ref/sky130_fd_io/lib/sky130_ef_io__vssd_lvc_clamped_pad_ff_100C_1v95_5v50.lib,no
sky130A,,vssd_lvc_clamped_pad_ff_100C_1v95_5v50_1v65,4419,ciel/sky130/versions/d815bb30c9afdf9e264c276a8a2b533108dea3d0/sky130A/libs.ref/sky130_fd_io/lib/sky130_ef_io__vssd_lvc_clamped_pad_ff_100C_1v95_5v50_1v65.lib,no
sky130A,,vssd_lvc_clamped_pad_ff_n40C_1v95_5v50,4924,ciel/sky130/versions/d815bb30c9afdf9e264c276a8a2b533108dea3d0/sky130A/libs.ref/sky130_fd_io/lib/sky130_ef_io__vssd_lvc_clamped_pad_ff_n40C_1v95_5v50.lib,no
sky130A,,vssd_lvc_clamped_pad_ff_n40C_1v95_5v50_1v65,4421,ciel/sky130/versions/d815bb30c9afdf9e264c276a8a2b533108dea3d0/sky130A/libs.ref/sky130_fd_io/lib/sky130_ef_io__vssd_lvc_clamped_pad_ff_n40C_1v95_5v50_1v65.lib,no
sky130A,,vssd_lvc_clamped_pad_ff_ss_100C_1v65_1v65_1v65,4426,ciel/sky130/versions/d815bb30c9afdf9e264c276a8a2b533108dea3d0/sky130A/libs.ref/sky130_fd_io/lib/sky130_ef_io__vssd_lvc_clamped_pad_ff_ss_100C_1v65_1v65_1v65.lib,no
sky130A,,vssd_lvc_clamped_pad_ff_ss_100C_1v95_1v95_1v65,4426,ciel/sky130/versions/d815bb30c9afdf9e264c276a8a2b533108dea3d0/sky130A/libs.ref/sky130_fd_io/lib/sky130_ef_io__vssd_lvc_clamped_pad_ff_ss_100C_1v95_1v95_1v65.lib,no
sky130A,,vssd_lvc_clamped_pad_ff_ss_100C_1v95_1v95_1v95,4426,ciel/sky130/versions/d815bb30c9afdf9e264c276a8a2b533108dea3d0/sky130A/libs.ref/sky130_fd_io/lib/sky130_ef_io__vssd_lvc_clamped_pad_ff_ss_100C_1v95_1v95_1v95.lib,no
sky130A,,vssd_lvc_clamped_pad_ff_ss_n40C_1v65_1v65_1v65,4426,ciel/sky130/versions/d815bb30c9afdf9e264c276a8a2b533108dea3d0/sky130A/libs.ref/sky130_fd_io/lib/sky130_ef_io__vssd_lvc_clamped_pad_ff_ss_n40C_1v65_1v65_1v65.lib,no
sky130A,,vssd_lvc_clamped_pad_ff_ss_n40C_1v95_1v95_1v65,4426,ciel/sky130/versions/d815bb30c9afdf9e264c276a8a2b533108dea3d0/sky130A/libs.ref/sky130_fd_io/lib/sky130_ef_io__vssd_lvc_clamped_pad_ff_ss_n40C_1v95_1v95_1v65.lib,no
sky130A,,vssd_lvc_clamped_pad_ff_ss_n40C_1v95_1v95_1v95,4426,ciel/sky130/versions/d815bb30c9afdf9e264c276a8a2b533108dea3d0/sky130A/libs.ref/sky130_fd_io/lib/sky130_ef_io__vssd_lvc_clamped_pad_ff_ss_n40C_1v95_1v95_1v95.lib,no
sky130A,,vssd_lvc_clamped_pad_ss_100C_1v40_1v65,4952,ciel/sky130/versions/d815bb30c9afdf9e264c276a8a2b533108dea3d0/sky130A/libs.ref/sky130_fd_io/lib/sky130_ef_io__vssd_lvc_clamped_pad_ss_100C_1v40_1v65.lib,no
sky130A,,vssd_lvc_clamped_pad_ss_100C_1v45_1v65,4968,ciel/sky130/versions/d815bb30c9afdf9e264c276a8a2b533108dea3d0/sky130A/libs.ref/sky130_fd_io/lib/sky130_ef_io__vssd_lvc_clamped_pad_ss_100C_1v45_1v65.lib,no
sky130A,,vssd_lvc_clamped_pad_ss_100C_1v60_1v65,4932,ciel/sky130/versions/d815bb30c9afdf9e264c276a8a2b533108dea3d0/sky130A/libs.ref/sky130_fd_io/lib/sky130_ef_io__vssd_lvc_clamped_pad_ss_100C_1v60_1v65.lib,no
sky130A,,vssd_lvc_clamped_pad_ss_100C_1v60_3v00,4940,ciel/sky130/versions/d815bb30c9afdf9e264c276a8a2b533108dea3d0/sky130A/libs.ref/sky130_fd_io/lib/sky130_ef_io__vssd_lvc_clamped_pad_ss_100C_1v60_3v00.lib,no
sky130A,,vssd_lvc_clamped_pad_ss_100C_1v60_5v50_1v65,4419,ciel/sky130/versions/d815bb30c9afdf9e264c276a8a2b533108dea3d0/sky130A/libs.ref/sky130_fd_io/lib/sky130_ef_io__vssd_lvc_clamped_pad_ss_100C_1v60_5v50_1v65.lib,no
sky130A,,vssd_lvc_clamped_pad_ss_100C_1v95_1v95,4328,ciel/sky130/versions/d815bb30c9afdf9e264c276a8a2b533108dea3d0/sky130A/libs.ref/sky130_fd_io/lib/sky130_ef_io__vssd_lvc_clamped_pad_ss_100C_1v95_1v95.lib,no
sky130A,,vssd_lvc_clamped_pad_ss_ff_100C_1v40_5v50_5v50,4427,ciel/sky130/versions/d815bb30c9afdf9e264c276a8a2b533108dea3d0/sky130A/libs.ref/sky130_fd_io/lib/sky130_ef_io__vssd_lvc_clamped_pad_ss_ff_100C_1v40_5v50_5v50.lib,no
sky130A,,vssd_lvc_clamped_pad_ss_ff_100C_1v60_5v50_5v50,4426,ciel/sky130/versions/d815bb30c9afdf9e264c276a8a2b533108dea3d0/sky130A/libs.ref/sky130_fd_io/lib/sky130_ef_io__vssd_lvc_clamped_pad_ss_ff_100C_1v60_5v50_5v50.lib,no
sky130A,,vssd_lvc_clamped_pad_ss_ff_n40C_1v35_5v50_5v50,4426,ciel/sky130/versions/d815bb30c9afdf9e264c276a8a2b533108dea3d0/sky130A/libs.ref/sky130_fd_io/lib/sky130_ef_io__vssd_lvc_clamped_pad_ss_ff_n40C_1v35_5v50_5v50.lib,no
sky130A,,vssd_lvc_clamped_pad_ss_ff_n40C_1v60_5v50_5v50,4426,ciel/sky130/versions/d815bb30c9afdf9e264c276a8a2b533108dea3d0/sky130A/libs.ref/sky130_fd_io/lib/sky130_ef_io__vssd_lvc_clamped_pad_ss_ff_n40C_1v60_5v50_5v50.lib,no
sky130A,,vssd_lvc_clamped_pad_ss_n40C_1v35_1v65_1v65,4419,ciel/sky130/versions/d815bb30c9afdf9e264c276a8a2b533108dea3d0/sky130A/libs.ref/sky130_fd_io/lib/sky130_ef_io__vssd_lvc_clamped_pad_ss_n40C_1v35_1v65_1v65.lib,no
sky130A,,vssd_lvc_clamped_pad_ss_n40C_1v40_1v65,4954,ciel/sky130/versions/d815bb30c9afdf9e264c276a8a2b533108dea3d0/sky130A/libs.ref/sky130_fd_io/lib/sky130_ef_io__vssd_lvc_clamped_pad_ss_n40C_1v40_1v65.lib,no
sky130A,,vssd_lvc_clamped_pad_ss_n40C_1v45_1v65,4966,ciel/sky130/versions/d815bb30c9afdf9e264c276a8a2b533108dea3d0/sky130A/libs.ref/sky130_fd_io/lib/sky130_ef_io__vssd_lvc_clamped_pad_ss_n40C_1v45_1v65.lib,no
sky130A,,vssd_lvc_clamped_pad_ss_n40C_1v60_1v65,4924,ciel/sky130/versions/d815bb30c9afdf9e264c276a8a2b533108dea3d0/sky130A/libs.ref/sky130_fd_io/lib/sky130_ef_io__vssd_lvc_clamped_pad_ss_n40C_1v60_1v65.lib,no
sky130A,,vssd_lvc_clamped_pad_ss_n40C_1v60_5v50_1v65,4419,ciel/sky130/versions/d815bb30c9afdf9e264c276a8a2b533108dea3d0/sky130A/libs.ref/sky130_fd_io/lib/sky130_ef_io__vssd_lvc_clamped_pad_ss_n40C_1v60_5v50_1v65.lib,no
sky130A,,vssd_lvc_clamped_pad_ss_n40C_1v95_1v95,4327,ciel/sky130/versions/d815bb30c9afdf9e264c276a8a2b533108dea3d0/sky130A/libs.ref/sky130_fd_io/lib/sky130_ef_io__vssd_lvc_clamped_pad_ss_n40C_1v95_1v95.lib,no
sky130A,,vssd_lvc_clamped_pad_tt_025C_1v80_3v30,4924,ciel/sky130/versions/d815bb30c9afdf9e264c276a8a2b533108dea3d0/sky130A/libs.ref/sky130_fd_io/lib/sky130_ef_io__vssd_lvc_clamped_pad_tt_025C_1v80_3v30.lib,no
sky130A,,vssd_lvc_clamped_pad_tt_100C_1v80_3v30,4934,ciel/sky130/versions/d815bb30c9afdf9e264c276a8a2b533108dea3d0/sky130A/libs.ref/sky130_fd_io/lib/sky130_ef_io__vssd_lvc_clamped_pad_tt_100C_1v80_3v30.lib,no
sky130A,,vssio_hvc_clamped_pad_ff_100C_1v95_5v50_1v65,4345,ciel/sky130/versions/d815bb30c9afdf9e264c276a8a2b533108dea3d0/sky130A/libs.ref/sky130_fd_io/lib/sky130_ef_io__vssio_hvc_clamped_pad_ff_100C_1v95_5v50_1v65.lib,no
sky130A,,vssio_hvc_clamped_pad_ff_100C_1v95_5v50_5v50,4343,ciel/sky130/versions/d815bb30c9afdf9e264c276a8a2b533108dea3d0/sky130A/libs.ref/sky130_fd_io/lib/sky130_ef_io__vssio_hvc_clamped_pad_ff_100C_1v95_5v50_5v50.lib,no
sky130A,,vssio_hvc_clamped_pad_ff_n40C_1v95_5v50_1v65,4343,ciel/sky130/versions/d815bb30c9afdf9e264c276a8a2b533108dea3d0/sky130A/libs.ref/sky130_fd_io/lib/sky130_ef_io__vssio_hvc_clamped_pad_ff_n40C_1v95_5v50_1v65.lib,no
sky130A,,vssio_hvc_clamped_pad_ff_n40C_1v95_5v50_5v50,4343,ciel/sky130/versions/d815bb30c9afdf9e264c276a8a2b533108dea3d0/sky130A/libs.ref/sky130_fd_io/lib/sky130_ef_io__vssio_hvc_clamped_pad_ff_n40C_1v95_5v50_5v50.lib,no
sky130A,,vssio_hvc_clamped_pad_ff_ss_100C_1v65_1v65_1v65,4351,ciel/sky130/versions/d815bb30c9afdf9e264c276a8a2b533108dea3d0/sky130A/libs.ref/sky130_fd_io/lib/sky130_ef_io__vssio_hvc_clamped_pad_ff_ss_100C_1v65_1v65_1v65.lib,no
sky130A,,vssio_hvc_clamped_pad_ff_ss_100C_1v95_1v95_1v65,4351,ciel/sky130/versions/d815bb30c9afdf9e264c276a8a2b533108dea3d0/sky130A/libs.ref/sky130_fd_io/lib/sky130_ef_io__vssio_hvc_clamped_pad_ff_ss_100C_1v95_1v95_1v65.lib,no
sky130A,,vssio_hvc_clamped_pad_ff_ss_100C_1v95_1v95_1v95,4351,ciel/sky130/versions/d815bb30c9afdf9e264c276a8a2b533108dea3d0/sky130A/libs.ref/sky130_fd_io/lib/sky130_ef_io__vssio_hvc_clamped_pad_ff_ss_100C_1v95_1v95_1v95.lib,no
sky130A,,vssio_hvc_clamped_pad_ff_ss_100C_1v95_5v50_1v65,4351,ciel/sky130/versions/d815bb30c9afdf9e264c276a8a2b533108dea3d0/sky130A/libs.ref/sky130_fd_io/lib/sky130_ef_io__vssio_hvc_clamped_pad_ff_ss_100C_1v95_5v50_1v65.lib,no
sky130A,,vssio_hvc_clamped_pad_ff_ss_n40C_1v65_1v65_1v65,4349,ciel/sky130/versions/d815bb30c9afdf9e264c276a8a2b533108dea3d0/sky130A/libs.ref/sky130_fd_io/lib/sky130_ef_io__vssio_hvc_clamped_pad_ff_ss_n40C_1v65_1v65_1v65.lib,no
sky130A,,vssio_hvc_clamped_pad_ff_ss_n40C_1v95_1v95_1v65,4349,ciel/sky130/versions/d815bb30c9afdf9e264c276a8a2b533108dea3d0/sky130A/libs.ref/sky130_fd_io/lib/sky130_ef_io__vssio_hvc_clamped_pad_ff_ss_n40C_1v95_1v95_1v65.lib,no
sky130A,,vssio_hvc_clamped_pad_ff_ss_n40C_1v95_1v95_1v95,4349,ciel/sky130/versions/d815bb30c9afdf9e264c276a8a2b533108dea3d0/sky130A/libs.ref/sky130_fd_io/lib/sky130_ef_io__vssio_hvc_clamped_pad_ff_ss_n40C_1v95_1v95_1v95.lib,no
sky130A,,vssio_hvc_clamped_pad_ff_ss_n40C_1v95_5v50_1v65,4349,ciel/sky130/versions/d815bb30c9afdf9e264c276a8a2b533108dea3d0/sky130A/libs.ref/sky130_fd_io/lib/sky130_ef_io__vssio_hvc_clamped_pad_ff_ss_n40C_1v95_5v50_1v65.lib,no
sky130A,,vssio_hvc_clamped_pad_ss_100C_1v40_1v65_1v65,4344,ciel/sky130/versions/d815bb30c9afdf9e264c276a8a2b533108dea3d0/sky130A/libs.ref/sky130_fd_io/lib/sky130_ef_io__vssio_hvc_clamped_pad_ss_100C_1v40_1v65_1v65.lib,no
sky130A,,vssio_hvc_clamped_pad_ss_100C_1v60_1v65_1v65,4344,ciel/sky130/versions/d815bb30c9afdf9e264c276a8a2b533108dea3d0/sky130A/libs.ref/sky130_fd_io/lib/sky130_ef_io__vssio_hvc_clamped_pad_ss_100C_1v60_1v65_1v65.lib,no
sky130A,,vssio_hvc_clamped_pad_ss_100C_1v60_3v00_3v00,4344,ciel/sky130/versions/d815bb30c9afdf9e264c276a8a2b533108dea3d0/sky130A/libs.ref/sky130_fd_io/lib/sky130_ef_io__vssio_hvc_clamped_pad_ss_100C_1v60_3v00_3v00.lib,no
sky130A,,vssio_hvc_clamped_pad_ss_100C_1v60_5v50_1v65,4344,ciel/sky130/versions/d815bb30c9afdf9e264c276a8a2b533108dea3d0/sky130A/libs.ref/sky130_fd_io/lib/sky130_ef_io__vssio_hvc_clamped_pad_ss_100C_1v60_5v50_1v65.lib,no
sky130A,,vssio_hvc_clamped_pad_ss_ff_100C_1v40_5v50_5v50,4350,ciel/sky130/versions/d815bb30c9afdf9e264c276a8a2b533108dea3d0/sky130A/libs.ref/sky130_fd_io/lib/sky130_ef_io__vssio_hvc_clamped_pad_ss_ff_100C_1v40_5v50_5v50.lib,no
sky130A,,vssio_hvc_clamped_pad_ss_ff_100C_1v60_5v50_1v65,4352,ciel/sky130/versions/d815bb30c9afdf9e264c276a8a2b533108dea3d0/sky130A/libs.ref/sky130_fd_io/lib/sky130_ef_io__vssio_hvc_clamped_pad_ss_ff_100C_1v60_5v50_1v65.lib,no
sky130A,,vssio_hvc_clamped_pad_ss_ff_100C_1v60_5v50_5v50,4352,ciel/sky130/versions/d815bb30c9afdf9e264c276a8a2b533108dea3d0/sky130A/libs.ref/sky130_fd_io/lib/sky130_ef_io__vssio_hvc_clamped_pad_ss_ff_100C_1v60_5v50_5v50.lib,no
sky130A,,vssio_hvc_clamped_pad_ss_ff_n40C_1v35_5v50_5v50,4350,ciel/sky130/versions/d815bb30c9afdf9e264c276a8a2b533108dea3d0/sky130A/libs.ref/sky130_fd_io/lib/sky130_ef_io__vssio_hvc_clamped_pad_ss_ff_n40C_1v35_5v50_5v50.lib,no
sky130A,,vssio_hvc_clamped_pad_ss_ff_n40C_1v60_5v50_1v65,4350,ciel/sky130/versions/d815bb30c9afdf9e264c276a8a2b533108dea3d0/sky130A/libs.ref/sky130_fd_io/lib/sky130_ef_io__vssio_hvc_clamped_pad_ss_ff_n40C_1v60_5v50_1v65.lib,no
sky130A,,vssio_hvc_clamped_pad_ss_ff_n40C_1v60_5v50_5v50,4350,ciel/sky130/versions/d815bb30c9afdf9e264c276a8a2b533108dea3d0/sky130A/libs.ref/sky130_fd_io/lib/sky130_ef_io__vssio_hvc_clamped_pad_ss_ff_n40C_1v60_5v50_5v50.lib,no
sky130A,,vssio_hvc_clamped_pad_ss_n40C_1v35_1v65_1v65,4342,ciel/sky130/versions/d815bb30c9afdf9e264c276a8a2b533108dea3d0/sky130A/libs.ref/sky130_fd_io/lib/sky130_ef_io__vssio_hvc_clamped_pad_ss_n40C_1v35_1v65_1v65.lib,no
sky130A,,vssio_hvc_clamped_pad_ss_n40C_1v40_1v65_1v65,4342,ciel/sky130/versions/d815bb30c9afdf9e264c276a8a2b533108dea3d0/sky130A/libs.ref/sky130_fd_io/lib/sky130_ef_io__vssio_hvc_clamped_pad_ss_n40C_1v40_1v65_1v65.lib,no
sky130A,,vssio_hvc_clamped_pad_ss_n40C_1v60_1v65_1v65,4342,ciel/sky130/versions/d815bb30c9afdf9e264c276a8a2b533108dea3d0/sky130A/libs.ref/sky130_fd_io/lib/sky130_ef_io__vssio_hvc_clamped_pad_ss_n40C_1v60_1v65_1v65.lib,no
sky130A,,vssio_hvc_clamped_pad_ss_n40C_1v60_5v50_1v65,4342,ciel/sky130/versions/d815bb30c9afdf9e264c276a8a2b533108dea3d0/sky130A/libs.ref/sky130_fd_io/lib/sky130_ef_io__vssio_hvc_clamped_pad_ss_n40C_1v60_5v50_1v65.lib,no
sky130A,,vssio_hvc_clamped_pad_tt_025C_1v80_3v30_3v30,4339,ciel/sky130/versions/d815bb30c9afdf9e264c276a8a2b533108dea3d0/sky130A/libs.ref/sky130_fd_io/lib/sky130_ef_io__vssio_hvc_clamped_pad_tt_025C_1v80_3v30_3v30.lib,no
sky130A,,top_amuxsplitv2_ff_ff_100C_1v95_1v65,12745,ciel/sky130/versions/d815bb30c9afdf9e264c276a8a2b533108dea3d0/sky130A/libs.ref/sky130_fd_io/lib/sky130_fd_io__top_amuxsplitv2_ff_ff_100C_1v95_1v65.lib,no
sky130A,,top_amuxsplitv2_ff_ff_100C_1v95_5v50,12745,ciel/sky130/versions/d815bb30c9afdf9e264c276a8a2b533108dea3d0/sky130A/libs.ref/sky130_fd_io/lib/sky130_fd_io__top_amuxsplitv2_ff_ff_100C_1v95_5v50.lib,no
sky130A,,top_amuxsplitv2_ff_ff_n40C_1v95_1v65,12745,ciel/sky130/versions/d815bb30c9afdf9e264c276a8a2b533108dea3d0/sky130A/libs.ref/sky130_fd_io/lib/sky130_fd_io__top_amuxsplitv2_ff_ff_n40C_1v95_1v65.lib,no
sky130A,,top_amuxsplitv2_ff_ff_n40C_1v95_5v50,12817,ciel/sky130/versions/d815bb30c9afdf9e264c276a8a2b533108dea3d0/sky130A/libs.ref/sky130_fd_io/lib/sky130_fd_io__top_amuxsplitv2_ff_ff_n40C_1v95_5v50.lib,no
sky130A,,top_amuxsplitv2_ff_ss_100C_1v65_1v65,12745,ciel/sky130/versions/d815bb30c9afdf9e264c276a8a2b533108dea3d0/sky130A/libs.ref/sky130_fd_io/lib/sky130_fd_io__top_amuxsplitv2_ff_ss_100C_1v65_1v65.lib,no
sky130A,,top_amuxsplitv2_ff_ss_100C_1v95_1v65,12745,ciel/sky130/versions/d815bb30c9afdf9e264c276a8a2b533108dea3d0/sky130A/libs.ref/sky130_fd_io/lib/sky130_fd_io__top_amuxsplitv2_ff_ss_100C_1v95_1v65.lib,no
sky130A,,top_amuxsplitv2_ff_ss_100C_1v95_1v95,12745,ciel/sky130/versions/d815bb30c9afdf9e264c276a8a2b533108dea3d0/sky130A/libs.ref/sky130_fd_io/lib/sky130_fd_io__top_amuxsplitv2_ff_ss_100C_1v95_1v95.lib,no
sky130A,,top_amuxsplitv2_ff_ss_n40C_1v65_1v65,12745,ciel/sky130/versions/d815bb30c9afdf9e264c276a8a2b533108dea3d0/sky130A/libs.ref/sky130_fd_io/lib/sky130_fd_io__top_amuxsplitv2_ff_ss_n40C_1v65_1v65.lib,no
sky130A,,top_amuxsplitv2_ff_ss_n40C_1v95_1v65,12745,ciel/sky130/versions/d815bb30c9afdf9e264c276a8a2b533108dea3d0/sky130A/libs.ref/sky130_fd_io/lib/sky130_fd_io__top_amuxsplitv2_ff_ss_n40C_1v95_1v65.lib,no
sky130A,,top_amuxsplitv2_ff_ss_n40C_1v95_1v95,12745,ciel/sky130/versions/d815bb30c9afdf9e264c276a8a2b533108dea3d0/sky130A/libs.ref/sky130_fd_io/lib/sky130_fd_io__top_amuxsplitv2_ff_ss_n40C_1v95_1v95.lib,no
sky130A,,top_amuxsplitv2_ss_ff_100C_1v40_5v50,12745,ciel/sky130/versions/d815bb30c9afdf9e264c276a8a2b533108dea3d0/sky130A/libs.ref/sky130_fd_io/lib/sky130_fd_io__top_amuxsplitv2_ss_ff_100C_1v40_5v50.lib,no
sky130A,,top_amuxsplitv2_ss_ff_100C_1v60_1v65,12745,ciel/sky130/versions/d815bb30c9afdf9e264c276a8a2b533108dea3d0/sky130A/libs.ref/sky130_fd_io/lib/sky130_fd_io__top_amuxsplitv2_ss_ff_100C_1v60_1v65.lib,no
sky130A,,top_amuxsplitv2_ss_ff_100C_1v60_5v50,12745,ciel/sky130/versions/d815bb30c9afdf9e264c276a8a2b533108dea3d0/sky130A/libs.ref/sky130_fd_io/lib/sky130_fd_io__top_amuxsplitv2_ss_ff_100C_1v60_5v50.lib,no
sky130A,,top_amuxsplitv2_ss_ff_n40C_1v35_5v50,12745,ciel/sky130/versions/d815bb30c9afdf9e264c276a8a2b533108dea3d0/sky130A/libs.ref/sky130_fd_io/lib/sky130_fd_io__top_amuxsplitv2_ss_ff_n40C_1v35_5v50.lib,no
sky130A,,top_amuxsplitv2_ss_ff_n40C_1v60_1v65,12745,ciel/sky130/versions/d815bb30c9afdf9e264c276a8a2b533108dea3d0/sky130A/libs.ref/sky130_fd_io/lib/sky130_fd_io__top_amuxsplitv2_ss_ff_n40C_1v60_1v65.lib,no
sky130A,,top_amuxsplitv2_ss_ff_n40C_1v60_5v50,12745,ciel/sky130/versions/d815bb30c9afdf9e264c276a8a2b533108dea3d0/sky130A/libs.ref/sky130_fd_io/lib/sky130_fd_io__top_amuxsplitv2_ss_ff_n40C_1v60_5v50.lib,no
sky130A,,top_amuxsplitv2_ss_ss_100C_1v40_1v65,12745,ciel/sky130/versions/d815bb30c9afdf9e264c276a8a2b533108dea3d0/sky130A/libs.ref/sky130_fd_io/lib/sky130_fd_io__top_amuxsplitv2_ss_ss_100C_1v40_1v65.lib,no
sky130A,,top_amuxsplitv2_ss_ss_100C_1v60_1v65,12745,ciel/sky130/versions/d815bb30c9afdf9e264c276a8a2b533108dea3d0/sky130A/libs.ref/sky130_fd_io/lib/sky130_fd_io__top_amuxsplitv2_ss_ss_100C_1v60_1v65.lib,no
sky130A,,top_amuxsplitv2_ss_ss_100C_1v60_3v00,12745,ciel/sky130/versions/d815bb30c9afdf9e264c276a8a2b533108dea3d0/sky130A/libs.ref/sky130_fd_io/lib/sky130_fd_io__top_amuxsplitv2_ss_ss_100C_1v60_3v00.lib,no
sky130A,,top_amuxsplitv2_ss_ss_n40C_1v35_1v65,12724,ciel/sky130/versions/d815bb30c9afdf9e264c276a8a2b533108dea3d0/sky130A/libs.ref/sky130_fd_io/lib/sky130_fd_io__top_amuxsplitv2_ss_ss_n40C_1v35_1v65.lib,no
sky130A,,top_amuxsplitv2_ss_ss_n40C_1v40_1v65,12745,ciel/sky130/versions/d815bb30c9afdf9e264c276a8a2b533108dea3d0/sky130A/libs.ref/sky130_fd_io/lib/sky130_fd_io__top_amuxsplitv2_ss_ss_n40C_1v40_1v65.lib,no
sky130A,,top_amuxsplitv2_ss_ss_n40C_1v60_1v65,12818,ciel/sky130/versions/d815bb30c9afdf9e264c276a8a2b533108dea3d0/sky130A/libs.ref/sky130_fd_io/lib/sky130_fd_io__top_amuxsplitv2_ss_ss_n40C_1v60_1v65.lib,no
sky130A,,top_amuxsplitv2_tt_tt_025C_1v80_3v30,12745,ciel/sky130/versions/d815bb30c9afdf9e264c276a8a2b533108dea3d0/sky130A/libs.ref/sky130_fd_io/lib/sky130_fd_io__top_amuxsplitv2_tt_tt_025C_1v80_3v30.lib,no
sky130A,,top_analog_pad_ff_100C_1v60_5v50,6109,ciel/sky130/versions/d815bb30c9afdf9e264c276a8a2b533108dea3d0/sky130A/libs.ref/sky130_fd_io/lib/sky130_fd_io__top_analog_pad_ff_100C_1v60_5v50.lib,no
sky130A,,top_analog_pad_ff_100C_1v95_5v50,6108,ciel/sky130/versions/d815bb30c9afdf9e264c276a8a2b533108dea3d0/sky130A/libs.ref/sky130_fd_io/lib/sky130_fd_io__top_analog_pad_ff_100C_1v95_5v50.lib,no
sky130A,,top_analog_pad_ff_100C_1v95_5v50_1v65,4574,ciel/sky130/versions/d815bb30c9afdf9e264c276a8a2b533108dea3d0/sky130A/libs.ref/sky130_fd_io/lib/sky130_fd_io__top_analog_pad_ff_100C_1v95_5v50_1v65.lib,no
sky130A,,top_analog_pad_ff_n40C_1v35_5v50,6096,ciel/sky130/versions/d815bb30c9afdf9e264c276a8a2b533108dea3d0/sky130A/libs.ref/sky130_fd_io/lib/sky130_fd_io__top_analog_pad_ff_n40C_1v35_5v50.lib,no
sky130A,,top_analog_pad_ff_n40C_1v40_5v50,6098,ciel/sky130/versions/d815bb30c9afdf9e264c276a8a2b533108dea3d0/sky130A/libs.ref/sky130_fd_io/lib/sky130_fd_io__top_analog_pad_ff_n40C_1v40_5v50.lib,no
sky130A,,top_analog_pad_ff_n40C_1v60_5v50,6096,ciel/sky130/versions/d815bb30c9afdf9e264c276a8a2b533108dea3d0/sky130A/libs.ref/sky130_fd_io/lib/sky130_fd_io__top_analog_pad_ff_n40C_1v60_5v50.lib,no
sky130A,,top_analog_pad_ff_n40C_1v95_5v50,6084,ciel/sky130/versions/d815bb30c9afdf9e264c276a8a2b533108dea3d0/sky130A/libs.ref/sky130_fd_io/lib/sky130_fd_io__top_analog_pad_ff_n40C_1v95_5v50.lib,no
sky130A,,top_analog_pad_ff_n40C_1v95_5v50_1v65,4556,ciel/sky130/versions/d815bb30c9afdf9e264c276a8a2b533108dea3d0/sky130A/libs.ref/sky130_fd_io/lib/sky130_fd_io__top_analog_pad_ff_n40C_1v95_5v50_1v65.lib,no
sky130A,,top_analog_pad_ff_ss_100C_1v65_1v65_1v65,4565,ciel/sky130/versions/d815bb30c9afdf9e264c276a8a2b533108dea3d0/sky130A/libs.ref/sky130_fd_io/lib/sky130_fd_io__top_analog_pad_ff_ss_100C_1v65_1v65_1v65.lib,no
sky130A,,top_analog_pad_ff_ss_100C_1v95_1v95_1v65,4565,ciel/sky130/versions/d815bb30c9afdf9e264c276a8a2b533108dea3d0/sky130A/libs.ref/sky130_fd_io/lib/sky130_fd_io__top_analog_pad_ff_ss_100C_1v95_1v95_1v65.lib,no
sky130A,,top_analog_pad_ff_ss_100C_1v95_1v95_1v95,4565,ciel/sky130/versions/d815bb30c9afdf9e264c276a8a2b533108dea3d0/sky130A/libs.ref/sky130_fd_io/lib/sky130_fd_io__top_analog_pad_ff_ss_100C_1v95_1v95_1v95.lib,no
sky130A,,top_analog_pad_ff_ss_n40C_1v65_1v65_1v65,4565,ciel/sky130/versions/d815bb30c9afdf9e264c276a8a2b533108dea3d0/sky130A/libs.ref/sky130_fd_io/lib/sky130_fd_io__top_analog_pad_ff_ss_n40C_1v65_1v65_1v65.lib,no
sky130A,,top_analog_pad_ff_ss_n40C_1v95_1v95_1v65,4565,ciel/sky130/versions/d815bb30c9afdf9e264c276a8a2b533108dea3d0/sky130A/libs.ref/sky130_fd_io/lib/sky130_fd_io__top_analog_pad_ff_ss_n40C_1v95_1v95_1v65.lib,no
sky130A,,top_analog_pad_ff_ss_n40C_1v95_1v95_1v95,4565,ciel/sky130/versions/d815bb30c9afdf9e264c276a8a2b533108dea3d0/sky130A/libs.ref/sky130_fd_io/lib/sky130_fd_io__top_analog_pad_ff_ss_n40C_1v95_1v95_1v95.lib,no
sky130A,,top_analog_pad_ss_100C_1v40_1v65,6130,ciel/sky130/versions/d815bb30c9afdf9e264c276a8a2b533108dea3d0/sky130A/libs.ref/sky130_fd_io/lib/sky130_fd_io__top_analog_pad_ss_100C_1v40_1v65.lib,no
sky130A,,top_analog_pad_ss_100C_1v45_1v65,6137,ciel/sky130/versions/d815bb30c9afdf9e264c276a8a2b533108dea3d0/sky130A/libs.ref/sky130_fd_io/lib/sky130_fd_io__top_analog_pad_ss_100C_1v45_1v65.lib,no
sky130A,,top_analog_pad_ss_100C_1v60_1v65,6104,ciel/sky130/versions/d815bb30c9afdf9e264c276a8a2b533108dea3d0/sky130A/libs.ref/sky130_fd_io/lib/sky130_fd_io__top_analog_pad_ss_100C_1v60_1v65.lib,no
sky130A,,top_analog_pad_ss_100C_1v60_3v00,6111,ciel/sky130/versions/d815bb30c9afdf9e264c276a8a2b533108dea3d0/sky130A/libs.ref/sky130_fd_io/lib/sky130_fd_io__top_analog_pad_ss_100C_1v60_3v00.lib,no
sky130A,,top_analog_pad_ss_100C_1v60_5v50_1v65,4574,ciel/sky130/versions/d815bb30c9afdf9e264c276a8a2b533108dea3d0/sky130A/libs.ref/sky130_fd_io/lib/sky130_fd_io__top_analog_pad_ss_100C_1v60_5v50_1v65.lib,no
sky130A,,top_analog_pad_ss_100C_1v65_1v65,6109,ciel/sky130/versions/d815bb30c9afdf9e264c276a8a2b533108dea3d0/sky130A/libs.ref/sky130_fd_io/lib/sky130_fd_io__top_analog_pad_ss_100C_1v65_1v65.lib,no
sky130A,,top_analog_pad_ss_100C_1v95_1v95,6109,ciel/sky130/versions/d815bb30c9afdf9e264c276a8a2b533108dea3d0/sky130A/libs.ref/sky130_fd_io/lib/sky130_fd_io__top_analog_pad_ss_100C_1v95_1v95.lib,no
sky130A,,top_analog_pad_ss_ff_100C_1v40_5v50_5v50,4565,ciel/sky130/versions/d815bb30c9afdf9e264c276a8a2b533108dea3d0/sky130A/libs.ref/sky130_fd_io/lib/sky130_fd_io__top_analog_pad_ss_ff_100C_1v40_5v50_5v50.lib,no
sky130A,,top_analog_pad_ss_ff_100C_1v60_5v50_5v50,4565,ciel/sky130/versions/d815bb30c9afdf9e264c276a8a2b533108dea3d0/sky130A/libs.ref/sky130_fd_io/lib/sky130_fd_io__top_analog_pad_ss_ff_100C_1v60_5v50_5v50.lib,no
sky130A,,top_analog_pad_ss_ff_n40C_1v35_5v50_5v50,4565,ciel/sky130/versions/d815bb30c9afdf9e264c276a8a2b533108dea3d0/sky130A/libs.ref/sky130_fd_io/lib/sky130_fd_io__top_analog_pad_ss_ff_n40C_1v35_5v50_5v50.lib,no
sky130A,,top_analog_pad_ss_ff_n40C_1v60_5v50_5v50,4565,ciel/sky130/versions/d815bb30c9afdf9e264c276a8a2b533108dea3d0/sky130A/libs.ref/sky130_fd_io/lib/sky130_fd_io__top_analog_pad_ss_ff_n40C_1v60_5v50_5v50.lib,no
sky130A,,top_analog_pad_ss_n40C_1v35_1v65,6126,ciel/sky130/versions/d815bb30c9afdf9e264c276a8a2b533108dea3d0/sky130A/libs.ref/sky130_fd_io/lib/sky130_fd_io__top_analog_pad_ss_n40C_1v35_1v65.lib,no
sky130A,,top_analog_pad_ss_n40C_1v40_1v65,6112,ciel/sky130/versions/d815bb30c9afdf9e264c276a8a2b533108dea3d0/sky130A/libs.ref/sky130_fd_io/lib/sky130_fd_io__top_analog_pad_ss_n40C_1v40_1v65.lib,no
sky130A,,top_analog_pad_ss_n40C_1v45_1v65,6126,ciel/sky130/versions/d815bb30c9afdf9e264c276a8a2b533108dea3d0/sky130A/libs.ref/sky130_fd_io/lib/sky130_fd_io__top_analog_pad_ss_n40C_1v45_1v65.lib,no
sky130A,,top_analog_pad_ss_n40C_1v60_1v65,6084,ciel/sky130/versions/d815bb30c9afdf9e264c276a8a2b533108dea3d0/sky130A/libs.ref/sky130_fd_io/lib/sky130_fd_io__top_analog_pad_ss_n40C_1v60_1v65.lib,no
sky130A,,top_analog_pad_ss_n40C_1v60_5v50_1v65,4556,ciel/sky130/versions/d815bb30c9afdf9e264c276a8a2b533108dea3d0/sky130A/libs.ref/sky130_fd_io/lib/sky130_fd_io__top_analog_pad_ss_n40C_1v60_5v50_1v65.lib,no
sky130A,,top_analog_pad_ss_n40C_1v65_1v65,6096,ciel/sky130/versions/d815bb30c9afdf9e264c276a8a2b533108dea3d0/sky130A/libs.ref/sky130_fd_io/lib/sky130_fd_io__top_analog_pad_ss_n40C_1v65_1v65.lib,no
sky130A,,top_analog_pad_ss_n40C_1v95_1v95,6096,ciel/sky130/versions/d815bb30c9afdf9e264c276a8a2b533108dea3d0/sky130A/libs.ref/sky130_fd_io/lib/sky130_fd_io__top_analog_pad_ss_n40C_1v95_1v95.lib,no
sky130A,,top_analog_pad_tt_025C_1v80_3v30,6085,ciel/sky130/versions/d815bb30c9afdf9e264c276a8a2b533108dea3d0/sky130A/libs.ref/sky130_fd_io/lib/sky130_fd_io__top_analog_pad_tt_025C_1v80_3v30.lib,no
sky130A,,top_analog_pad_tt_100C_1v80_3v30,6107,ciel/sky130/versions/d815bb30c9afdf9e264c276a8a2b533108dea3d0/sky130A/libs.ref/sky130_fd_io/lib/sky130_fd_io__top_analog_pad_tt_100C_1v80_3v30.lib,no
sky130A,,top_gpiov2_ff_ff_100C_1v95_5v50,289577,ciel/sky130/versions/d815bb30c9afdf9e264c276a8a2b533108dea3d0/sky130A/libs.ref/sky130_fd_io/lib/sky130_fd_io__top_gpiov2_ff_ff_100C_1v95_5v50.lib,no
sky130A,,top_gpiov2_ff_ff_n40C_1v95_5v50,627561,ciel/sky130/versions/d815bb30c9afdf9e264c276a8a2b533108dea3d0/sky130A/libs.ref/sky130_fd_io/lib/sky130_fd_io__top_gpiov2_ff_ff_n40C_1v95_5v50.lib,no
sky130A,,top_gpiov2_ff_ff_n40C_1v95_5v50_nointpwr,569757,ciel/sky130/versions/d815bb30c9afdf9e264c276a8a2b533108dea3d0/sky130A/libs.ref/sky130_fd_io/lib/sky130_fd_io__top_gpiov2_ff_ff_n40C_1v95_5v50_nointpwr.lib,no
sky130A,,top_gpiov2_ff_ss_100C_1v65_1v65,296064,ciel/sky130/versions/d815bb30c9afdf9e264c276a8a2b533108dea3d0/sky130A/libs.ref/sky130_fd_io/lib/sky130_fd_io__top_gpiov2_ff_ss_100C_1v65_1v65.lib,no
sky130A,,top_gpiov2_ff_ss_100C_1v95_1v65,299782,ciel/sky130/versions/d815bb30c9afdf9e264c276a8a2b533108dea3d0/sky130A/libs.ref/sky130_fd_io/lib/sky130_fd_io__top_gpiov2_ff_ss_100C_1v95_1v65.lib,no
sky130A,,top_gpiov2_ff_ss_100C_1v95_1v95,295117,ciel/sky130/versions/d815bb30c9afdf9e264c276a8a2b533108dea3d0/sky130A/libs.ref/sky130_fd_io/lib/sky130_fd_io__top_gpiov2_ff_ss_100C_1v95_1v95.lib,no
sky130A,,top_gpiov2_ff_ss_n40C_1v65_1v65,296094,ciel/sky130/versions/d815bb30c9afdf9e264c276a8a2b533108dea3d0/sky130A/libs.ref/sky130_fd_io/lib/sky130_fd_io__top_gpiov2_ff_ss_n40C_1v65_1v65.lib,no
sky130A,,top_gpiov2_ff_ss_n40C_1v95_1v65,299943,ciel/sky130/versions/d815bb30c9afdf9e264c276a8a2b533108dea3d0/sky130A/libs.ref/sky130_fd_io/lib/sky130_fd_io__top_gpiov2_ff_ss_n40C_1v95_1v65.lib,no
sky130A,,top_gpiov2_ff_ss_n40C_1v95_1v95,295085,ciel/sky130/versions/d815bb30c9afdf9e264c276a8a2b533108dea3d0/sky130A/libs.ref/sky130_fd_io/lib/sky130_fd_io__top_gpiov2_ff_ss_n40C_1v95_1v95.lib,no
sky130A,,top_gpiov2_ss_ff_100C_1v40_5v50,290348,ciel/sky130/versions/d815bb30c9afdf9e264c276a8a2b533108dea3d0/sky130A/libs.ref/sky130_fd_io/lib/sky130_fd_io__top_gpiov2_ss_ff_100C_1v40_5v50.lib,no
sky130A,,top_gpiov2_ss_ff_100C_1v60_5v50,290053,ciel/sky130/versions/d815bb30c9afdf9e264c276a8a2b533108dea3d0/sky130A/libs.ref/sky130_fd_io/lib/sky130_fd_io__top_gpiov2_ss_ff_100C_1v60_5v50.lib,no
sky130A,,top_gpiov2_ss_ff_n40C_1v35_5v50,289946,ciel/sky130/versions/d815bb30c9afdf9e264c276a8a2b533108dea3d0/sky130A/libs.ref/sky130_fd_io/lib/sky130_fd_io__top_gpiov2_ss_ff_n40C_1v35_5v50.lib,no
sky130A,,top_gpiov2_ss_ff_n40C_1v60_5v50,289637,ciel/sky130/versions/d815bb30c9afdf9e264c276a8a2b533108dea3d0/sky130A/libs.ref/sky130_fd_io/lib/sky130_fd_io__top_gpiov2_ss_ff_n40C_1v60_5v50.lib,no
sky130A,,top_gpiov2_ss_ss_100C_1v40_1v65,296347,ciel/sky130/versions/d815bb30c9afdf9e264c276a8a2b533108dea3d0/sky130A/libs.ref/sky130_fd_io/lib/sky130_fd_io__top_gpiov2_ss_ss_100C_1v40_1v65.lib,no
sky130A,,top_gpiov2_ss_ss_100C_1v60_1v65,295905,ciel/sky130/versions/d815bb30c9afdf9e264c276a8a2b533108dea3d0/sky130A/libs.ref/sky130_fd_io/lib/sky130_fd_io__top_gpiov2_ss_ss_100C_1v60_1v65.lib,no
sky130A,,top_gpiov2_ss_ss_100C_1v60_3v00,300013,ciel/sky130/versions/d815bb30c9afdf9e264c276a8a2b533108dea3d0/sky130A/libs.ref/sky130_fd_io/lib/sky130_fd_io__top_gpiov2_ss_ss_100C_1v60_3v00.lib,no
sky130A,,top_gpiov2_ss_ss_n40C_1v35_1v65,295245,ciel/sky130/versions/d815bb30c9afdf9e264c276a8a2b533108dea3d0/sky130A/libs.ref/sky130_fd_io/lib/sky130_fd_io__top_gpiov2_ss_ss_n40C_1v35_1v65.lib,no
sky130A,,top_gpiov2_ss_ss_n40C_1v40_1v65,296597,ciel/sky130/versions/d815bb30c9afdf9e264c276a8a2b533108dea3d0/sky130A/libs.ref/sky130_fd_io/lib/sky130_fd_io__top_gpiov2_ss_ss_n40C_1v40_1v65.lib,no
sky130A,,top_gpiov2_ss_ss_n40C_1v60_1v65,661036,ciel/sky130/versions/d815bb30c9afdf9e264c276a8a2b533108dea3d0/sky130A/libs.ref/sky130_fd_io/lib/sky130_fd_io__top_gpiov2_ss_ss_n40C_1v60_1v65.lib,no
sky130A,,top_gpiov2_ss_ss_n40C_1v60_1v65_nointpwr,600227,ciel/sky130/versions/d815bb30c9afdf9e264c276a8a2b533108dea3d0/sky130A/libs.ref/sky130_fd_io/lib/sky130_fd_io__top_gpiov2_ss_ss_n40C_1v60_1v65_nointpwr.lib,no
sky130A,,top_gpiov2_tt_tt_025C_1v80_3v30,288391,ciel/sky130/versions/d815bb30c9afdf9e264c276a8a2b533108dea3d0/sky130A/libs.ref/sky130_fd_io/lib/sky130_fd_io__top_gpiov2_tt_tt_025C_1v80_3v30.lib,no
sky130A,,top_gpiovrefv2_ff_ff_100C_1v95_1v65,11953,ciel/sky130/versions/d815bb30c9afdf9e264c276a8a2b533108dea3d0/sky130A/libs.ref/sky130_fd_io/lib/sky130_fd_io__top_gpiovrefv2_ff_ff_100C_1v95_1v65.lib,no
sky130A,,top_gpiovrefv2_ff_ff_100C_1v95_5v50,11953,ciel/sky130/versions/d815bb30c9afdf9e264c276a8a2b533108dea3d0/sky130A/libs.ref/sky130_fd_io/lib/sky130_fd_io__top_gpiovrefv2_ff_ff_100C_1v95_5v50.lib,no
sky130A,,top_gpiovrefv2_ff_ff_n40C_1v95_1v65,11953,ciel/sky130/versions/d815bb30c9afdf9e264c276a8a2b533108dea3d0/sky130A/libs.ref/sky130_fd_io/lib/sky130_fd_io__top_gpiovrefv2_ff_ff_n40C_1v95_1v65.lib,no
sky130A,,top_gpiovrefv2_ff_ff_n40C_1v95_5v50,11953,ciel/sky130/versions/d815bb30c9afdf9e264c276a8a2b533108dea3d0/sky130A/libs.ref/sky130_fd_io/lib/sky130_fd_io__top_gpiovrefv2_ff_ff_n40C_1v95_5v50.lib,no
sky130A,,top_gpiovrefv2_ff_ss_100C_1v65_1v65,11953,ciel/sky130/versions/d815bb30c9afdf9e264c276a8a2b533108dea3d0/sky130A/libs.ref/sky130_fd_io/lib/sky130_fd_io__top_gpiovrefv2_ff_ss_100C_1v65_1v65.lib,no
sky130A,,top_gpiovrefv2_ff_ss_100C_1v95_1v65,11953,ciel/sky130/versions/d815bb30c9afdf9e264c276a8a2b533108dea3d0/sky130A/libs.ref/sky130_fd_io/lib/sky130_fd_io__top_gpiovrefv2_ff_ss_100C_1v95_1v65.lib,no
sky130A,,top_gpiovrefv2_ff_ss_100C_1v95_1v95,11953,ciel/sky130/versions/d815bb30c9afdf9e264c276a8a2b533108dea3d0/sky130A/libs.ref/sky130_fd_io/lib/sky130_fd_io__top_gpiovrefv2_ff_ss_100C_1v95_1v95.lib,no
sky130A,,top_gpiovrefv2_ff_ss_n40C_1v65_1v65,11953,ciel/sky130/versions/d815bb30c9afdf9e264c276a8a2b533108dea3d0/sky130A/libs.ref/sky130_fd_io/lib/sky130_fd_io__top_gpiovrefv2_ff_ss_n40C_1v65_1v65.lib,no
sky130A,,top_gpiovrefv2_ff_ss_n40C_1v95_1v65,11953,ciel/sky130/versions/d815bb30c9afdf9e264c276a8a2b533108dea3d0/sky130A/libs.ref/sky130_fd_io/lib/sky130_fd_io__top_gpiovrefv2_ff_ss_n40C_1v95_1v65.lib,no
sky130A,,top_gpiovrefv2_ff_ss_n40C_1v95_1v95,11953,ciel/sky130/versions/d815bb30c9afdf9e264c276a8a2b533108dea3d0/sky130A/libs.ref/sky130_fd_io/lib/sky130_fd_io__top_gpiovrefv2_ff_ss_n40C_1v95_1v95.lib,no
sky130A,,top_gpiovrefv2_ss_ff_100C_1v40_5v50,11953,ciel/sky130/versions/d815bb30c9afdf9e264c276a8a2b533108dea3d0/sky130A/libs.ref/sky130_fd_io/lib/sky130_fd_io__top_gpiovrefv2_ss_ff_100C_1v40_5v50.lib,no
sky130A,,top_gpiovrefv2_ss_ff_100C_1v60_1v65,11953,ciel/sky130/versions/d815bb30c9afdf9e264c276a8a2b533108dea3d0/sky130A/libs.ref/sky130_fd_io/lib/sky130_fd_io__top_gpiovrefv2_ss_ff_100C_1v60_1v65.lib,no
sky130A,,top_gpiovrefv2_ss_ff_100C_1v60_5v50,11953,ciel/sky130/versions/d815bb30c9afdf9e264c276a8a2b533108dea3d0/sky130A/libs.ref/sky130_fd_io/lib/sky130_fd_io__top_gpiovrefv2_ss_ff_100C_1v60_5v50.lib,no
sky130A,,top_gpiovrefv2_ss_ff_n40C_1v35_5v50,11953,ciel/sky130/versions/d815bb30c9afdf9e264c276a8a2b533108dea3d0/sky130A/libs.ref/sky130_fd_io/lib/sky130_fd_io__top_gpiovrefv2_ss_ff_n40C_1v35_5v50.lib,no
sky130A,,top_gpiovrefv2_ss_ff_n40C_1v60_1v65,11953,ciel/sky130/versions/d815bb30c9afdf9e264c276a8a2b533108dea3d0/sky130A/libs.ref/sky130_fd_io/lib/sky130_fd_io__top_gpiovrefv2_ss_ff_n40C_1v60_1v65.lib,no
sky130A,,top_gpiovrefv2_ss_ff_n40C_1v60_5v50,11953,ciel/sky130/versions/d815bb30c9afdf9e264c276a8a2b533108dea3d0/sky130A/libs.ref/sky130_fd_io/lib/sky130_fd_io__top_gpiovrefv2_ss_ff_n40C_1v60_5v50.lib,no
sky130A,,top_gpiovrefv2_ss_ss_100C_1v40_1v65,11953,ciel/sky130/versions/d815bb30c9afdf9e264c276a8a2b533108dea3d0/sky130A/libs.ref/sky130_fd_io/lib/sky130_fd_io__top_gpiovrefv2_ss_ss_100C_1v40_1v65.lib,no
sky130A,,top_gpiovrefv2_ss_ss_100C_1v60_1v65,11953,ciel/sky130/versions/d815bb30c9afdf9e264c276a8a2b533108dea3d0/sky130A/libs.ref/sky130_fd_io/lib/sky130_fd_io__top_gpiovrefv2_ss_ss_100C_1v60_1v65.lib,no
sky130A,,top_gpiovrefv2_ss_ss_100C_1v60_3v00,11953,ciel/sky130/versions/d815bb30c9afdf9e264c276a8a2b533108dea3d0/sky130A/libs.ref/sky130_fd_io/lib/sky130_fd_io__top_gpiovrefv2_ss_ss_100C_1v60_3v00.lib,no
sky130A,,top_gpiovrefv2_ss_ss_n40C_1v35_1v65,11953,ciel/sky130/versions/d815bb30c9afdf9e264c276a8a2b533108dea3d0/sky130A/libs.ref/sky130_fd_io/lib/sky130_fd_io__top_gpiovrefv2_ss_ss_n40C_1v35_1v65.lib,no
sky130A,,top_gpiovrefv2_ss_ss_n40C_1v40_1v65,11953,ciel/sky130/versions/d815bb30c9afdf9e264c276a8a2b533108dea3d0/sky130A/libs.ref/sky130_fd_io/lib/sky130_fd_io__top_gpiovrefv2_ss_ss_n40C_1v40_1v65.lib,no
sky130A,,top_gpiovrefv2_ss_ss_n40C_1v60_1v65,11953,ciel/sky130/versions/d815bb30c9afdf9e264c276a8a2b533108dea3d0/sky130A/libs.ref/sky130_fd_io/lib/sky130_fd_io__top_gpiovrefv2_ss_ss_n40C_1v60_1v65.lib,no
sky130A,,top_gpiovrefv2_tt_tt_025C_1v80_3v30,11953,ciel/sky130/versions/d815bb30c9afdf9e264c276a8a2b533108dea3d0/sky130A/libs.ref/sky130_fd_io/lib/sky130_fd_io__top_gpiovrefv2_tt_tt_025C_1v80_3v30.lib,no
sky130A,,top_ground_hvc_wpad_ff_100C_1v95_5v50_1v65,4798,ciel/sky130/versions/d815bb30c9afdf9e264c276a8a2b533108dea3d0/sky130A/libs.ref/sky130_fd_io/lib/sky130_fd_io__top_ground_hvc_wpad_ff_100C_1v95_5v50_1v65.lib,no
sky130A,,top_ground_hvc_wpad_ff_100C_1v95_5v50_5v50,4796,ciel/sky130/versions/d815bb30c9afdf9e264c276a8a2b533108dea3d0/sky130A/libs.ref/sky130_fd_io/lib/sky130_fd_io__top_ground_hvc_wpad_ff_100C_1v95_5v50_5v50.lib,no
sky130A,,top_ground_hvc_wpad_ff_n40C_1v95_5v50_1v65,4796,ciel/sky130/versions/d815bb30c9afdf9e264c276a8a2b533108dea3d0/sky130A/libs.ref/sky130_fd_io/lib/sky130_fd_io__top_ground_hvc_wpad_ff_n40C_1v95_5v50_1v65.lib,no
sky130A,,top_ground_hvc_wpad_ff_n40C_1v95_5v50_5v50,4796,ciel/sky130/versions/d815bb30c9afdf9e264c276a8a2b533108dea3d0/sky130A/libs.ref/sky130_fd_io/lib/sky130_fd_io__top_ground_hvc_wpad_ff_n40C_1v95_5v50_5v50.lib,no
sky130A,,top_ground_hvc_wpad_ff_ss_100C_1v65_1v65_1v65,4804,ciel/sky130/versions/d815bb30c9afdf9e264c276a8a2b533108dea3d0/sky130A/libs.ref/sky130_fd_io/lib/sky130_fd_io__top_ground_hvc_wpad_ff_ss_100C_1v65_1v65_1v65.lib,no
sky130A,,top_ground_hvc_wpad_ff_ss_100C_1v95_1v95_1v65,4804,ciel/sky130/versions/d815bb30c9afdf9e264c276a8a2b533108dea3d0/sky130A/libs.ref/sky130_fd_io/lib/sky130_fd_io__top_ground_hvc_wpad_ff_ss_100C_1v95_1v95_1v65.lib,no
sky130A,,top_ground_hvc_wpad_ff_ss_100C_1v95_1v95_1v95,4804,ciel/sky130/versions/d815bb30c9afdf9e264c276a8a2b533108dea3d0/sky130A/libs.ref/sky130_fd_io/lib/sky130_fd_io__top_ground_hvc_wpad_ff_ss_100C_1v95_1v95_1v95.lib,no
sky130A,,top_ground_hvc_wpad_ff_ss_100C_1v95_5v50_1v65,4804,ciel/sky130/versions/d815bb30c9afdf9e264c276a8a2b533108dea3d0/sky130A/libs.ref/sky130_fd_io/lib/sky130_fd_io__top_ground_hvc_wpad_ff_ss_100C_1v95_5v50_1v65.lib,no
sky130A,,top_ground_hvc_wpad_ff_ss_n40C_1v65_1v65_1v65,4802,ciel/sky130/versions/d815bb30c9afdf9e264c276a8a2b533108dea3d0/sky130A/libs.ref/sky130_fd_io/lib/sky130_fd_io__top_ground_hvc_wpad_ff_ss_n40C_1v65_1v65_1v65.lib,no
sky130A,,top_ground_hvc_wpad_ff_ss_n40C_1v95_1v95_1v65,4802,ciel/sky130/versions/d815bb30c9afdf9e264c276a8a2b533108dea3d0/sky130A/libs.ref/sky130_fd_io/lib/sky130_fd_io__top_ground_hvc_wpad_ff_ss_n40C_1v95_1v95_1v65.lib,no
sky130A,,top_ground_hvc_wpad_ff_ss_n40C_1v95_1v95_1v95,4802,ciel/sky130/versions/d815bb30c9afdf9e264c276a8a2b533108dea3d0/sky130A/libs.ref/sky130_fd_io/lib/sky130_fd_io__top_ground_hvc_wpad_ff_ss_n40C_1v95_1v95_1v95.lib,no
sky130A,,top_ground_hvc_wpad_ff_ss_n40C_1v95_5v50_1v65,4802,ciel/sky130/versions/d815bb30c9afdf9e264c276a8a2b533108dea3d0/sky130A/libs.ref/sky130_fd_io/lib/sky130_fd_io__top_ground_hvc_wpad_ff_ss_n40C_1v95_5v50_1v65.lib,no
sky130A,,top_ground_hvc_wpad_ss_100C_1v40_1v65_1v65,4797,ciel/sky130/versions/d815bb30c9afdf9e264c276a8a2b533108dea3d0/sky130A/libs.ref/sky130_fd_io/lib/sky130_fd_io__top_ground_hvc_wpad_ss_100C_1v40_1v65_1v65.lib,no
sky130A,,top_ground_hvc_wpad_ss_100C_1v60_1v65_1v65,4797,ciel/sky130/versions/d815bb30c9afdf9e264c276a8a2b533108dea3d0/sky130A/libs.ref/sky130_fd_io/lib/sky130_fd_io__top_ground_hvc_wpad_ss_100C_1v60_1v65_1v65.lib,no
sky130A,,top_ground_hvc_wpad_ss_100C_1v60_3v00_3v00,4797,ciel/sky130/versions/d815bb30c9afdf9e264c276a8a2b533108dea3d0/sky130A/libs.ref/sky130_fd_io/lib/sky130_fd_io__top_ground_hvc_wpad_ss_100C_1v60_3v00_3v00.lib,no
sky130A,,top_ground_hvc_wpad_ss_100C_1v60_5v50_1v65,4797,ciel/sky130/versions/d815bb30c9afdf9e264c276a8a2b533108dea3d0/sky130A/libs.ref/sky130_fd_io/lib/sky130_fd_io__top_ground_hvc_wpad_ss_100C_1v60_5v50_1v65.lib,no
sky130A,,top_ground_hvc_wpad_ss_ff_100C_1v40_5v50_5v50,4803,ciel/sky130/versions/d815bb30c9afdf9e264c276a8a2b533108dea3d0/sky130A/libs.ref/sky130_fd_io/lib/sky130_fd_io__top_ground_hvc_wpad_ss_ff_100C_1v40_5v50_5v50.lib,no
sky130A,,top_ground_hvc_wpad_ss_ff_100C_1v60_5v50_1v65,4805,ciel/sky130/versions/d815bb30c9afdf9e264c276a8a2b533108dea3d0/sky130A/libs.ref/sky130_fd_io/lib/sky130_fd_io__top_ground_hvc_wpad_ss_ff_100C_1v60_5v50_1v65.lib,no
sky130A,,top_ground_hvc_wpad_ss_ff_100C_1v60_5v50_5v50,4805,ciel/sky130/versions/d815bb30c9afdf9e264c276a8a2b533108dea3d0/sky130A/libs.ref/sky130_fd_io/lib/sky130_fd_io__top_ground_hvc_wpad_ss_ff_100C_1v60_5v50_5v50.lib,no
sky130A,,top_ground_hvc_wpad_ss_ff_n40C_1v35_5v50_5v50,4803,ciel/sky130/versions/d815bb30c9afdf9e264c276a8a2b533108dea3d0/sky130A/libs.ref/sky130_fd_io/lib/sky130_fd_io__top_ground_hvc_wpad_ss_ff_n40C_1v35_5v50_5v50.lib,no
sky130A,,top_ground_hvc_wpad_ss_ff_n40C_1v60_5v50_1v65,4803,ciel/sky130/versions/d815bb30c9afdf9e264c276a8a2b533108dea3d0/sky130A/libs.ref/sky130_fd_io/lib/sky130_fd_io__top_ground_hvc_wpad_ss_ff_n40C_1v60_5v50_1v65.lib,no
sky130A,,top_ground_hvc_wpad_ss_ff_n40C_1v60_5v50_5v50,4803,ciel/sky130/versions/d815bb30c9afdf9e264c276a8a2b533108dea3d0/sky130A/libs.ref/sky130_fd_io/lib/sky130_fd_io__top_ground_hvc_wpad_ss_ff_n40C_1v60_5v50_5v50.lib,no
sky130A,,top_ground_hvc_wpad_ss_n40C_1v35_1v65_1v65,4795,ciel/sky130/versions/d815bb30c9afdf9e264c276a8a2b533108dea3d0/sky130A/libs.ref/sky130_fd_io/lib/sky130_fd_io__top_ground_hvc_wpad_ss_n40C_1v35_1v65_1v65.lib,no
sky130A,,top_ground_hvc_wpad_ss_n40C_1v40_1v65_1v65,4795,ciel/sky130/versions/d815bb30c9afdf9e264c276a8a2b533108dea3d0/sky130A/libs.ref/sky130_fd_io/lib/sky130_fd_io__top_ground_hvc_wpad_ss_n40C_1v40_1v65_1v65.lib,no
sky130A,,top_ground_hvc_wpad_ss_n40C_1v60_1v65_1v65,4795,ciel/sky130/versions/d815bb30c9afdf9e264c276a8a2b533108dea3d0/sky130A/libs.ref/sky130_fd_io/lib/sky130_fd_io__top_ground_hvc_wpad_ss_n40C_1v60_1v65_1v65.lib,no
sky130A,,top_ground_hvc_wpad_ss_n40C_1v60_5v50_1v65,4795,ciel/sky130/versions/d815bb30c9afdf9e264c276a8a2b533108dea3d0/sky130A/libs.ref/sky130_fd_io/lib/sky130_fd_io__top_ground_hvc_wpad_ss_n40C_1v60_5v50_1v65.lib,no
sky130A,,top_ground_hvc_wpad_tt_025C_1v80_3v30_3v30,4792,ciel/sky130/versions/d815bb30c9afdf9e264c276a8a2b533108dea3d0/sky130A/libs.ref/sky130_fd_io/lib/sky130_fd_io__top_ground_hvc_wpad_tt_025C_1v80_3v30_3v30.lib,no
sky130A,,top_ground_lvc_wpad_ff_100C_1v95_5v50,5863,ciel/sky130/versions/d815bb30c9afdf9e264c276a8a2b533108dea3d0/sky130A/libs.ref/sky130_fd_io/lib/sky130_fd_io__top_ground_lvc_wpad_ff_100C_1v95_5v50.lib,no
sky130A,,top_ground_lvc_wpad_ff_100C_1v95_5v50_1v65,5241,ciel/sky130/versions/d815bb30c9afdf9e264c276a8a2b533108dea3d0/sky130A/libs.ref/sky130_fd_io/lib/sky130_fd_io__top_ground_lvc_wpad_ff_100C_1v95_5v50_1v65.lib,no
sky130A,,top_ground_lvc_wpad_ff_n40C_1v95_5v50,5859,ciel/sky130/versions/d815bb30c9afdf9e264c276a8a2b533108dea3d0/sky130A/libs.ref/sky130_fd_io/lib/sky130_fd_io__top_ground_lvc_wpad_ff_n40C_1v95_5v50.lib,no
sky130A,,top_ground_lvc_wpad_ff_n40C_1v95_5v50_1v65,5243,ciel/sky130/versions/d815bb30c9afdf9e264c276a8a2b533108dea3d0/sky130A/libs.ref/sky130_fd_io/lib/sky130_fd_io__top_ground_lvc_wpad_ff_n40C_1v95_5v50_1v65.lib,no
sky130A,,top_ground_lvc_wpad_ff_ss_100C_1v65_1v65_1v65,5248,ciel/sky130/versions/d815bb30c9afdf9e264c276a8a2b533108dea3d0/sky130A/libs.ref/sky130_fd_io/lib/sky130_fd_io__top_ground_lvc_wpad_ff_ss_100C_1v65_1v65_1v65.lib,no
sky130A,,top_ground_lvc_wpad_ff_ss_100C_1v95_1v95_1v65,5248,ciel/sky130/versions/d815bb30c9afdf9e264c276a8a2b533108dea3d0/sky130A/libs.ref/sky130_fd_io/lib/sky130_fd_io__top_ground_lvc_wpad_ff_ss_100C_1v95_1v95_1v65.lib,no
sky130A,,top_ground_lvc_wpad_ff_ss_100C_1v95_1v95_1v95,5248,ciel/sky130/versions/d815bb30c9afdf9e264c276a8a2b533108dea3d0/sky130A/libs.ref/sky130_fd_io/lib/sky130_fd_io__top_ground_lvc_wpad_ff_ss_100C_1v95_1v95_1v95.lib,no
sky130A,,top_ground_lvc_wpad_ff_ss_n40C_1v65_1v65_1v65,5248,ciel/sky130/versions/d815bb30c9afdf9e264c276a8a2b533108dea3d0/sky130A/libs.ref/sky130_fd_io/lib/sky130_fd_io__top_ground_lvc_wpad_ff_ss_n40C_1v65_1v65_1v65.lib,no
sky130A,,top_ground_lvc_wpad_ff_ss_n40C_1v95_1v95_1v65,5248,ciel/sky130/versions/d815bb30c9afdf9e264c276a8a2b533108dea3d0/sky130A/libs.ref/sky130_fd_io/lib/sky130_fd_io__top_ground_lvc_wpad_ff_ss_n40C_1v95_1v95_1v65.lib,no
sky130A,,top_ground_lvc_wpad_ff_ss_n40C_1v95_1v95_1v95,5248,ciel/sky130/versions/d815bb30c9afdf9e264c276a8a2b533108dea3d0/sky130A/libs.ref/sky130_fd_io/lib/sky130_fd_io__top_ground_lvc_wpad_ff_ss_n40C_1v95_1v95_1v95.lib,no
sky130A,,top_ground_lvc_wpad_ss_100C_1v40_1v65,5887,ciel/sky130/versions/d815bb30c9afdf9e264c276a8a2b533108dea3d0/sky130A/libs.ref/sky130_fd_io/lib/sky130_fd_io__top_ground_lvc_wpad_ss_100C_1v40_1v65.lib,no
sky130A,,top_ground_lvc_wpad_ss_100C_1v45_1v65,5903,ciel/sky130/versions/d815bb30c9afdf9e264c276a8a2b533108dea3d0/sky130A/libs.ref/sky130_fd_io/lib/sky130_fd_io__top_ground_lvc_wpad_ss_100C_1v45_1v65.lib,no
sky130A,,top_ground_lvc_wpad_ss_100C_1v60_1v65,5867,ciel/sky130/versions/d815bb30c9afdf9e264c276a8a2b533108dea3d0/sky130A/libs.ref/sky130_fd_io/lib/sky130_fd_io__top_ground_lvc_wpad_ss_100C_1v60_1v65.lib,no
sky130A,,top_ground_lvc_wpad_ss_100C_1v60_3v00,5875,ciel/sky130/versions/d815bb30c9afdf9e264c276a8a2b533108dea3d0/sky130A/libs.ref/sky130_fd_io/lib/sky130_fd_io__top_ground_lvc_wpad_ss_100C_1v60_3v00.lib,no
sky130A,,top_ground_lvc_wpad_ss_100C_1v60_5v50_1v65,5241,ciel/sky130/versions/d815bb30c9afdf9e264c276a8a2b533108dea3d0/sky130A/libs.ref/sky130_fd_io/lib/sky130_fd_io__top_ground_lvc_wpad_ss_100C_1v60_5v50_1v65.lib,no
sky130A,,top_ground_lvc_wpad_ss_100C_1v95_1v95,5151,ciel/sky130/versions/d815bb30c9afdf9e264c276a8a2b533108dea3d0/sky130A/libs.ref/sky130_fd_io/lib/sky130_fd_io__top_ground_lvc_wpad_ss_100C_1v95_1v95.lib,no
sky130A,,top_ground_lvc_wpad_ss_ff_100C_1v40_5v50_5v50,5249,ciel/sky130/versions/d815bb30c9afdf9e264c276a8a2b533108dea3d0/sky130A/libs.ref/sky130_fd_io/lib/sky130_fd_io__top_ground_lvc_wpad_ss_ff_100C_1v40_5v50_5v50.lib,no
sky130A,,top_ground_lvc_wpad_ss_ff_100C_1v60_5v50_5v50,5248,ciel/sky130/versions/d815bb30c9afdf9e264c276a8a2b533108dea3d0/sky130A/libs.ref/sky130_fd_io/lib/sky130_fd_io__top_ground_lvc_wpad_ss_ff_100C_1v60_5v50_5v50.lib,no
sky130A,,top_ground_lvc_wpad_ss_ff_n40C_1v35_5v50_5v50,5248,ciel/sky130/versions/d815bb30c9afdf9e264c276a8a2b533108dea3d0/sky130A/libs.ref/sky130_fd_io/lib/sky130_fd_io__top_ground_lvc_wpad_ss_ff_n40C_1v35_5v50_5v50.lib,no
sky130A,,top_ground_lvc_wpad_ss_ff_n40C_1v60_5v50_5v50,5248,ciel/sky130/versions/d815bb30c9afdf9e264c276a8a2b533108dea3d0/sky130A/libs.ref/sky130_fd_io/lib/sky130_fd_io__top_ground_lvc_wpad_ss_ff_n40C_1v60_5v50_5v50.lib,no
sky130A,,top_ground_lvc_wpad_ss_n40C_1v35_1v65_1v65,5241,ciel/sky130/versions/d815bb30c9afdf9e264c276a8a2b533108dea3d0/sky130A/libs.ref/sky130_fd_io/lib/sky130_fd_io__top_ground_lvc_wpad_ss_n40C_1v35_1v65_1v65.lib,no
sky130A,,top_ground_lvc_wpad_ss_n40C_1v40_1v65,5889,ciel/sky130/versions/d815bb30c9afdf9e264c276a8a2b533108dea3d0/sky130A/libs.ref/sky130_fd_io/lib/sky130_fd_io__top_ground_lvc_wpad_ss_n40C_1v40_1v65.lib,no
sky130A,,top_ground_lvc_wpad_ss_n40C_1v45_1v65,5901,ciel/sky130/versions/d815bb30c9afdf9e264c276a8a2b533108dea3d0/sky130A/libs.ref/sky130_fd_io/lib/sky130_fd_io__top_ground_lvc_wpad_ss_n40C_1v45_1v65.lib,no
sky130A,,top_ground_lvc_wpad_ss_n40C_1v60_1v65,5859,ciel/sky130/versions/d815bb30c9afdf9e264c276a8a2b533108dea3d0/sky130A/libs.ref/sky130_fd_io/lib/sky130_fd_io__top_ground_lvc_wpad_ss_n40C_1v60_1v65.lib,no
sky130A,,top_ground_lvc_wpad_ss_n40C_1v60_5v50_1v65,5241,ciel/sky130/versions/d815bb30c9afdf9e264c276a8a2b533108dea3d0/sky130A/libs.ref/sky130_fd_io/lib/sky130_fd_io__top_ground_lvc_wpad_ss_n40C_1v60_5v50_1v65.lib,no
sky130A,,top_ground_lvc_wpad_ss_n40C_1v95_1v95,5150,ciel/sky130/versions/d815bb30c9afdf9e264c276a8a2b533108dea3d0/sky130A/libs.ref/sky130_fd_io/lib/sky130_fd_io__top_ground_lvc_wpad_ss_n40C_1v95_1v95.lib,no
sky130A,,top_ground_lvc_wpad_tt_025C_1v80_3v30,5859,ciel/sky130/versions/d815bb30c9afdf9e264c276a8a2b533108dea3d0/sky130A/libs.ref/sky130_fd_io/lib/sky130_fd_io__top_ground_lvc_wpad_tt_025C_1v80_3v30.lib,no
sky130A,,top_ground_lvc_wpad_tt_100C_1v80_3v30,5869,ciel/sky130/versions/d815bb30c9afdf9e264c276a8a2b533108dea3d0/sky130A/libs.ref/sky130_fd_io/lib/sky130_fd_io__top_ground_lvc_wpad_tt_100C_1v80_3v30.lib,no
sky130A,,top_hvclamp_ff_100C_1v95_5v50,3119,ciel/sky130/versions/d815bb30c9afdf9e264c276a8a2b533108dea3d0/sky130A/libs.ref/sky130_fd_io/lib/sky130_fd_io__top_hvclamp_ff_100C_1v95_5v50.lib,no
sky130A,,top_hvclamp_ff_n40C_1v95_5v50,3094,ciel/sky130/versions/d815bb30c9afdf9e264c276a8a2b533108dea3d0/sky130A/libs.ref/sky130_fd_io/lib/sky130_fd_io__top_hvclamp_ff_n40C_1v95_5v50.lib,no
sky130A,,top_hvclamp_ss_100C_1v40_1v65,3137,ciel/sky130/versions/d815bb30c9afdf9e264c276a8a2b533108dea3d0/sky130A/libs.ref/sky130_fd_io/lib/sky130_fd_io__top_hvclamp_ss_100C_1v40_1v65.lib,no
sky130A,,top_hvclamp_ss_100C_1v45_1v65,3149,ciel/sky130/versions/d815bb30c9afdf9e264c276a8a2b533108dea3d0/sky130A/libs.ref/sky130_fd_io/lib/sky130_fd_io__top_hvclamp_ss_100C_1v45_1v65.lib,no
sky130A,,top_hvclamp_ss_100C_1v60_1v65,3115,ciel/sky130/versions/d815bb30c9afdf9e264c276a8a2b533108dea3d0/sky130A/libs.ref/sky130_fd_io/lib/sky130_fd_io__top_hvclamp_ss_100C_1v60_1v65.lib,no
sky130A,,top_hvclamp_ss_100C_1v60_3v00,3122,ciel/sky130/versions/d815bb30c9afdf9e264c276a8a2b533108dea3d0/sky130A/libs.ref/sky130_fd_io/lib/sky130_fd_io__top_hvclamp_ss_100C_1v60_3v00.lib,no
sky130A,,top_hvclamp_ss_n40C_1v40_1v65,3123,ciel/sky130/versions/d815bb30c9afdf9e264c276a8a2b533108dea3d0/sky130A/libs.ref/sky130_fd_io/lib/sky130_fd_io__top_hvclamp_ss_n40C_1v40_1v65.lib,no
sky130A,,top_hvclamp_ss_n40C_1v45_1v65,3134,ciel/sky130/versions/d815bb30c9afdf9e264c276a8a2b533108dea3d0/sky130A/libs.ref/sky130_fd_io/lib/sky130_fd_io__top_hvclamp_ss_n40C_1v45_1v65.lib,no
sky130A,,top_hvclamp_ss_n40C_1v60_1v65,3093,ciel/sky130/versions/d815bb30c9afdf9e264c276a8a2b533108dea3d0/sky130A/libs.ref/sky130_fd_io/lib/sky130_fd_io__top_hvclamp_ss_n40C_1v60_1v65.lib,no
sky130A,,top_hvclamp_tt_025C_1v80_3v30,3090,ciel/sky130/versions/d815bb30c9afdf9e264c276a8a2b533108dea3d0/sky130A/libs.ref/sky130_fd_io/lib/sky130_fd_io__top_hvclamp_tt_025C_1v80_3v30.lib,no
sky130A,,top_hvclamp_tt_100C_1v80_3v30,3116,ciel/sky130/versions/d815bb30c9afdf9e264c276a8a2b533108dea3d0/sky130A/libs.ref/sky130_fd_io/lib/sky130_fd_io__top_hvclamp_tt_100C_1v80_3v30.lib,no
sky130A,,top_hvclampv2_ff_100C_1v95_5v50_1v65,3247,ciel/sky130/versions/d815bb30c9afdf9e264c276a8a2b533108dea3d0/sky130A/libs.ref/sky130_fd_io/lib/sky130_fd_io__top_hvclampv2_ff_100C_1v95_5v50_1v65.lib,no
sky130A,,top_hvclampv2_ff_100C_1v95_5v50_5v50,3245,ciel/sky130/versions/d815bb30c9afdf9e264c276a8a2b533108dea3d0/sky130A/libs.ref/sky130_fd_io/lib/sky130_fd_io__top_hvclampv2_ff_100C_1v95_5v50_5v50.lib,no
sky130A,,top_hvclampv2_ff_n40C_1v95_5v50_1v65,3227,ciel/sky130/versions/d815bb30c9afdf9e264c276a8a2b533108dea3d0/sky130A/libs.ref/sky130_fd_io/lib/sky130_fd_io__top_hvclampv2_ff_n40C_1v95_5v50_1v65.lib,no
sky130A,,top_hvclampv2_ff_n40C_1v95_5v50_5v50,3227,ciel/sky130/versions/d815bb30c9afdf9e264c276a8a2b533108dea3d0/sky130A/libs.ref/sky130_fd_io/lib/sky130_fd_io__top_hvclampv2_ff_n40C_1v95_5v50_5v50.lib,no
sky130A,,top_hvclampv2_ff_ss_100C_1v65_1v65_1v65,3237,ciel/sky130/versions/d815bb30c9afdf9e264c276a8a2b533108dea3d0/sky130A/libs.ref/sky130_fd_io/lib/sky130_fd_io__top_hvclampv2_ff_ss_100C_1v65_1v65_1v65.lib,no
sky130A,,top_hvclampv2_ff_ss_100C_1v95_1v95_1v65,3237,ciel/sky130/versions/d815bb30c9afdf9e264c276a8a2b533108dea3d0/sky130A/libs.ref/sky130_fd_io/lib/sky130_fd_io__top_hvclampv2_ff_ss_100C_1v95_1v95_1v65.lib,no
sky130A,,top_hvclampv2_ff_ss_100C_1v95_1v95_1v95,3237,ciel/sky130/versions/d815bb30c9afdf9e264c276a8a2b533108dea3d0/sky130A/libs.ref/sky130_fd_io/lib/sky130_fd_io__top_hvclampv2_ff_ss_100C_1v95_1v95_1v95.lib,no
sky130A,,top_hvclampv2_ff_ss_100C_1v95_5v50_1v65,3237,ciel/sky130/versions/d815bb30c9afdf9e264c276a8a2b533108dea3d0/sky130A/libs.ref/sky130_fd_io/lib/sky130_fd_io__top_hvclampv2_ff_ss_100C_1v95_5v50_1v65.lib,no
sky130A,,top_hvclampv2_ff_ss_n40C_1v65_1v65_1v65,3235,ciel/sky130/versions/d815bb30c9afdf9e264c276a8a2b533108dea3d0/sky130A/libs.ref/sky130_fd_io/lib/sky130_fd_io__top_hvclampv2_ff_ss_n40C_1v65_1v65_1v65.lib,no
sky130A,,top_hvclampv2_ff_ss_n40C_1v95_1v95_1v65,3235,ciel/sky130/versions/d815bb30c9afdf9e264c276a8a2b533108dea3d0/sky130A/libs.ref/sky130_fd_io/lib/sky130_fd_io__top_hvclampv2_ff_ss_n40C_1v95_1v95_1v65.lib,no
sky130A,,top_hvclampv2_ff_ss_n40C_1v95_1v95_1v95,3235,ciel/sky130/versions/d815bb30c9afdf9e264c276a8a2b533108dea3d0/sky130A/libs.ref/sky130_fd_io/lib/sky130_fd_io__top_hvclampv2_ff_ss_n40C_1v95_1v95_1v95.lib,no
sky130A,,top_hvclampv2_ff_ss_n40C_1v95_5v50_1v65,3235,ciel/sky130/versions/d815bb30c9afdf9e264c276a8a2b533108dea3d0/sky130A/libs.ref/sky130_fd_io/lib/sky130_fd_io__top_hvclampv2_ff_ss_n40C_1v95_5v50_1v65.lib,no
sky130A,,top_hvclampv2_ss_100C_1v40_1v65_1v65,3246,ciel/sky130/versions/d815bb30c9afdf9e264c276a8a2b533108dea3d0/sky130A/libs.ref/sky130_fd_io/lib/sky130_fd_io__top_hvclampv2_ss_100C_1v40_1v65_1v65.lib,no
sky130A,,top_hvclampv2_ss_100C_1v60_1v65_1v65,3246,ciel/sky130/versions/d815bb30c9afdf9e264c276a8a2b533108dea3d0/sky130A/libs.ref/sky130_fd_io/lib/sky130_fd_io__top_hvclampv2_ss_100C_1v60_1v65_1v65.lib,no
sky130A,,top_hvclampv2_ss_100C_1v60_3v00_3v00,3246,ciel/sky130/versions/d815bb30c9afdf9e264c276a8a2b533108dea3d0/sky130A/libs.ref/sky130_fd_io/lib/sky130_fd_io__top_hvclampv2_ss_100C_1v60_3v00_3v00.lib,no
sky130A,,top_hvclampv2_ss_100C_1v60_5v50_1v65,3246,ciel/sky130/versions/d815bb30c9afdf9e264c276a8a2b533108dea3d0/sky130A/libs.ref/sky130_fd_io/lib/sky130_fd_io__top_hvclampv2_ss_100C_1v60_5v50_1v65.lib,no
sky130A,,top_hvclampv2_ss_ff_100C_1v40_5v50_5v50,3236,ciel/sky130/versions/d815bb30c9afdf9e264c276a8a2b533108dea3d0/sky130A/libs.ref/sky130_fd_io/lib/sky130_fd_io__top_hvclampv2_ss_ff_100C_1v40_5v50_5v50.lib,no
sky130A,,top_hvclampv2_ss_ff_100C_1v60_5v50_1v65,3238,ciel/sky130/versions/d815bb30c9afdf9e264c276a8a2b533108dea3d0/sky130A/libs.ref/sky130_fd_io/lib/sky130_fd_io__top_hvclampv2_ss_ff_100C_1v60_5v50_1v65.lib,no
sky130A,,top_hvclampv2_ss_ff_100C_1v60_5v50_5v50,3238,ciel/sky130/versions/d815bb30c9afdf9e264c276a8a2b533108dea3d0/sky130A/libs.ref/sky130_fd_io/lib/sky130_fd_io__top_hvclampv2_ss_ff_100C_1v60_5v50_5v50.lib,no
sky130A,,top_hvclampv2_ss_ff_n40C_1v35_5v50_5v50,3236,ciel/sky130/versions/d815bb30c9afdf9e264c276a8a2b533108dea3d0/sky130A/libs.ref/sky130_fd_io/lib/sky130_fd_io__top_hvclampv2_ss_ff_n40C_1v35_5v50_5v50.lib,no
sky130A,,top_hvclampv2_ss_ff_n40C_1v60_5v50_1v65,3236,ciel/sky130/versions/d815bb30c9afdf9e264c276a8a2b533108dea3d0/sky130A/libs.ref/sky130_fd_io/lib/sky130_fd_io__top_hvclampv2_ss_ff_n40C_1v60_5v50_1v65.lib,no
sky130A,,top_hvclampv2_ss_ff_n40C_1v60_5v50_5v50,3236,ciel/sky130/versions/d815bb30c9afdf9e264c276a8a2b533108dea3d0/sky130A/libs.ref/sky130_fd_io/lib/sky130_fd_io__top_hvclampv2_ss_ff_n40C_1v60_5v50_5v50.lib,no
sky130A,,top_hvclampv2_ss_n40C_1v35_1v65_1v65,3226,ciel/sky130/versions/d815bb30c9afdf9e264c276a8a2b533108dea3d0/sky130A/libs.ref/sky130_fd_io/lib/sky130_fd_io__top_hvclampv2_ss_n40C_1v35_1v65_1v65.lib,no
sky130A,,top_hvclampv2_ss_n40C_1v40_1v65_1v65,3226,ciel/sky130/versions/d815bb30c9afdf9e264c276a8a2b533108dea3d0/sky130A/libs.ref/sky130_fd_io/lib/sky130_fd_io__top_hvclampv2_ss_n40C_1v40_1v65_1v65.lib,no
sky130A,,top_hvclampv2_ss_n40C_1v60_1v65_1v65,3226,ciel/sky130/versions/d815bb30c9afdf9e264c276a8a2b533108dea3d0/sky130A/libs.ref/sky130_fd_io/lib/sky130_fd_io__top_hvclampv2_ss_n40C_1v60_1v65_1v65.lib,no
sky130A,,top_hvclampv2_ss_n40C_1v60_5v50_1v65,3226,ciel/sky130/versions/d815bb30c9afdf9e264c276a8a2b533108dea3d0/sky130A/libs.ref/sky130_fd_io/lib/sky130_fd_io__top_hvclampv2_ss_n40C_1v60_5v50_1v65.lib,no
sky130A,,top_hvclampv2_tt_025C_1v80_3v30_3v30,3296,ciel/sky130/versions/d815bb30c9afdf9e264c276a8a2b533108dea3d0/sky130A/libs.ref/sky130_fd_io/lib/sky130_fd_io__top_hvclampv2_tt_025C_1v80_3v30_3v30.lib,no
sky130A,,top_lvc_b2b_ff_100C_1v95_5v50,3638,ciel/sky130/versions/d815bb30c9afdf9e264c276a8a2b533108dea3d0/sky130A/libs.ref/sky130_fd_io/lib/sky130_fd_io__top_lvc_b2b_ff_100C_1v95_5v50.lib,no
sky130A,,top_lvc_b2b_ff_100C_1v95_5v50_1v65,3606,ciel/sky130/versions/d815bb30c9afdf9e264c276a8a2b533108dea3d0/sky130A/libs.ref/sky130_fd_io/lib/sky130_fd_io__top_lvc_b2b_ff_100C_1v95_5v50_1v65.lib,no
sky130A,,top_lvc_b2b_ff_n40C_1v95_5v50,3614,ciel/sky130/versions/d815bb30c9afdf9e264c276a8a2b533108dea3d0/sky130A/libs.ref/sky130_fd_io/lib/sky130_fd_io__top_lvc_b2b_ff_n40C_1v95_5v50.lib,no
sky130A,,top_lvc_b2b_ff_n40C_1v95_5v50_1v65,3587,ciel/sky130/versions/d815bb30c9afdf9e264c276a8a2b533108dea3d0/sky130A/libs.ref/sky130_fd_io/lib/sky130_fd_io__top_lvc_b2b_ff_n40C_1v95_5v50_1v65.lib,no
sky130A,,top_lvc_b2b_ff_ss_100C_1v65_1v65_1v65,3601,ciel/sky130/versions/d815bb30c9afdf9e264c276a8a2b533108dea3d0/sky130A/libs.ref/sky130_fd_io/lib/sky130_fd_io__top_lvc_b2b_ff_ss_100C_1v65_1v65_1v65.lib,no
sky130A,,top_lvc_b2b_ff_ss_100C_1v95_1v95_1v65,3601,ciel/sky130/versions/d815bb30c9afdf9e264c276a8a2b533108dea3d0/sky130A/libs.ref/sky130_fd_io/lib/sky130_fd_io__top_lvc_b2b_ff_ss_100C_1v95_1v95_1v65.lib,no
sky130A,,top_lvc_b2b_ff_ss_100C_1v95_1v95_1v95,3601,ciel/sky130/versions/d815bb30c9afdf9e264c276a8a2b533108dea3d0/sky130A/libs.ref/sky130_fd_io/lib/sky130_fd_io__top_lvc_b2b_ff_ss_100C_1v95_1v95_1v95.lib,no
sky130A,,top_lvc_b2b_ff_ss_n40C_1v65_1v65_1v65,3601,ciel/sky130/versions/d815bb30c9afdf9e264c276a8a2b533108dea3d0/sky130A/libs.ref/sky130_fd_io/lib/sky130_fd_io__top_lvc_b2b_ff_ss_n40C_1v65_1v65_1v65.lib,no
sky130A,,top_lvc_b2b_ff_ss_n40C_1v95_1v95_1v65,3601,ciel/sky130/versions/d815bb30c9afdf9e264c276a8a2b533108dea3d0/sky130A/libs.ref/sky130_fd_io/lib/sky130_fd_io__top_lvc_b2b_ff_ss_n40C_1v95_1v95_1v65.lib,no
sky130A,,top_lvc_b2b_ff_ss_n40C_1v95_1v95_1v95,3601,ciel/sky130/versions/d815bb30c9afdf9e264c276a8a2b533108dea3d0/sky130A/libs.ref/sky130_fd_io/lib/sky130_fd_io__top_lvc_b2b_ff_ss_n40C_1v95_1v95_1v95.lib,no
sky130A,,top_lvc_b2b_ss_100C_1v40_1v65,3654,ciel/sky130/versions/d815bb30c9afdf9e264c276a8a2b533108dea3d0/sky130A/libs.ref/sky130_fd_io/lib/sky130_fd_io__top_lvc_b2b_ss_100C_1v40_1v65.lib,no
sky130A,,top_lvc_b2b_ss_100C_1v45_1v65,3670,ciel/sky130/versions/d815bb30c9afdf9e264c276a8a2b533108dea3d0/sky130A/libs.ref/sky130_fd_io/lib/sky130_fd_io__top_lvc_b2b_ss_100C_1v45_1v65.lib,no
sky130A,,top_lvc_b2b_ss_100C_1v60_1v65,3634,ciel/sky130/versions/d815bb30c9afdf9e264c276a8a2b533108dea3d0/sky130A/libs.ref/sky130_fd_io/lib/sky130_fd_io__top_lvc_b2b_ss_100C_1v60_1v65.lib,no
sky130A,,top_lvc_b2b_ss_100C_1v60_3v00,3642,ciel/sky130/versions/d815bb30c9afdf9e264c276a8a2b533108dea3d0/sky130A/libs.ref/sky130_fd_io/lib/sky130_fd_io__top_lvc_b2b_ss_100C_1v60_3v00.lib,no
sky130A,,top_lvc_b2b_ss_100C_1v60_5v50_1v65,3610,ciel/sky130/versions/d815bb30c9afdf9e264c276a8a2b533108dea3d0/sky130A/libs.ref/sky130_fd_io/lib/sky130_fd_io__top_lvc_b2b_ss_100C_1v60_5v50_1v65.lib,no
sky130A,,top_lvc_b2b_ss_ff_100C_1v40_5v50_5v50,3601,ciel/sky130/versions/d815bb30c9afdf9e264c276a8a2b533108dea3d0/sky130A/libs.ref/sky130_fd_io/lib/sky130_fd_io__top_lvc_b2b_ss_ff_100C_1v40_5v50_5v50.lib,no
sky130A,,top_lvc_b2b_ss_ff_100C_1v60_5v50_5v50,3601,ciel/sky130/versions/d815bb30c9afdf9e264c276a8a2b533108dea3d0/sky130A/libs.ref/sky130_fd_io/lib/sky130_fd_io__top_lvc_b2b_ss_ff_100C_1v60_5v50_5v50.lib,no
sky130A,,top_lvc_b2b_ss_ff_n40C_1v35_5v50_5v50,3601,ciel/sky130/versions/d815bb30c9afdf9e264c276a8a2b533108dea3d0/sky130A/libs.ref/sky130_fd_io/lib/sky130_fd_io__top_lvc_b2b_ss_ff_n40C_1v35_5v50_5v50.lib,no
sky130A,,top_lvc_b2b_ss_ff_n40C_1v60_5v50_5v50,3601,ciel/sky130/versions/d815bb30c9afdf9e264c276a8a2b533108dea3d0/sky130A/libs.ref/sky130_fd_io/lib/sky130_fd_io__top_lvc_b2b_ss_ff_n40C_1v60_5v50_5v50.lib,no
sky130A,,top_lvc_b2b_ss_n40C_1v35_1v65_1v65,3592,ciel/sky130/versions/d815bb30c9afdf9e264c276a8a2b533108dea3d0/sky130A/libs.ref/sky130_fd_io/lib/sky130_fd_io__top_lvc_b2b_ss_n40C_1v35_1v65_1v65.lib,no
sky130A,,top_lvc_b2b_ss_n40C_1v40_1v65,3643,ciel/sky130/versions/d815bb30c9afdf9e264c276a8a2b533108dea3d0/sky130A/libs.ref/sky130_fd_io/lib/sky130_fd_io__top_lvc_b2b_ss_n40C_1v40_1v65.lib,no
sky130A,,top_lvc_b2b_ss_n40C_1v45_1v65,3655,ciel/sky130/versions/d815bb30c9afdf9e264c276a8a2b533108dea3d0/sky130A/libs.ref/sky130_fd_io/lib/sky130_fd_io__top_lvc_b2b_ss_n40C_1v45_1v65.lib,no
sky130A,,top_lvc_b2b_ss_n40C_1v60_1v65,3613,ciel/sky130/versions/d815bb30c9afdf9e264c276a8a2b533108dea3d0/sky130A/libs.ref/sky130_fd_io/lib/sky130_fd_io__top_lvc_b2b_ss_n40C_1v60_1v65.lib,no
sky130A,,top_lvc_b2b_ss_n40C_1v60_5v50_1v65,3592,ciel/sky130/versions/d815bb30c9afdf9e264c276a8a2b533108dea3d0/sky130A/libs.ref/sky130_fd_io/lib/sky130_fd_io__top_lvc_b2b_ss_n40C_1v60_5v50_1v65.lib,no
sky130A,,top_lvc_b2b_tt_025C_1v80_3v30,3613,ciel/sky130/versions/d815bb30c9afdf9e264c276a8a2b533108dea3d0/sky130A/libs.ref/sky130_fd_io/lib/sky130_fd_io__top_lvc_b2b_tt_025C_1v80_3v30.lib,no
sky130A,,top_lvc_b2b_tt_100C_1v80_3v30,3636,ciel/sky130/versions/d815bb30c9afdf9e264c276a8a2b533108dea3d0/sky130A/libs.ref/sky130_fd_io/lib/sky130_fd_io__top_lvc_b2b_tt_100C_1v80_3v30.lib,no
sky130A,,top_lvclamp_ff_100C_1v60_5v50,3094,ciel/sky130/versions/d815bb30c9afdf9e264c276a8a2b533108dea3d0/sky130A/libs.ref/sky130_fd_io/lib/sky130_fd_io__top_lvclamp_ff_100C_1v60_5v50.lib,no
sky130A,,top_lvclamp_ff_100C_1v95_5v50,3104,ciel/sky130/versions/d815bb30c9afdf9e264c276a8a2b533108dea3d0/sky130A/libs.ref/sky130_fd_io/lib/sky130_fd_io__top_lvclamp_ff_100C_1v95_5v50.lib,no
sky130A,,top_lvclamp_ff_100C_1v95_5v50_1v65,3132,ciel/sky130/versions/d815bb30c9afdf9e264c276a8a2b533108dea3d0/sky130A/libs.ref/sky130_fd_io/lib/sky130_fd_io__top_lvclamp_ff_100C_1v95_5v50_1v65.lib,no
sky130A,,top_lvclamp_ff_n40C_1v60_5v50,3081,ciel/sky130/versions/d815bb30c9afdf9e264c276a8a2b533108dea3d0/sky130A/libs.ref/sky130_fd_io/lib/sky130_fd_io__top_lvclamp_ff_n40C_1v60_5v50.lib,no
sky130A,,top_lvclamp_ff_n40C_1v95_5v50,3081,ciel/sky130/versions/d815bb30c9afdf9e264c276a8a2b533108dea3d0/sky130A/libs.ref/sky130_fd_io/lib/sky130_fd_io__top_lvclamp_ff_n40C_1v95_5v50.lib,no
sky130A,,top_lvclamp_ff_n40C_1v95_5v50_1v65,3114,ciel/sky130/versions/d815bb30c9afdf9e264c276a8a2b533108dea3d0/sky130A/libs.ref/sky130_fd_io/lib/sky130_fd_io__top_lvclamp_ff_n40C_1v95_5v50_1v65.lib,no
sky130A,,top_lvclamp_ff_ss_100C_1v65_1v65_1v65,3123,ciel/sky130/versions/d815bb30c9afdf9e264c276a8a2b533108dea3d0/sky130A/libs.ref/sky130_fd_io/lib/sky130_fd_io__top_lvclamp_ff_ss_100C_1v65_1v65_1v65.lib,no
sky130A,,top_lvclamp_ff_ss_100C_1v95_1v95_1v65,3123,ciel/sky130/versions/d815bb30c9afdf9e264c276a8a2b533108dea3d0/sky130A/libs.ref/sky130_fd_io/lib/sky130_fd_io__top_lvclamp_ff_ss_100C_1v95_1v95_1v65.lib,no
sky130A,,top_lvclamp_ff_ss_100C_1v95_1v95_1v95,3123,ciel/sky130/versions/d815bb30c9afdf9e264c276a8a2b533108dea3d0/sky130A/libs.ref/sky130_fd_io/lib/sky130_fd_io__top_lvclamp_ff_ss_100C_1v95_1v95_1v95.lib,no
sky130A,,top_lvclamp_ff_ss_n40C_1v65_1v65_1v65,3123,ciel/sky130/versions/d815bb30c9afdf9e264c276a8a2b533108dea3d0/sky130A/libs.ref/sky130_fd_io/lib/sky130_fd_io__top_lvclamp_ff_ss_n40C_1v65_1v65_1v65.lib,no
sky130A,,top_lvclamp_ff_ss_n40C_1v95_1v95_1v65,3123,ciel/sky130/versions/d815bb30c9afdf9e264c276a8a2b533108dea3d0/sky130A/libs.ref/sky130_fd_io/lib/sky130_fd_io__top_lvclamp_ff_ss_n40C_1v95_1v95_1v65.lib,no
sky130A,,top_lvclamp_ff_ss_n40C_1v95_1v95_1v95,3123,ciel/sky130/versions/d815bb30c9afdf9e264c276a8a2b533108dea3d0/sky130A/libs.ref/sky130_fd_io/lib/sky130_fd_io__top_lvclamp_ff_ss_n40C_1v95_1v95_1v95.lib,no
sky130A,,top_lvclamp_ss_100C_1v40_1v65,3124,ciel/sky130/versions/d815bb30c9afdf9e264c276a8a2b533108dea3d0/sky130A/libs.ref/sky130_fd_io/lib/sky130_fd_io__top_lvclamp_ss_100C_1v40_1v65.lib,no
sky130A,,top_lvclamp_ss_100C_1v45_1v65,3136,ciel/sky130/versions/d815bb30c9afdf9e264c276a8a2b533108dea3d0/sky130A/libs.ref/sky130_fd_io/lib/sky130_fd_io__top_lvclamp_ss_100C_1v45_1v65.lib,no
sky130A,,top_lvclamp_ss_100C_1v60_1v65,3102,ciel/sky130/versions/d815bb30c9afdf9e264c276a8a2b533108dea3d0/sky130A/libs.ref/sky130_fd_io/lib/sky130_fd_io__top_lvclamp_ss_100C_1v60_1v65.lib,no
sky130A,,top_lvclamp_ss_100C_1v60_3v00,3108,ciel/sky130/versions/d815bb30c9afdf9e264c276a8a2b533108dea3d0/sky130A/libs.ref/sky130_fd_io/lib/sky130_fd_io__top_lvclamp_ss_100C_1v60_3v00.lib,no
sky130A,,top_lvclamp_ss_100C_1v60_5v50_1v65,3132,ciel/sky130/versions/d815bb30c9afdf9e264c276a8a2b533108dea3d0/sky130A/libs.ref/sky130_fd_io/lib/sky130_fd_io__top_lvclamp_ss_100C_1v60_5v50_1v65.lib,no
sky130A,,top_lvclamp_ss_100C_1v95_1v95,3094,ciel/sky130/versions/d815bb30c9afdf9e264c276a8a2b533108dea3d0/sky130A/libs.ref/sky130_fd_io/lib/sky130_fd_io__top_lvclamp_ss_100C_1v95_1v95.lib,no
sky130A,,top_lvclamp_ss_ff_100C_1v40_5v50_5v50,3123,ciel/sky130/versions/d815bb30c9afdf9e264c276a8a2b533108dea3d0/sky130A/libs.ref/sky130_fd_io/lib/sky130_fd_io__top_lvclamp_ss_ff_100C_1v40_5v50_5v50.lib,no
sky130A,,top_lvclamp_ss_ff_100C_1v60_5v50_5v50,3123,ciel/sky130/versions/d815bb30c9afdf9e264c276a8a2b533108dea3d0/sky130A/libs.ref/sky130_fd_io/lib/sky130_fd_io__top_lvclamp_ss_ff_100C_1v60_5v50_5v50.lib,no
sky130A,,top_lvclamp_ss_ff_n40C_1v35_5v50_5v50,3123,ciel/sky130/versions/d815bb30c9afdf9e264c276a8a2b533108dea3d0/sky130A/libs.ref/sky130_fd_io/lib/sky130_fd_io__top_lvclamp_ss_ff_n40C_1v35_5v50_5v50.lib,no
sky130A,,top_lvclamp_ss_ff_n40C_1v60_5v50_5v50,3123,ciel/sky130/versions/d815bb30c9afdf9e264c276a8a2b533108dea3d0/sky130A/libs.ref/sky130_fd_io/lib/sky130_fd_io__top_lvclamp_ss_ff_n40C_1v60_5v50_5v50.lib,no
sky130A,,top_lvclamp_ss_n40C_1v35_1v65_1v65,3114,ciel/sky130/versions/d815bb30c9afdf9e264c276a8a2b533108dea3d0/sky130A/libs.ref/sky130_fd_io/lib/sky130_fd_io__top_lvclamp_ss_n40C_1v35_1v65_1v65.lib,no
sky130A,,top_lvclamp_ss_n40C_1v40_1v65,3111,ciel/sky130/versions/d815bb30c9afdf9e264c276a8a2b533108dea3d0/sky130A/libs.ref/sky130_fd_io/lib/sky130_fd_io__top_lvclamp_ss_n40C_1v40_1v65.lib,no
sky130A,,top_lvclamp_ss_n40C_1v45_1v65,3123,ciel/sky130/versions/d815bb30c9afdf9e264c276a8a2b533108dea3d0/sky130A/libs.ref/sky130_fd_io/lib/sky130_fd_io__top_lvclamp_ss_n40C_1v45_1v65.lib,no
sky130A,,top_lvclamp_ss_n40C_1v60_1v65,3081,ciel/sky130/versions/d815bb30c9afdf9e264c276a8a2b533108dea3d0/sky130A/libs.ref/sky130_fd_io/lib/sky130_fd_io__top_lvclamp_ss_n40C_1v60_1v65.lib,no
sky130A,,top_lvclamp_ss_n40C_1v60_5v50_1v65,3114,ciel/sky130/versions/d815bb30c9afdf9e264c276a8a2b533108dea3d0/sky130A/libs.ref/sky130_fd_io/lib/sky130_fd_io__top_lvclamp_ss_n40C_1v60_5v50_1v65.lib,no
sky130A,,top_lvclamp_ss_n40C_1v65_1v65,3081,ciel/sky130/versions/d815bb30c9afdf9e264c276a8a2b533108dea3d0/sky130A/libs.ref/sky130_fd_io/lib/sky130_fd_io__top_lvclamp_ss_n40C_1v65_1v65.lib,no
sky130A,,top_lvclamp_ss_n40C_1v95_1v95,3081,ciel/sky130/versions/d815bb30c9afdf9e264c276a8a2b533108dea3d0/sky130A/libs.ref/sky130_fd_io/lib/sky130_fd_io__top_lvclamp_ss_n40C_1v95_1v95.lib,no
sky130A,,top_lvclamp_tt_025C_1v80_3v30,3081,ciel/sky130/versions/d815bb30c9afdf9e264c276a8a2b533108dea3d0/sky130A/libs.ref/sky130_fd_io/lib/sky130_fd_io__top_lvclamp_tt_025C_1v80_3v30.lib,no
sky130A,,top_lvclamp_tt_100C_1v80_3v30,3102,ciel/sky130/versions/d815bb30c9afdf9e264c276a8a2b533108dea3d0/sky130A/libs.ref/sky130_fd_io/lib/sky130_fd_io__top_lvclamp_tt_100C_1v80_3v30.lib,no
sky130A,,top_power_hvc_wpad_ff_100C_1v95_5v50_1v65,4796,ciel/sky130/versions/d815bb30c9afdf9e264c276a8a2b533108dea3d0/sky130A/libs.ref/sky130_fd_io/lib/sky130_fd_io__top_power_hvc_wpad_ff_100C_1v95_5v50_1v65.lib,no
sky130A,,top_power_hvc_wpad_ff_100C_1v95_5v50_5v50,4794,ciel/sky130/versions/d815bb30c9afdf9e264c276a8a2b533108dea3d0/sky130A/libs.ref/sky130_fd_io/lib/sky130_fd_io__top_power_hvc_wpad_ff_100C_1v95_5v50_5v50.lib,no
sky130A,,top_power_hvc_wpad_ff_n40C_1v95_5v50_1v65,4794,ciel/sky130/versions/d815bb30c9afdf9e264c276a8a2b533108dea3d0/sky130A/libs.ref/sky130_fd_io/lib/sky130_fd_io__top_power_hvc_wpad_ff_n40C_1v95_5v50_1v65.lib,no
sky130A,,top_power_hvc_wpad_ff_n40C_1v95_5v50_5v50,4794,ciel/sky130/versions/d815bb30c9afdf9e264c276a8a2b533108dea3d0/sky130A/libs.ref/sky130_fd_io/lib/sky130_fd_io__top_power_hvc_wpad_ff_n40C_1v95_5v50_5v50.lib,no
sky130A,,top_power_hvc_wpad_ff_ss_100C_1v65_1v65_1v65,4803,ciel/sky130/versions/d815bb30c9afdf9e264c276a8a2b533108dea3d0/sky130A/libs.ref/sky130_fd_io/lib/sky130_fd_io__top_power_hvc_wpad_ff_ss_100C_1v65_1v65_1v65.lib,no
sky130A,,top_power_hvc_wpad_ff_ss_100C_1v95_1v95_1v65,4803,ciel/sky130/versions/d815bb30c9afdf9e264c276a8a2b533108dea3d0/sky130A/libs.ref/sky130_fd_io/lib/sky130_fd_io__top_power_hvc_wpad_ff_ss_100C_1v95_1v95_1v65.lib,no
sky130A,,top_power_hvc_wpad_ff_ss_100C_1v95_1v95_1v95,4803,ciel/sky130/versions/d815bb30c9afdf9e264c276a8a2b533108dea3d0/sky130A/libs.ref/sky130_fd_io/lib/sky130_fd_io__top_power_hvc_wpad_ff_ss_100C_1v95_1v95_1v95.lib,no
sky130A,,top_power_hvc_wpad_ff_ss_100C_1v95_5v50_1v65,4803,ciel/sky130/versions/d815bb30c9afdf9e264c276a8a2b533108dea3d0/sky130A/libs.ref/sky130_fd_io/lib/sky130_fd_io__top_power_hvc_wpad_ff_ss_100C_1v95_5v50_1v65.lib,no
sky130A,,top_power_hvc_wpad_ff_ss_n40C_1v65_1v65_1v65,4801,ciel/sky130/versions/d815bb30c9afdf9e264c276a8a2b533108dea3d0/sky130A/libs.ref/sky130_fd_io/lib/sky130_fd_io__top_power_hvc_wpad_ff_ss_n40C_1v65_1v65_1v65.lib,no
sky130A,,top_power_hvc_wpad_ff_ss_n40C_1v95_1v95_1v65,4801,ciel/sky130/versions/d815bb30c9afdf9e264c276a8a2b533108dea3d0/sky130A/libs.ref/sky130_fd_io/lib/sky130_fd_io__top_power_hvc_wpad_ff_ss_n40C_1v95_1v95_1v65.lib,no
sky130A,,top_power_hvc_wpad_ff_ss_n40C_1v95_1v95_1v95,4801,ciel/sky130/versions/d815bb30c9afdf9e264c276a8a2b533108dea3d0/sky130A/libs.ref/sky130_fd_io/lib/sky130_fd_io__top_power_hvc_wpad_ff_ss_n40C_1v95_1v95_1v95.lib,no
sky130A,,top_power_hvc_wpad_ff_ss_n40C_1v95_5v50_1v65,4801,ciel/sky130/versions/d815bb30c9afdf9e264c276a8a2b533108dea3d0/sky130A/libs.ref/sky130_fd_io/lib/sky130_fd_io__top_power_hvc_wpad_ff_ss_n40C_1v95_5v50_1v65.lib,no
sky130A,,top_power_hvc_wpad_ss_100C_1v40_1v65_1v65,4795,ciel/sky130/versions/d815bb30c9afdf9e264c276a8a2b533108dea3d0/sky130A/libs.ref/sky130_fd_io/lib/sky130_fd_io__top_power_hvc_wpad_ss_100C_1v40_1v65_1v65.lib,no
sky130A,,top_power_hvc_wpad_ss_100C_1v60_1v65_1v65,4795,ciel/sky130/versions/d815bb30c9afdf9e264c276a8a2b533108dea3d0/sky130A/libs.ref/sky130_fd_io/lib/sky130_fd_io__top_power_hvc_wpad_ss_100C_1v60_1v65_1v65.lib,no
sky130A,,top_power_hvc_wpad_ss_100C_1v60_3v00_3v00,4795,ciel/sky130/versions/d815bb30c9afdf9e264c276a8a2b533108dea3d0/sky130A/libs.ref/sky130_fd_io/lib/sky130_fd_io__top_power_hvc_wpad_ss_100C_1v60_3v00_3v00.lib,no
sky130A,,top_power_hvc_wpad_ss_100C_1v60_5v50_1v65,4795,ciel/sky130/versions/d815bb30c9afdf9e264c276a8a2b533108dea3d0/sky130A/libs.ref/sky130_fd_io/lib/sky130_fd_io__top_power_hvc_wpad_ss_100C_1v60_5v50_1v65.lib,no
sky130A,,top_power_hvc_wpad_ss_ff_100C_1v40_5v50_5v50,4802,ciel/sky130/versions/d815bb30c9afdf9e264c276a8a2b533108dea3d0/sky130A/libs.ref/sky130_fd_io/lib/sky130_fd_io__top_power_hvc_wpad_ss_ff_100C_1v40_5v50_5v50.lib,no
sky130A,,top_power_hvc_wpad_ss_ff_100C_1v60_5v50_1v65,4804,ciel/sky130/versions/d815bb30c9afdf9e264c276a8a2b533108dea3d0/sky130A/libs.ref/sky130_fd_io/lib/sky130_fd_io__top_power_hvc_wpad_ss_ff_100C_1v60_5v50_1v65.lib,no
sky130A,,top_power_hvc_wpad_ss_ff_100C_1v60_5v50_5v50,4804,ciel/sky130/versions/d815bb30c9afdf9e264c276a8a2b533108dea3d0/sky130A/libs.ref/sky130_fd_io/lib/sky130_fd_io__top_power_hvc_wpad_ss_ff_100C_1v60_5v50_5v50.lib,no
sky130A,,top_power_hvc_wpad_ss_ff_n40C_1v35_5v50_5v50,4802,ciel/sky130/versions/d815bb30c9afdf9e264c276a8a2b533108dea3d0/sky130A/libs.ref/sky130_fd_io/lib/sky130_fd_io__top_power_hvc_wpad_ss_ff_n40C_1v35_5v50_5v50.lib,no
sky130A,,top_power_hvc_wpad_ss_ff_n40C_1v60_5v50_1v65,4802,ciel/sky130/versions/d815bb30c9afdf9e264c276a8a2b533108dea3d0/sky130A/libs.ref/sky130_fd_io/lib/sky130_fd_io__top_power_hvc_wpad_ss_ff_n40C_1v60_5v50_1v65.lib,no
sky130A,,top_power_hvc_wpad_ss_ff_n40C_1v60_5v50_5v50,4802,ciel/sky130/versions/d815bb30c9afdf9e264c276a8a2b533108dea3d0/sky130A/libs.ref/sky130_fd_io/lib/sky130_fd_io__top_power_hvc_wpad_ss_ff_n40C_1v60_5v50_5v50.lib,no
sky130A,,top_power_hvc_wpad_ss_n40C_1v35_1v65_1v65,4793,ciel/sky130/versions/d815bb30c9afdf9e264c276a8a2b533108dea3d0/sky130A/libs.ref/sky130_fd_io/lib/sky130_fd_io__top_power_hvc_wpad_ss_n40C_1v35_1v65_1v65.lib,no
sky130A,,top_power_hvc_wpad_ss_n40C_1v40_1v65_1v65,4793,ciel/sky130/versions/d815bb30c9afdf9e264c276a8a2b533108dea3d0/sky130A/libs.ref/sky130_fd_io/lib/sky130_fd_io__top_power_hvc_wpad_ss_n40C_1v40_1v65_1v65.lib,no
sky130A,,top_power_hvc_wpad_ss_n40C_1v60_1v65_1v65,4793,ciel/sky130/versions/d815bb30c9afdf9e264c276a8a2b533108dea3d0/sky130A/libs.ref/sky130_fd_io/lib/sky130_fd_io__top_power_hvc_wpad_ss_n40C_1v60_1v65_1v65.lib,no
sky130A,,top_power_hvc_wpad_ss_n40C_1v60_5v50_1v65,4793,ciel/sky130/versions/d815bb30c9afdf9e264c276a8a2b533108dea3d0/sky130A/libs.ref/sky130_fd_io/lib/sky130_fd_io__top_power_hvc_wpad_ss_n40C_1v60_5v50_1v65.lib,no
sky130A,,top_power_hvc_wpad_tt_025C_1v80_3v30_3v30,4790,ciel/sky130/versions/d815bb30c9afdf9e264c276a8a2b533108dea3d0/sky130A/libs.ref/sky130_fd_io/lib/sky130_fd_io__top_power_hvc_wpad_tt_025C_1v80_3v30_3v30.lib,no
sky130A,,top_power_lvc_wpad_ff_100C_1v95_5v50_1v65,5164,ciel/sky130/versions/d815bb30c9afdf9e264c276a8a2b533108dea3d0/sky130A/libs.ref/sky130_fd_io/lib/sky130_fd_io__top_power_lvc_wpad_ff_100C_1v95_5v50_1v65.lib,no
sky130A,,top_power_lvc_wpad_ff_100C_1v95_5v50_5v50,5163,ciel/sky130/versions/d815bb30c9afdf9e264c276a8a2b533108dea3d0/sky130A/libs.ref/sky130_fd_io/lib/sky130_fd_io__top_power_lvc_wpad_ff_100C_1v95_5v50_5v50.lib,no
sky130A,,top_power_lvc_wpad_ff_n40C_1v95_5v50_1v65,5162,ciel/sky130/versions/d815bb30c9afdf9e264c276a8a2b533108dea3d0/sky130A/libs.ref/sky130_fd_io/lib/sky130_fd_io__top_power_lvc_wpad_ff_n40C_1v95_5v50_1v65.lib,no
sky130A,,top_power_lvc_wpad_ff_n40C_1v95_5v50_5v50,5162,ciel/sky130/versions/d815bb30c9afdf9e264c276a8a2b533108dea3d0/sky130A/libs.ref/sky130_fd_io/lib/sky130_fd_io__top_power_lvc_wpad_ff_n40C_1v95_5v50_5v50.lib,no
sky130A,,top_power_lvc_wpad_ff_ss_100C_1v65_1v65_1v65,5170,ciel/sky130/versions/d815bb30c9afdf9e264c276a8a2b533108dea3d0/sky130A/libs.ref/sky130_fd_io/lib/sky130_fd_io__top_power_lvc_wpad_ff_ss_100C_1v65_1v65_1v65.lib,no
sky130A,,top_power_lvc_wpad_ff_ss_100C_1v95_1v95_1v65,5170,ciel/sky130/versions/d815bb30c9afdf9e264c276a8a2b533108dea3d0/sky130A/libs.ref/sky130_fd_io/lib/sky130_fd_io__top_power_lvc_wpad_ff_ss_100C_1v95_1v95_1v65.lib,no
sky130A,,top_power_lvc_wpad_ff_ss_100C_1v95_1v95_1v95,5170,ciel/sky130/versions/d815bb30c9afdf9e264c276a8a2b533108dea3d0/sky130A/libs.ref/sky130_fd_io/lib/sky130_fd_io__top_power_lvc_wpad_ff_ss_100C_1v95_1v95_1v95.lib,no
sky130A,,top_power_lvc_wpad_ff_ss_100C_1v95_5v50_1v65,5170,ciel/sky130/versions/d815bb30c9afdf9e264c276a8a2b533108dea3d0/sky130A/libs.ref/sky130_fd_io/lib/sky130_fd_io__top_power_lvc_wpad_ff_ss_100C_1v95_5v50_1v65.lib,no
sky130A,,top_power_lvc_wpad_ff_ss_n40C_1v65_1v65_1v65,5169,ciel/sky130/versions/d815bb30c9afdf9e264c276a8a2b533108dea3d0/sky130A/libs.ref/sky130_fd_io/lib/sky130_fd_io__top_power_lvc_wpad_ff_ss_n40C_1v65_1v65_1v65.lib,no
sky130A,,top_power_lvc_wpad_ff_ss_n40C_1v95_1v95_1v65,5169,ciel/sky130/versions/d815bb30c9afdf9e264c276a8a2b533108dea3d0/sky130A/libs.ref/sky130_fd_io/lib/sky130_fd_io__top_power_lvc_wpad_ff_ss_n40C_1v95_1v95_1v65.lib,no
sky130A,,top_power_lvc_wpad_ff_ss_n40C_1v95_1v95_1v95,5169,ciel/sky130/versions/d815bb30c9afdf9e264c276a8a2b533108dea3d0/sky130A/libs.ref/sky130_fd_io/lib/sky130_fd_io__top_power_lvc_wpad_ff_ss_n40C_1v95_1v95_1v95.lib,no
sky130A,,top_power_lvc_wpad_ff_ss_n40C_1v95_5v50_1v65,5169,ciel/sky130/versions/d815bb30c9afdf9e264c276a8a2b533108dea3d0/sky130A/libs.ref/sky130_fd_io/lib/sky130_fd_io__top_power_lvc_wpad_ff_ss_n40C_1v95_5v50_1v65.lib,no
sky130A,,top_power_lvc_wpad_ss_100C_1v40_1v65_1v65,5163,ciel/sky130/versions/d815bb30c9afdf9e264c276a8a2b533108dea3d0/sky130A/libs.ref/sky130_fd_io/lib/sky130_fd_io__top_power_lvc_wpad_ss_100C_1v40_1v65_1v65.lib,no
sky130A,,top_power_lvc_wpad_ss_100C_1v60_1v65_1v65,5163,ciel/sky130/versions/d815bb30c9afdf9e264c276a8a2b533108dea3d0/sky130A/libs.ref/sky130_fd_io/lib/sky130_fd_io__top_power_lvc_wpad_ss_100C_1v60_1v65_1v65.lib,no
sky130A,,top_power_lvc_wpad_ss_100C_1v60_3v00_3v00,5163,ciel/sky130/versions/d815bb30c9afdf9e264c276a8a2b533108dea3d0/sky130A/libs.ref/sky130_fd_io/lib/sky130_fd_io__top_power_lvc_wpad_ss_100C_1v60_3v00_3v00.lib,no
sky130A,,top_power_lvc_wpad_ss_100C_1v60_5v50_1v65,5163,ciel/sky130/versions/d815bb30c9afdf9e264c276a8a2b533108dea3d0/sky130A/libs.ref/sky130_fd_io/lib/sky130_fd_io__top_power_lvc_wpad_ss_100C_1v60_5v50_1v65.lib,no
sky130A,,top_power_lvc_wpad_ss_ff_100C_1v40_5v50_5v50,5168,ciel/sky130/versions/d815bb30c9afdf9e264c276a8a2b533108dea3d0/sky130A/libs.ref/sky130_fd_io/lib/sky130_fd_io__top_power_lvc_wpad_ss_ff_100C_1v40_5v50_5v50.lib,no
sky130A,,top_power_lvc_wpad_ss_ff_100C_1v60_5v50_1v65,5171,ciel/sky130/versions/d815bb30c9afdf9e264c276a8a2b533108dea3d0/sky130A/libs.ref/sky130_fd_io/lib/sky130_fd_io__top_power_lvc_wpad_ss_ff_100C_1v60_5v50_1v65.lib,no
sky130A,,top_power_lvc_wpad_ss_ff_100C_1v60_5v50_5v50,5171,ciel/sky130/versions/d815bb30c9afdf9e264c276a8a2b533108dea3d0/sky130A/libs.ref/sky130_fd_io/lib/sky130_fd_io__top_power_lvc_wpad_ss_ff_100C_1v60_5v50_5v50.lib,no
sky130A,,top_power_lvc_wpad_ss_ff_n40C_1v35_5v50_5v50,5168,ciel/sky130/versions/d815bb30c9afdf9e264c276a8a2b533108dea3d0/sky130A/libs.ref/sky130_fd_io/lib/sky130_fd_io__top_power_lvc_wpad_ss_ff_n40C_1v35_5v50_5v50.lib,no
sky130A,,top_power_lvc_wpad_ss_ff_n40C_1v60_5v50_1v65,5169,ciel/sky130/versions/d815bb30c9afdf9e264c276a8a2b533108dea3d0/sky130A/libs.ref/sky130_fd_io/lib/sky130_fd_io__top_power_lvc_wpad_ss_ff_n40C_1v60_5v50_1v65.lib,no
sky130A,,top_power_lvc_wpad_ss_ff_n40C_1v60_5v50_5v50,5169,ciel/sky130/versions/d815bb30c9afdf9e264c276a8a2b533108dea3d0/sky130A/libs.ref/sky130_fd_io/lib/sky130_fd_io__top_power_lvc_wpad_ss_ff_n40C_1v60_5v50_5v50.lib,no
sky130A,,top_power_lvc_wpad_ss_n40C_1v35_1v65_1v65,5162,ciel/sky130/versions/d815bb30c9afdf9e264c276a8a2b533108dea3d0/sky130A/libs.ref/sky130_fd_io/lib/sky130_fd_io__top_power_lvc_wpad_ss_n40C_1v35_1v65_1v65.lib,no
sky130A,,top_power_lvc_wpad_ss_n40C_1v40_1v65_1v65,5162,ciel/sky130/versions/d815bb30c9afdf9e264c276a8a2b533108dea3d0/sky130A/libs.ref/sky130_fd_io/lib/sky130_fd_io__top_power_lvc_wpad_ss_n40C_1v40_1v65_1v65.lib,no
sky130A,,top_power_lvc_wpad_ss_n40C_1v60_1v65_1v65,5162,ciel/sky130/versions/d815bb30c9afdf9e264c276a8a2b533108dea3d0/sky130A/libs.ref/sky130_fd_io/lib/sky130_fd_io__top_power_lvc_wpad_ss_n40C_1v60_1v65_1v65.lib,no
sky130A,,top_power_lvc_wpad_ss_n40C_1v60_5v50_1v65,5162,ciel/sky130/versions/d815bb30c9afdf9e264c276a8a2b533108dea3d0/sky130A/libs.ref/sky130_fd_io/lib/sky130_fd_io__top_power_lvc_wpad_ss_n40C_1v60_5v50_1v65.lib,no
sky130A,,top_power_lvc_wpad_tt_025C_1v80_3v30_3v30,5162,ciel/sky130/versions/d815bb30c9afdf9e264c276a8a2b533108dea3d0/sky130A/libs.ref/sky130_fd_io/lib/sky130_fd_io__top_power_lvc_wpad_tt_025C_1v80_3v30_3v30.lib,no
sky130A,,top_pwrdetv2_ff_100C_1v95_5v50_1v65,40341,ciel/sky130/versions/d815bb30c9afdf9e264c276a8a2b533108dea3d0/sky130A/libs.ref/sky130_fd_io/lib/sky130_fd_io__top_pwrdetv2_ff_100C_1v95_5v50_1v65.lib,no
sky130A,,top_pwrdetv2_ff_100C_1v95_5v50_5v50,40276,ciel/sky130/versions/d815bb30c9afdf9e264c276a8a2b533108dea3d0/sky130A/libs.ref/sky130_fd_io/lib/sky130_fd_io__top_pwrdetv2_ff_100C_1v95_5v50_5v50.lib,no
sky130A,,top_pwrdetv2_ff_n40C_1v95_5v50_1v65,40288,ciel/sky130/versions/d815bb30c9afdf9e264c276a8a2b533108dea3d0/sky130A/libs.ref/sky130_fd_io/lib/sky130_fd_io__top_pwrdetv2_ff_n40C_1v95_5v50_1v65.lib,no
sky130A,,top_pwrdetv2_ff_n40C_1v95_5v50_5v50,269263,ciel/sky130/versions/d815bb30c9afdf9e264c276a8a2b533108dea3d0/sky130A/libs.ref/sky130_fd_io/lib/sky130_fd_io__top_pwrdetv2_ff_n40C_1v95_5v50_5v50.lib,no
sky130A,,top_pwrdetv2_ff_ss_100C_1v95_1v95_1v65,40420,ciel/sky130/versions/d815bb30c9afdf9e264c276a8a2b533108dea3d0/sky130A/libs.ref/sky130_fd_io/lib/sky130_fd_io__top_pwrdetv2_ff_ss_100C_1v95_1v95_1v65.lib,no
sky130A,,top_pwrdetv2_ff_ss_100C_1v95_1v95_1v95,40519,ciel/sky130/versions/d815bb30c9afdf9e264c276a8a2b533108dea3d0/sky130A/libs.ref/sky130_fd_io/lib/sky130_fd_io__top_pwrdetv2_ff_ss_100C_1v95_1v95_1v95.lib,no
sky130A,,top_pwrdetv2_ff_ss_100C_1v95_5v50_1v65,40516,ciel/sky130/versions/d815bb30c9afdf9e264c276a8a2b533108dea3d0/sky130A/libs.ref/sky130_fd_io/lib/sky130_fd_io__top_pwrdetv2_ff_ss_100C_1v95_5v50_1v65.lib,no
sky130A,,top_pwrdetv2_ff_ss_n40C_1v95_1v95_1v65,40408,ciel/sky130/versions/d815bb30c9afdf9e264c276a8a2b533108dea3d0/sky130A/libs.ref/sky130_fd_io/lib/sky130_fd_io__top_pwrdetv2_ff_ss_n40C_1v95_1v95_1v65.lib,no
sky130A,,top_pwrdetv2_ff_ss_n40C_1v95_1v95_1v95,40499,ciel/sky130/versions/d815bb30c9afdf9e264c276a8a2b533108dea3d0/sky130A/libs.ref/sky130_fd_io/lib/sky130_fd_io__top_pwrdetv2_ff_ss_n40C_1v95_1v95_1v95.lib,no
sky130A,,top_pwrdetv2_ff_ss_n40C_1v95_5v50_1v65,40527,ciel/sky130/versions/d815bb30c9afdf9e264c276a8a2b533108dea3d0/sky130A/libs.ref/sky130_fd_io/lib/sky130_fd_io__top_pwrdetv2_ff_ss_n40C_1v95_5v50_1v65.lib,no
sky130A,,top_pwrdetv2_ss_100C_1v60_1v65_1v65,40482,ciel/sky130/versions/d815bb30c9afdf9e264c276a8a2b533108dea3d0/sky130A/libs.ref/sky130_fd_io/lib/sky130_fd_io__top_pwrdetv2_ss_100C_1v60_1v65_1v65.lib,no
sky130A,,top_pwrdetv2_ss_100C_1v60_3v00_3v00,40327,ciel/sky130/versions/d815bb30c9afdf9e264c276a8a2b533108dea3d0/sky130A/libs.ref/sky130_fd_io/lib/sky130_fd_io__top_pwrdetv2_ss_100C_1v60_3v00_3v00.lib,no
sky130A,,top_pwrdetv2_ss_100C_1v60_5v50_1v65,40525,ciel/sky130/versions/d815bb30c9afdf9e264c276a8a2b533108dea3d0/sky130A/libs.ref/sky130_fd_io/lib/sky130_fd_io__top_pwrdetv2_ss_100C_1v60_5v50_1v65.lib,no
sky130A,,top_pwrdetv2_ss_ff_100C_1v60_5v50_1v65,40332,ciel/sky130/versions/d815bb30c9afdf9e264c276a8a2b533108dea3d0/sky130A/libs.ref/sky130_fd_io/lib/sky130_fd_io__top_pwrdetv2_ss_ff_100C_1v60_5v50_1v65.lib,no
sky130A,,top_pwrdetv2_ss_ff_n40C_1v60_5v50_1v65,40297,ciel/sky130/versions/d815bb30c9afdf9e264c276a8a2b533108dea3d0/sky130A/libs.ref/sky130_fd_io/lib/sky130_fd_io__top_pwrdetv2_ss_ff_n40C_1v60_5v50_1v65.lib,no
sky130A,,top_pwrdetv2_ss_n40C_1v60_1v65_1v65,286944,ciel/sky130/versions/d815bb30c9afdf9e264c276a8a2b533108dea3d0/sky130A/libs.ref/sky130_fd_io/lib/sky130_fd_io__top_pwrdetv2_ss_n40C_1v60_1v65_1v65.lib,no
sky130A,,top_pwrdetv2_ss_n40C_1v60_5v50_1v65,40518,ciel/sky130/versions/d815bb30c9afdf9e264c276a8a2b533108dea3d0/sky130A/libs.ref/sky130_fd_io/lib/sky130_fd_io__top_pwrdetv2_ss_n40C_1v60_5v50_1v65.lib,no
sky130A,,top_pwrdetv2_tt_025C_1v80_3v30_3v30,40056,ciel/sky130/versions/d815bb30c9afdf9e264c276a8a2b533108dea3d0/sky130A/libs.ref/sky130_fd_io/lib/sky130_fd_io__top_pwrdetv2_tt_025C_1v80_3v30_3v30.lib,no
sky130A,,top_sio_macro_ff_100C_1v95_5v50,1355398,ciel/sky130/versions/d815bb30c9afdf9e264c276a8a2b533108dea3d0/sky130A/libs.ref/sky130_fd_io/lib/sky130_fd_io__top_sio_macro_ff_100C_1v95_5v50.lib,no
sky130A,,top_sio_macro_ff_n40C_1v95_5v50,1358005,ciel/sky130/versions/d815bb30c9afdf9e264c276a8a2b533108dea3d0/sky130A/libs.ref/sky130_fd_io/lib/sky130_fd_io__top_sio_macro_ff_n40C_1v95_5v50.lib,no
sky130A,,top_sio_macro_ff_ss_100C_1v65_1v65,1368586,ciel/sky130/versions/d815bb30c9afdf9e264c276a8a2b533108dea3d0/sky130A/libs.ref/sky130_fd_io/lib/sky130_fd_io__top_sio_macro_ff_ss_100C_1v65_1v65.lib,no
sky130A,,top_sio_macro_ff_ss_100C_1v95_1v65,1368432,ciel/sky130/versions/d815bb30c9afdf9e264c276a8a2b533108dea3d0/sky130A/libs.ref/sky130_fd_io/lib/sky130_fd_io__top_sio_macro_ff_ss_100C_1v95_1v65.lib,no
sky130A,,top_sio_macro_ff_ss_100C_1v95_1v95,1366440,ciel/sky130/versions/d815bb30c9afdf9e264c276a8a2b533108dea3d0/sky130A/libs.ref/sky130_fd_io/lib/sky130_fd_io__top_sio_macro_ff_ss_100C_1v95_1v95.lib,no
sky130A,,top_sio_macro_ff_ss_n40C_1v65_1v65,1368770,ciel/sky130/versions/d815bb30c9afdf9e264c276a8a2b533108dea3d0/sky130A/libs.ref/sky130_fd_io/lib/sky130_fd_io__top_sio_macro_ff_ss_n40C_1v65_1v65.lib,no
sky130A,,top_sio_macro_ff_ss_n40C_1v95_1v65,1368892,ciel/sky130/versions/d815bb30c9afdf9e264c276a8a2b533108dea3d0/sky130A/libs.ref/sky130_fd_io/lib/sky130_fd_io__top_sio_macro_ff_ss_n40C_1v95_1v65.lib,no
sky130A,,top_sio_macro_ff_ss_n40C_1v95_1v95,1366084,ciel/sky130/versions/d815bb30c9afdf9e264c276a8a2b533108dea3d0/sky130A/libs.ref/sky130_fd_io/lib/sky130_fd_io__top_sio_macro_ff_ss_n40C_1v95_1v95.lib,no
sky130A,,top_sio_macro_ss_100C_1v40_1v65,1385192,ciel/sky130/versions/d815bb30c9afdf9e264c276a8a2b533108dea3d0/sky130A/libs.ref/sky130_fd_io/lib/sky130_fd_io__top_sio_macro_ss_100C_1v40_1v65.lib,no
sky130A,,top_sio_macro_ss_100C_1v45_1v65,1373277,ciel/sky130/versions/d815bb30c9afdf9e264c276a8a2b533108dea3d0/sky130A/libs.ref/sky130_fd_io/lib/sky130_fd_io__top_sio_macro_ss_100C_1v45_1v65.lib,no
sky130A,,top_sio_macro_ss_100C_1v60_1v65,1379521,ciel/sky130/versions/d815bb30c9afdf9e264c276a8a2b533108dea3d0/sky130A/libs.ref/sky130_fd_io/lib/sky130_fd_io__top_sio_macro_ss_100C_1v60_1v65.lib,no
sky130A,,top_sio_macro_ss_100C_1v60_3v00,1372297,ciel/sky130/versions/d815bb30c9afdf9e264c276a8a2b533108dea3d0/sky130A/libs.ref/sky130_fd_io/lib/sky130_fd_io__top_sio_macro_ss_100C_1v60_3v00.lib,no
sky130A,,top_sio_macro_ss_ff_100C_1v40_5v50,1379042,ciel/sky130/versions/d815bb30c9afdf9e264c276a8a2b533108dea3d0/sky130A/libs.ref/sky130_fd_io/lib/sky130_fd_io__top_sio_macro_ss_ff_100C_1v40_5v50.lib,no
sky130A,,top_sio_macro_ss_ff_100C_1v60_5v50,1363932,ciel/sky130/versions/d815bb30c9afdf9e264c276a8a2b533108dea3d0/sky130A/libs.ref/sky130_fd_io/lib/sky130_fd_io__top_sio_macro_ss_ff_100C_1v60_5v50.lib,no
sky130A,,top_sio_macro_ss_ff_n40C_1v35_5v50,1378926,ciel/sky130/versions/d815bb30c9afdf9e264c276a8a2b533108dea3d0/sky130A/libs.ref/sky130_fd_io/lib/sky130_fd_io__top_sio_macro_ss_ff_n40C_1v35_5v50.lib,no
sky130A,,top_sio_macro_ss_ff_n40C_1v60_5v50,1364000,ciel/sky130/versions/d815bb30c9afdf9e264c276a8a2b533108dea3d0/sky130A/libs.ref/sky130_fd_io/lib/sky130_fd_io__top_sio_macro_ss_ff_n40C_1v60_5v50.lib,no
sky130A,,top_sio_macro_ss_n40C_1v35_1v65,1395993,ciel/sky130/versions/d815bb30c9afdf9e264c276a8a2b533108dea3d0/sky130A/libs.ref/sky130_fd_io/lib/sky130_fd_io__top_sio_macro_ss_n40C_1v35_1v65.lib,no
sky130A,,top_sio_macro_ss_n40C_1v40_1v65,1396979,ciel/sky130/versions/d815bb30c9afdf9e264c276a8a2b533108dea3d0/sky130A/libs.ref/sky130_fd_io/lib/sky130_fd_io__top_sio_macro_ss_n40C_1v40_1v65.lib,no
sky130A,,top_sio_macro_ss_n40C_1v45_1v65,1380270,ciel/sky130/versions/d815bb30c9afdf9e264c276a8a2b533108dea3d0/sky130A/libs.ref/sky130_fd_io/lib/sky130_fd_io__top_sio_macro_ss_n40C_1v45_1v65.lib,no
sky130A,,top_sio_macro_ss_n40C_1v60_1v65,1382735,ciel/sky130/versions/d815bb30c9afdf9e264c276a8a2b533108dea3d0/sky130A/libs.ref/sky130_fd_io/lib/sky130_fd_io__top_sio_macro_ss_n40C_1v60_1v65.lib,no
sky130A,,top_sio_macro_tt_025C_1v80_3v30,1357278,ciel/sky130/versions/d815bb30c9afdf9e264c276a8a2b533108dea3d0/sky130A/libs.ref/sky130_fd_io/lib/sky130_fd_io__top_sio_macro_tt_025C_1v80_3v30.lib,no
sky130A,,top_sio_macro_tt_100C_1v80_3v30,1344938,ciel/sky130/versions/d815bb30c9afdf9e264c276a8a2b533108dea3d0/sky130A/libs.ref/sky130_fd_io/lib/sky130_fd_io__top_sio_macro_tt_100C_1v80_3v30.lib,no
sky130A,,top_vrefcapv2_ff_ff_100C_1v95_1v65,4468,ciel/sky130/versions/d815bb30c9afdf9e264c276a8a2b533108dea3d0/sky130A/libs.ref/sky130_fd_io/lib/sky130_fd_io__top_vrefcapv2_ff_ff_100C_1v95_1v65.lib,no
sky130A,,top_vrefcapv2_ff_ff_100C_1v95_5v50,4468,ciel/sky130/versions/d815bb30c9afdf9e264c276a8a2b533108dea3d0/sky130A/libs.ref/sky130_fd_io/lib/sky130_fd_io__top_vrefcapv2_ff_ff_100C_1v95_5v50.lib,no
sky130A,,top_vrefcapv2_ff_ff_n40C_1v95_1v65,4468,ciel/sky130/versions/d815bb30c9afdf9e264c276a8a2b533108dea3d0/sky130A/libs.ref/sky130_fd_io/lib/sky130_fd_io__top_vrefcapv2_ff_ff_n40C_1v95_1v65.lib,no
sky130A,,top_vrefcapv2_ff_ff_n40C_1v95_5v50,4468,ciel/sky130/versions/d815bb30c9afdf9e264c276a8a2b533108dea3d0/sky130A/libs.ref/sky130_fd_io/lib/sky130_fd_io__top_vrefcapv2_ff_ff_n40C_1v95_5v50.lib,no
sky130A,,top_vrefcapv2_ff_ss_100C_1v65_1v65,4468,ciel/sky130/versions/d815bb30c9afdf9e264c276a8a2b533108dea3d0/sky130A/libs.ref/sky130_fd_io/lib/sky130_fd_io__top_vrefcapv2_ff_ss_100C_1v65_1v65.lib,no
sky130A,,top_vrefcapv2_ff_ss_100C_1v95_1v65,4468,ciel/sky130/versions/d815bb30c9afdf9e264c276a8a2b533108dea3d0/sky130A/libs.ref/sky130_fd_io/lib/sky130_fd_io__top_vrefcapv2_ff_ss_100C_1v95_1v65.lib,no
sky130A,,top_vrefcapv2_ff_ss_100C_1v95_1v95,4468,ciel/sky130/versions/d815bb30c9afdf9e264c276a8a2b533108dea3d0/sky130A/libs.ref/sky130_fd_io/lib/sky130_fd_io__top_vrefcapv2_ff_ss_100C_1v95_1v95.lib,no
sky130A,,top_vrefcapv2_ff_ss_n40C_1v65_1v65,4468,ciel/sky130/versions/d815bb30c9afdf9e264c276a8a2b533108dea3d0/sky130A/libs.ref/sky130_fd_io/lib/sky130_fd_io__top_vrefcapv2_ff_ss_n40C_1v65_1v65.lib,no
sky130A,,top_vrefcapv2_ff_ss_n40C_1v95_1v65,4468,ciel/sky130/versions/d815bb30c9afdf9e264c276a8a2b533108dea3d0/sky130A/libs.ref/sky130_fd_io/lib/sky130_fd_io__top_vrefcapv2_ff_ss_n40C_1v95_1v65.lib,no
sky130A,,top_vrefcapv2_ff_ss_n40C_1v95_1v95,4468,ciel/sky130/versions/d815bb30c9afdf9e264c276a8a2b533108dea3d0/sky130A/libs.ref/sky130_fd_io/lib/sky130_fd_io__top_vrefcapv2_ff_ss_n40C_1v95_1v95.lib,no
sky130A,,top_vrefcapv2_ss_ff_100C_1v40_5v50,4468,ciel/sky130/versions/d815bb30c9afdf9e264c276a8a2b533108dea3d0/sky130A/libs.ref/sky130_fd_io/lib/sky130_fd_io__top_vrefcapv2_ss_ff_100C_1v40_5v50.lib,no
sky130A,,top_vrefcapv2_ss_ff_100C_1v60_1v65,4468,ciel/sky130/versions/d815bb30c9afdf9e264c276a8a2b533108dea3d0/sky130A/libs.ref/sky130_fd_io/lib/sky130_fd_io__top_vrefcapv2_ss_ff_100C_1v60_1v65.lib,no
sky130A,,top_vrefcapv2_ss_ff_100C_1v60_5v50,4468,ciel/sky130/versions/d815bb30c9afdf9e264c276a8a2b533108dea3d0/sky130A/libs.ref/sky130_fd_io/lib/sky130_fd_io__top_vrefcapv2_ss_ff_100C_1v60_5v50.lib,no
sky130A,,top_vrefcapv2_ss_ff_n40C_1v35_5v50,4468,ciel/sky130/versions/d815bb30c9afdf9e264c276a8a2b533108dea3d0/sky130A/libs.ref/sky130_fd_io/lib/sky130_fd_io__top_vrefcapv2_ss_ff_n40C_1v35_5v50.lib,no
sky130A,,top_vrefcapv2_ss_ff_n40C_1v60_1v65,4468,ciel/sky130/versions/d815bb30c9afdf9e264c276a8a2b533108dea3d0/sky130A/libs.ref/sky130_fd_io/lib/sky130_fd_io__top_vrefcapv2_ss_ff_n40C_1v60_1v65.lib,no
sky130A,,top_vrefcapv2_ss_ff_n40C_1v60_5v50,4468,ciel/sky130/versions/d815bb30c9afdf9e264c276a8a2b533108dea3d0/sky130A/libs.ref/sky130_fd_io/lib/sky130_fd_io__top_vrefcapv2_ss_ff_n40C_1v60_5v50.lib,no
sky130A,,top_vrefcapv2_ss_ss_100C_1v40_1v65,4468,ciel/sky130/versions/d815bb30c9afdf9e264c276a8a2b533108dea3d0/sky130A/libs.ref/sky130_fd_io/lib/sky130_fd_io__top_vrefcapv2_ss_ss_100C_1v40_1v65.lib,no
sky130A,,top_vrefcapv2_ss_ss_100C_1v60_1v65,4468,ciel/sky130/versions/d815bb30c9afdf9e264c276a8a2b533108dea3d0/sky130A/libs.ref/sky130_fd_io/lib/sky130_fd_io__top_vrefcapv2_ss_ss_100C_1v60_1v65.lib,no
sky130A,,top_vrefcapv2_ss_ss_100C_1v60_3v00,4468,ciel/sky130/versions/d815bb30c9afdf9e264c276a8a2b533108dea3d0/sky130A/libs.ref/sky130_fd_io/lib/sky130_fd_io__top_vrefcapv2_ss_ss_100C_1v60_3v00.lib,no
sky130A,,top_vrefcapv2_ss_ss_n40C_1v35_1v65,4468,ciel/sky130/versions/d815bb30c9afdf9e264c276a8a2b533108dea3d0/sky130A/libs.ref/sky130_fd_io/lib/sky130_fd_io__top_vrefcapv2_ss_ss_n40C_1v35_1v65.lib,no
sky130A,,top_vrefcapv2_ss_ss_n40C_1v40_1v65,4468,ciel/sky130/versions/d815bb30c9afdf9e264c276a8a2b533108dea3d0/sky130A/libs.ref/sky130_fd_io/lib/sky130_fd_io__top_vrefcapv2_ss_ss_n40C_1v40_1v65.lib,no
sky130A,,top_vrefcapv2_ss_ss_n40C_1v60_1v65,4468,ciel/sky130/versions/d815bb30c9afdf9e264c276a8a2b533108dea3d0/sky130A/libs.ref/sky130_fd_io/lib/sky130_fd_io__top_vrefcapv2_ss_ss_n40C_1v60_1v65.lib,no
sky130A,,top_vrefcapv2_tt_tt_025C_1v80_3v30,4468,ciel/sky130/versions/d815bb30c9afdf9e264c276a8a2b533108dea3d0/sky130A/libs.ref/sky130_fd_io/lib/sky130_fd_io__top_vrefcapv2_tt_tt_025C_1v80_3v30.lib,no
sky130A,,top_xres4v2_ff_ff_100C_1v95_5v50,44260,ciel/sky130/versions/d815bb30c9afdf9e264c276a8a2b533108dea3d0/sky130A/libs.ref/sky130_fd_io/lib/sky130_fd_io__top_xres4v2_ff_ff_100C_1v95_5v50.lib,no
sky130A,,top_xres4v2_ff_ff_n40C_1v95_5v50,171418,ciel/sky130/versions/d815bb30c9afdf9e264c276a8a2b533108dea3d0/sky130A/libs.ref/sky130_fd_io/lib/sky130_fd_io__top_xres4v2_ff_ff_n40C_1v95_5v50.lib,no
sky130A,,top_xres4v2_ff_ss_100C_1v65_1v65,43785,ciel/sky130/versions/d815bb30c9afdf9e264c276a8a2b533108dea3d0/sky130A/libs.ref/sky130_fd_io/lib/sky130_fd_io__top_xres4v2_ff_ss_100C_1v65_1v65.lib,no
sky130A,,top_xres4v2_ff_ss_100C_1v95_1v65,44804,ciel/sky130/versions/d815bb30c9afdf9e264c276a8a2b533108dea3d0/sky130A/libs.ref/sky130_fd_io/lib/sky130_fd_io__top_xres4v2_ff_ss_100C_1v95_1v65.lib,no
sky130A,,top_xres4v2_ff_ss_100C_1v95_1v95,43771,ciel/sky130/versions/d815bb30c9afdf9e264c276a8a2b533108dea3d0/sky130A/libs.ref/sky130_fd_io/lib/sky130_fd_io__top_xres4v2_ff_ss_100C_1v95_1v95.lib,no
sky130A,,top_xres4v2_ff_ss_n40C_1v65_1v65,43791,ciel/sky130/versions/d815bb30c9afdf9e264c276a8a2b533108dea3d0/sky130A/libs.ref/sky130_fd_io/lib/sky130_fd_io__top_xres4v2_ff_ss_n40C_1v65_1v65.lib,no
sky130A,,top_xres4v2_ff_ss_n40C_1v95_1v65,44835,ciel/sky130/versions/d815bb30c9afdf9e264c276a8a2b533108dea3d0/sky130A/libs.ref/sky130_fd_io/lib/sky130_fd_io__top_xres4v2_ff_ss_n40C_1v95_1v65.lib,no
sky130A,,top_xres4v2_ff_ss_n40C_1v95_1v95,43713,ciel/sky130/versions/d815bb30c9afdf9e264c276a8a2b533108dea3d0/sky130A/libs.ref/sky130_fd_io/lib/sky130_fd_io__top_xres4v2_ff_ss_n40C_1v95_1v95.lib,no
sky130A,,top_xres4v2_ss_ff_100C_1v40_5v50,44313,ciel/sky130/versions/d815bb30c9afdf9e264c276a8a2b533108dea3d0/sky130A/libs.ref/sky130_fd_io/lib/sky130_fd_io__top_xres4v2_ss_ff_100C_1v40_5v50.lib,no
sky130A,,top_xres4v2_ss_ff_100C_1v60_5v50,44270,ciel/sky130/versions/d815bb30c9afdf9e264c276a8a2b533108dea3d0/sky130A/libs.ref/sky130_fd_io/lib/sky130_fd_io__top_xres4v2_ss_ff_100C_1v60_5v50.lib,no
sky130A,,top_xres4v2_ss_ff_n40C_1v35_5v50,44270,ciel/sky130/versions/d815bb30c9afdf9e264c276a8a2b533108dea3d0/sky130A/libs.ref/sky130_fd_io/lib/sky130_fd_io__top_xres4v2_ss_ff_n40C_1v35_5v50.lib,no
sky130A,,top_xres4v2_ss_ff_n40C_1v60_5v50,44262,ciel/sky130/versions/d815bb30c9afdf9e264c276a8a2b533108dea3d0/sky130A/libs.ref/sky130_fd_io/lib/sky130_fd_io__top_xres4v2_ss_ff_n40C_1v60_5v50.lib,no
sky130A,,top_xres4v2_ss_ss_100C_1v40_1v65,43809,ciel/sky130/versions/d815bb30c9afdf9e264c276a8a2b533108dea3d0/sky130A/libs.ref/sky130_fd_io/lib/sky130_fd_io__top_xres4v2_ss_ss_100C_1v40_1v65.lib,no
sky130A,,top_xres4v2_ss_ss_100C_1v60_1v65,43809,ciel/sky130/versions/d815bb30c9afdf9e264c276a8a2b533108dea3d0/sky130A/libs.ref/sky130_fd_io/lib/sky130_fd_io__top_xres4v2_ss_ss_100C_1v60_1v65.lib,no
sky130A,,top_xres4v2_ss_ss_100C_1v60_3v00,44103,ciel/sky130/versions/d815bb30c9afdf9e264c276a8a2b533108dea3d0/sky130A/libs.ref/sky130_fd_io/lib/sky130_fd_io__top_xres4v2_ss_ss_100C_1v60_3v00.lib,no
sky130A,,top_xres4v2_ss_ss_n40C_1v35_1v65,43796,ciel/sky130/versions/d815bb30c9afdf9e264c276a8a2b533108dea3d0/sky130A/libs.ref/sky130_fd_io/lib/sky130_fd_io__top_xres4v2_ss_ss_n40C_1v35_1v65.lib,no
sky130A,,top_xres4v2_ss_ss_n40C_1v40_1v65,43789,ciel/sky130/versions/d815bb30c9afdf9e264c276a8a2b533108dea3d0/sky130A/libs.ref/sky130_fd_io/lib/sky130_fd_io__top_xres4v2_ss_ss_n40C_1v40_1v65.lib,no
sky130A,,top_xres4v2_ss_ss_n40C_1v60_1v65,182856,ciel/sky130/versions/d815bb30c9afdf9e264c276a8a2b533108dea3d0/sky130A/libs.ref/sky130_fd_io/lib/sky130_fd_io__top_xres4v2_ss_ss_n40C_1v60_1v65.lib,no
sky130A,,top_xres4v2_tt_tt_025C_1v80_3v30,44085,ciel/sky130/versions/d815bb30c9afdf9e264c276a8a2b533108dea3d0/sky130A/libs.ref/sky130_fd_io/lib/sky130_fd_io__top_xres4v2_tt_tt_025C_1v80_3v30.lib,no
sky130A,,,5741,ciel/sky130/versions/d815bb30c9afdf9e264c276a8a2b533108dea3d0/sky130A/libs.ref/sky130_fd_io/lib/slices_stubs.lib,no
sky130A,sky130_fd_sc_hd,ff_100C_1v65,12841794,ciel/sky130/versions/d815bb30c9afdf9e264c276a8a2b533108dea3d0/sky130A/libs.ref/sky130_fd_sc_hd/lib/sky130_fd_sc_hd__ff_100C_1v65.lib,no
sky130A,sky130_fd_sc_hd,ff_100C_1v95,12842685,ciel/sky130/versions/d815bb30c9afdf9e264c276a8a2b533108dea3d0/sky130A/libs.ref/sky130_fd_sc_hd/lib/sky130_fd_sc_hd__ff_100C_1v95.lib,yes
sky130A,sky130_fd_sc_hd,ff_n40C_1v56,12843237,ciel/sky130/versions/d815bb30c9afdf9e264c276a8a2b533108dea3d0/sky130A/libs.ref/sky130_fd_sc_hd/lib/sky130_fd_sc_hd__ff_n40C_1v56.lib,no
sky130A,sky130_fd_sc_hd,ff_n40C_1v65,12844108,ciel/sky130/versions/d815bb30c9afdf9e264c276a8a2b533108dea3d0/sky130A/libs.ref/sky130_fd_sc_hd/lib/sky130_fd_sc_hd__ff_n40C_1v65.lib,no
sky130A,sky130_fd_sc_hd,ff_n40C_1v76,12844986,ciel/sky130/versions/d815bb30c9afdf9e264c276a8a2b533108dea3d0/sky130A/libs.ref/sky130_fd_sc_hd/lib/sky130_fd_sc_hd__ff_n40C_1v76.lib,no
sky130A,sky130_fd_sc_hd,ff_n40C_1v95,12918504,ciel/sky130/versions/d815bb30c9afdf9e264c276a8a2b533108dea3d0/sky130A/libs.ref/sky130_fd_sc_hd/lib/sky130_fd_sc_hd__ff_n40C_1v95.lib,no
sky130A,sky130_fd_sc_hd,ff_n40C_1v95_ccsnoise,71256886,ciel/sky130/versions/d815bb30c9afdf9e264c276a8a2b533108dea3d0/sky130A/libs.ref/sky130_fd_sc_hd/lib/sky130_fd_sc_hd__ff_n40C_1v95_ccsnoise.lib,no
sky130A,sky130_fd_sc_hd,ss_100C_1v40,12847083,ciel/sky130/versions/d815bb30c9afdf9e264c276a8a2b533108dea3d0/sky130A/libs.ref/sky130_fd_sc_hd/lib/sky130_fd_sc_hd__ss_100C_1v40.lib,yes
sky130A,sky130_fd_sc_hd,ss_100C_1v60,12845260,ciel/sky130/versions/d815bb30c9afdf9e264c276a8a2b533108dea3d0/sky130A/libs.ref/sky130_fd_sc_hd/lib/sky130_fd_sc_hd__ss_100C_1v60.lib,no
sky130A,sky130_fd_sc_hd,ss_n40C_1v28,12838331,ciel/sky130/versions/d815bb30c9afdf9e264c276a8a2b533108dea3d0/sky130A/libs.ref/sky130_fd_sc_hd/lib/sky130_fd_sc_hd__ss_n40C_1v28.lib,no
sky130A,sky130_fd_sc_hd,ss_n40C_1v35,12844282,ciel/sky130/versions/d815bb30c9afdf9e264c276a8a2b533108dea3d0/sky130A/libs.ref/sky130_fd_sc_hd/lib/sky130_fd_sc_hd__ss_n40C_1v35.lib,no
sky130A,sky130_fd_sc_hd,ss_n40C_1v40,12845465,ciel/sky130/versions/d815bb30c9afdf9e264c276a8a2b533108dea3d0/sky130A/libs.ref/sky130_fd_sc_hd/lib/sky130_fd_sc_hd__ss_n40C_1v40.lib,no
sky130A,sky130_fd_sc_hd,ss_n40C_1v44,12842498,ciel/sky130/versions/d815bb30c9afdf9e264c276a8a2b533108dea3d0/sky130A/libs.ref/sky130_fd_sc_hd/lib/sky130_fd_sc_hd__ss_n40C_1v44.lib,no
sky130A,sky130_fd_sc_hd,ss_n40C_1v60,12916754,ciel/sky130/versions/d815bb30c9afdf9e264c276a8a2b533108dea3d0/sky130A/libs.ref/sky130_fd_sc_hd/lib/sky130_fd_sc_hd__ss_n40C_1v60.lib,no
sky130A,sky130_fd_sc_hd,ss_n40C_1v60_ccsnoise,67867563,ciel/sky130/versions/d815bb30c9afdf9e264c276a8a2b533108dea3d0/sky130A/libs.ref/sky130_fd_sc_hd/lib/sky130_fd_sc_hd__ss_n40C_1v60_ccsnoise.lib,no
sky130A,sky130_fd_sc_hd,ss_n40C_1v76,12839708,ciel/sky130/versions/d815bb30c9afdf9e264c276a8a2b533108dea3d0/sky130A/libs.ref/sky130_fd_sc_hd/lib/sky130_fd_sc_hd__ss_n40C_1v76.lib,no
sky130A,sky130_fd_sc_hd,tt_025C_1v80,12841637,ciel/sky130/versions/d815bb30c9afdf9e264c276a8a2b533108dea3d0/sky130A/libs.ref/sky130_fd_sc_hd/lib/sky130_fd_sc_hd__tt_025C_1v80.lib,yes
sky130A,sky130_fd_sc_hd,tt_100C_1v80,12840460,ciel/sky130/versions/d815bb30c9afdf9e264c276a8a2b533108dea3d0/sky130A/libs.ref/sky130_fd_sc_hd/lib/sky130_fd_sc_hd__tt_100C_1v80.lib,no
sky130A,sky130_fd_sc_hvl,ff_085C_5v50,7200150,ciel/sky130/versions/d815bb30c9afdf9e264c276a8a2b533108dea3d0/sky130A/libs.ref/sky130_fd_sc_hvl/lib/sky130_fd_sc_hvl__ff_085C_5v50.lib,no
sky130A,sky130_fd_sc_hvl,ff_085C_5v50_lv1v95,157402,ciel/sky130/versions/d815bb30c9afdf9e264c276a8a2b533108dea3d0/sky130A/libs.ref/sky130_fd_sc_hvl/lib/sky130_fd_sc_hvl__ff_085C_5v50_lv1v95.lib,no
sky130A,sky130_fd_sc_hvl,ff_100C_5v50,3514461,ciel/sky130/versions/d815bb30c9afdf9e264c276a8a2b533108dea3d0/sky130A/libs.ref/sky130_fd_sc_hvl/lib/sky130_fd_sc_hvl__ff_100C_5v50.lib,no
sky130A,sky130_fd_sc_hvl,ff_100C_5v50_lowhv1v65_lv1v95,158872,ciel/sky130/versions/d815bb30c9afdf9e264c276a8a2b533108dea3d0/sky130A/libs.ref/sky130_fd_sc_hvl/lib/sky130_fd_sc_hvl__ff_100C_5v50_lowhv1v65_lv1v95.lib,no
sky130A,sky130_fd_sc_hvl,ff_100C_5v50_lv1v95,156962,ciel/sky130/versions/d815bb30c9afdf9e264c276a8a2b533108dea3d0/sky130A/libs.ref/sky130_fd_sc_hvl/lib/sky130_fd_sc_hvl__ff_100C_5v50_lv1v95.lib,no
sky130A,sky130_fd_sc_hvl,ff_150C_5v50,3100626,ciel/sky130/versions/d815bb30c9afdf9e264c276a8a2b533108dea3d0/sky130A/libs.ref/sky130_fd_sc_hvl/lib/sky130_fd_sc_hvl__ff_150C_5v50.lib,no
sky130A,sky130_fd_sc_hvl,ff_150C_5v50_lv1v95,156924,ciel/sky130/versions/d815bb30c9afdf9e264c276a8a2b533108dea3d0/sky130A/libs.ref/sky130_fd_sc_hvl/lib/sky130_fd_sc_hvl__ff_150C_5v50_lv1v95.lib,no
sky130A,sky130_fd_sc_hvl,ff_n40C_4v40,6268527,ciel/sky130/versions/d815bb30c9afdf9e264c276a8a2b533108dea3d0/sky130A/libs.ref/sky130_fd_sc_hvl/lib/sky130_fd_sc_hvl__ff_n40C_4v40.lib,no
sky130A,sky130_fd_sc_hvl,ff_n40C_4v40_lv1v95,156980,ciel/sky130/versions/d815bb30c9afdf9e264c276a8a2b533108dea3d0/sky130A/libs.ref/sky130_fd_sc_hvl/lib/sky130_fd_sc_hvl__ff_n40C_4v40_lv1v95.lib,no
sky130A,sky130_fd_sc_hvl,ff_n40C_4v95,6267461,ciel/sky130/versions/d815bb30c9afdf9e264c276a8a2b533108dea3d0/sky130A/libs.ref/sky130_fd_sc_hvl/lib/sky130_fd_sc_hvl__ff_n40C_4v95.lib,no
sky130A,sky130_fd_sc_hvl,ff_n40C_4v95_lv1v95,156968,ciel/sky130/versions/d815bb30c9afdf9e264c276a8a2b533108dea3d0/sky130A/libs.ref/sky130_fd_sc_hvl/lib/sky130_fd_sc_hvl__ff_n40C_4v95_lv1v95.lib,no
sky130A,sky130_fd_sc_hvl,ff_n40C_5v50,6085780,ciel/sky130/versions/d815bb30c9afdf9e264c276a8a2b533108dea3d0/sky130A/libs.ref/sky130_fd_sc_hvl/lib/sky130_fd_sc_hvl__ff_n40C_5v50.lib,no
sky130A,sky130_fd_sc_hvl,ff_n40C_5v50_ccsnoise,16485700,ciel/sky130/versions/d815bb30c9afdf9e264c276a8a2b533108dea3d0/sky130A/libs.ref/sky130_fd_sc_hvl/lib/sky130_fd_sc_hvl__ff_n40C_5v50_ccsnoise.lib,no
sky130A,sky130_fd_sc_hvl,ff_n40C_5v50_lowhv1v65_lv1v95,158894,ciel/sky130/versions/d815bb30c9afdf9e264c276a8a2b533108dea3d0/sky130A/libs.ref/sky130_fd_sc_hvl/lib/sky130_fd_sc_hvl__ff_n40C_5v50_lowhv1v65_lv1v95.lib,no
sky130A,sky130_fd_sc_hvl,ff_n40C_5v50_lv1v95,166236,ciel/sky130/versions/d815bb30c9afdf9e264c276a8a2b533108dea3d0/sky130A/libs.ref/sky130_fd_sc_hvl/lib/sky130_fd_sc_hvl__ff_n40C_5v50_lv1v95.lib,no
sky130A,sky130_fd_sc_hvl,ff_n40C_5v50_lv1v95_ccsnoise,776051,ciel/sky130/versions/d815bb30c9afdf9e264c276a8a2b533108dea3d0/sky130A/libs.ref/sky130_fd_sc_hvl/lib/sky130_fd_sc_hvl__ff_n40C_5v50_lv1v95_ccsnoise.lib,no
sky130A,sky130_fd_sc_hvl,hvff_lvss_100C_5v50_lowhv1v65_lv1v60,158870,ciel/sky130/versions/d815bb30c9afdf9e264c276a8a2b533108dea3d0/sky130A/libs.ref/sky130_fd_sc_hvl/lib/sky130_fd_sc_hvl__hvff_lvss_100C_5v50_lowhv1v65_lv1v60.lib,no
sky130A,sky130_fd_sc_hvl,hvff_lvss_100C_5v50_lv1v40,163578,ciel/sky130/versions/d815bb30c9afdf9e264c276a8a2b533108dea3d0/sky130A/libs.ref/sky130_fd_sc_hvl/lib/sky130_fd_sc_hvl__hvff_lvss_100C_5v50_lv1v40.lib,no
sky130A,sky130_fd_sc_hvl,hvff_lvss_100C_5v50_lv1v60,157410,ciel/sky130/versions/d815bb30c9afdf9e264c276a8a2b533108dea3d0/sky130A/libs.ref/sky130_fd_sc_hvl/lib/sky130_fd_sc_hvl__hvff_lvss_100C_5v50_lv1v60.lib,no
sky130A,sky130_fd_sc_hvl,hvff_lvss_n40C_5v50_lowhv1v65_lv1v60,158892,ciel/sky130/versions/d815bb30c9afdf9e264c276a8a2b533108dea3d0/sky130A/libs.ref/sky130_fd_sc_hvl/lib/sky130_fd_sc_hvl__hvff_lvss_n40C_5v50_lowhv1v65_lv1v60.lib,no
sky130A,sky130_fd_sc_hvl,hvff_lvss_n40C_5v50_lv1v35,161946,ciel/sky130/versions/d815bb30c9afdf9e264c276a8a2b533108dea3d0/sky130A/libs.ref/sky130_fd_sc_hvl/lib/sky130_fd_sc_hvl__hvff_lvss_n40C_5v50_lv1v35.lib,no
sky130A,sky130_fd_sc_hvl,hvff_lvss_n40C_5v50_lv1v60,157506,ciel/sky130/versions/d815bb30c9afdf9e264c276a8a2b533108dea3d0/sky130A/libs.ref/sky130_fd_sc_hvl/lib/sky130_fd_sc_hvl__hvff_lvss_n40C_5v50_lv1v60.lib,no
sky130A,sky130_fd_sc_hvl,hvss_lvff_100C_1v65,157328,ciel/sky130/versions/d815bb30c9afdf9e264c276a8a2b533108dea3d0/sky130A/libs.ref/sky130_fd_sc_hvl/lib/sky130_fd_sc_hvl__hvss_lvff_100C_1v65.lib,no
sky130A,sky130_fd_sc_hvl,hvss_lvff_100C_1v95,157353,ciel/sky130/versions/d815bb30c9afdf9e264c276a8a2b533108dea3d0/sky130A/libs.ref/sky130_fd_sc_hvl/lib/sky130_fd_sc_hvl__hvss_lvff_100C_1v95.lib,no
sky130A,sky130_fd_sc_hvl,hvss_lvff_100C_1v95_lowhv1v65,158811,ciel/sky130/versions/d815bb30c9afdf9e264c276a8a2b533108dea3d0/sky130A/libs.ref/sky130_fd_sc_hvl/lib/sky130_fd_sc_hvl__hvss_lvff_100C_1v95_lowhv1v65.lib,no
sky130A,sky130_fd_sc_hvl,hvss_lvff_100C_5v50_lowhv1v65_lv1v95,158873,ciel/sky130/versions/d815bb30c9afdf9e264c276a8a2b533108dea3d0/sky130A/libs.ref/sky130_fd_sc_hvl/lib/sky130_fd_sc_hvl__hvss_lvff_100C_5v50_lowhv1v65_lv1v95.lib,no
sky130A,sky130_fd_sc_hvl,hvss_lvff_n40C_1v65,157310,ciel/sky130/versions/d815bb30c9afdf9e264c276a8a2b533108dea3d0/sky130A/libs.ref/sky130_fd_sc_hvl/lib/sky130_fd_sc_hvl__hvss_lvff_n40C_1v65.lib,no
sky130A,sky130_fd_sc_hvl,hvss_lvff_n40C_1v95,157372,ciel/sky130/versions/d815bb30c9afdf9e264c276a8a2b533108dea3d0/sky130A/libs.ref/sky130_fd_sc_hvl/lib/sky130_fd_sc_hvl__hvss_lvff_n40C_1v95.lib,no
sky130A,sky130_fd_sc_hvl,hvss_lvff_n40C_1v95_lowhv1v65,158811,ciel/sky130/versions/d815bb30c9afdf9e264c276a8a2b533108dea3d0/sky130A/libs.ref/sky130_fd_sc_hvl/lib/sky130_fd_sc_hvl__hvss_lvff_n40C_1v95_lowhv1v65.lib,no
sky130A,sky130_fd_sc_hvl,hvss_lvff_n40C_5v50_lowhv1v65_lv1v95,158879,ciel/sky130/versions/d815bb30c9afdf9e264c276a8a2b533108dea3d0/sky130A/libs.ref/sky130_fd_sc_hvl/lib/sky130_fd_sc_hvl__hvss_lvff_n40C_5v50_lowhv1v65_lv1v95.lib,no
sky130A,sky130_fd_sc_hvl,ss_100C_1v65,2812387,ciel/sky130/versions/d815bb30c9afdf9e264c276a8a2b533108dea3d0/sky130A/libs.ref/sky130_fd_sc_hvl/lib/sky130_fd_sc_hvl__ss_100C_1v65.lib,no
sky130A,sky130_fd_sc_hvl,ss_100C_1v65_lv1v40,163572,ciel/sky130/versions/d815bb30c9afdf9e264c276a8a2b533108dea3d0/sky130A/libs.ref/sky130_fd_sc_hvl/lib/sky130_fd_sc_hvl__ss_100C_1v65_lv1v40.lib,no
sky130A,sky130_fd_sc_hvl,ss_100C_1v65_lv1v60,157281,ciel/sky130/versions/d815bb30c9afdf9e264c276a8a2b533108dea3d0/sky130A/libs.ref/sky130_fd_sc_hvl/lib/sky130_fd_sc_hvl__ss_100C_1v65_lv1v60.lib,no
sky130A,sky130_fd_sc_hvl,ss_100C_1v95,6456233,ciel/sky130/versions/d815bb30c9afdf9e264c276a8a2b533108dea3d0/sky130A/libs.ref/sky130_fd_sc_hvl/lib/sky130_fd_sc_hvl__ss_100C_1v95.lib,no
sky130A,sky130_fd_sc_hvl,ss_100C_2v40_lowhv1v65_lv1v60,159565,ciel/sky130/versions/d815bb30c9afdf9e264c276a8a2b533108dea3d0/sky130A/libs.ref/sky130_fd_sc_hvl/lib/sky130_fd_sc_hvl__ss_100C_2v40_lowhv1v65_lv1v60.lib,no
sky130A,sky130_fd_sc_hvl,ss_100C_2v70_lowhv1v65_lv1v60,159580,ciel/sky130/versions/d815bb30c9afdf9e264c276a8a2b533108dea3d0/sky130A/libs.ref/sky130_fd_sc_hvl/lib/sky130_fd_sc_hvl__ss_100C_2v70_lowhv1v65_lv1v60.lib,no
sky130A,sky130_fd_sc_hvl,ss_100C_3v00,2889236,ciel/sky130/versions/d815bb30c9afdf9e264c276a8a2b533108dea3d0/sky130A/libs.ref/sky130_fd_sc_hvl/lib/sky130_fd_sc_hvl__ss_100C_3v00.lib,no
sky130A,sky130_fd_sc_hvl,ss_100C_3v00_lowhv1v65_lv1v60,160741,ciel/sky130/versions/d815bb30c9afdf9e264c276a8a2b533108dea3d0/sky130A/libs.ref/sky130_fd_sc_hvl/lib/sky130_fd_sc_hvl__ss_100C_3v00_lowhv1v65_lv1v60.lib,no
sky130A,sky130_fd_sc_hvl,ss_100C_5v50_lowhv1v65_lv1v60,158812,ciel/sky130/versions/d815bb30c9afdf9e264c276a8a2b533108dea3d0/sky130A/libs.ref/sky130_fd_sc_hvl/lib/sky130_fd_sc_hvl__ss_100C_5v50_lowhv1v65_lv1v60.lib,no
sky130A,sky130_fd_sc_hvl,ss_150C_1v65,2813758,ciel/sky130/versions/d815bb30c9afdf9e264c276a8a2b533108dea3d0/sky130A/libs.ref/sky130_fd_sc_hvl/lib/sky130_fd_sc_hvl__ss_150C_1v65.lib,no
sky130A,sky130_fd_sc_hvl,ss_150C_1v65_lv1v60,157289,ciel/sky130/versions/d815bb30c9afdf9e264c276a8a2b533108dea3d0/sky130A/libs.ref/sky130_fd_sc_hvl/lib/sky130_fd_sc_hvl__ss_150C_1v65_lv1v60.lib,no
sky130A,sky130_fd_sc_hvl,ss_150C_3v00_lowhv1v65_lv1v60,158852,ciel/sky130/versions/d815bb30c9afdf9e264c276a8a2b533108dea3d0/sky130A/libs.ref/sky130_fd_sc_hvl/lib/sky130_fd_sc_hvl__ss_150C_3v00_lowhv1v65_lv1v60.lib,no
sky130A,sky130_fd_sc_hvl,ss_n40C_1v32,4694266,ciel/sky130/versions/d815bb30c9afdf9e264c276a8a2b533108dea3d0/sky130A/libs.ref/sky130_fd_sc_hvl/lib/sky130_fd_sc_hvl__ss_n40C_1v32.lib,no
sky130A,sky130_fd_sc_hvl,ss_n40C_1v32_lv1v28,163491,ciel/sky130/versions/d815bb30c9afdf9e264c276a8a2b533108dea3d0/sky130A/libs.ref/sky130_fd_sc_hvl/lib/sky130_fd_sc_hvl__ss_n40C_1v32_lv1v28.lib,no
sky130A,sky130_fd_sc_hvl,ss_n40C_1v49,4714773,ciel/sky130/versions/d815bb30c9afdf9e264c276a8a2b533108dea3d0/sky130A/libs.ref/sky130_fd_sc_hvl/lib/sky130_fd_sc_hvl__ss_n40C_1v49.lib,no
sky130A,sky130_fd_sc_hvl,ss_n40C_1v49_lv1v44,163514,ciel/sky130/versions/d815bb30c9afdf9e264c276a8a2b533108dea3d0/sky130A/libs.ref/sky130_fd_sc_hvl/lib/sky130_fd_sc_hvl__ss_n40C_1v49_lv1v44.lib,no
sky130A,sky130_fd_sc_hvl,ss_n40C_1v65,4080762,ciel/sky130/versions/d815bb30c9afdf9e264c276a8a2b533108dea3d0/sky130A/libs.ref/sky130_fd_sc_hvl/lib/sky130_fd_sc_hvl__ss_n40C_1v65.lib,no
sky130A,sky130_fd_sc_hvl,ss_n40C_1v65_ccsnoise,14538114,ciel/sky130/versions/d815bb30c9afdf9e264c276a8a2b533108dea3d0/sky130A/libs.ref/sky130_fd_sc_hvl/lib/sky130_fd_sc_hvl__ss_n40C_1v65_ccsnoise.lib,no
sky130A,sky130_fd_sc_hvl,ss_n40C_1v65_lv1v35,163570,ciel/sky130/versions/d815bb30c9afdf9e264c276a8a2b533108dea3d0/sky130A/libs.ref/sky130_fd_sc_hvl/lib/sky130_fd_sc_hvl__ss_n40C_1v65_lv1v35.lib,no
sky130A,sky130_fd_sc_hvl,ss_n40C_1v65_lv1v40,163569,ciel/sky130/versions/d815bb30c9afdf9e264c276a8a2b533108dea3d0/sky130A/libs.ref/sky130_fd_sc_hvl/lib/sky130_fd_sc_hvl__ss_n40C_1v65_lv1v40.lib,no
sky130A,sky130_fd_sc_hvl,ss_n40C_1v65_lv1v60,163581,ciel/sky130/versions/d815bb30c9afdf9e264c276a8a2b533108dea3d0/sky130A/libs.ref/sky130_fd_sc_hvl/lib/sky130_fd_sc_hvl__ss_n40C_1v65_lv1v60.lib,no
sky130A,sky130_fd_sc_hvl,ss_n40C_1v65_lv1v60_ccsnoise,726502,ciel/sky130/versions/d815bb30c9afdf9e264c276a8a2b533108dea3d0/sky130A/libs.ref/sky130_fd_sc_hvl/lib/sky130_fd_sc_hvl__ss_n40C_1v65_lv1v60_ccsnoise.lib,no
sky130A,sky130_fd_sc_hvl,ss_n40C_1v95,6456908,ciel/sky130/versions/d815bb30c9afdf9e264c276a8a2b533108dea3d0/sky130A/libs.ref/sky130_fd_sc_hvl/lib/sky130_fd_sc_hvl__ss_n40C_1v95.lib,no
sky130A,sky130_fd_sc_hvl,ss_n40C_5v50_lowhv1v65_lv1v60,158806,ciel/sky130/versions/d815bb30c9afdf9e264c276a8a2b533108dea3d0/sky130A/libs.ref/sky130_fd_sc_hvl/lib/sky130_fd_sc_hvl__ss_n40C_5v50_lowhv1v65_lv1v60.lib,no
sky130A,sky130_fd_sc_hvl,tt_025C_2v64_lv1v80,156891,ciel/sky130/versions/d815bb30c9afdf9e264c276a8a2b533108dea3d0/sky130A/libs.ref/sky130_fd_sc_hvl/lib/sky130_fd_sc_hvl__tt_025C_2v64_lv1v80.lib,no
sky130A,sky130_fd_sc_hvl,tt_025C_2v97_lv1v80,156917,ciel/sky130/versions/d815bb30c9afdf9e264c276a8a2b533108dea3d0/sky130A/libs.ref/sky130_fd_sc_hvl/lib/sky130_fd_sc_hvl__tt_025C_2v97_lv1v80.lib,no
sky130A,sky130_fd_sc_hvl,tt_025C_3v30,6473408,ciel/sky130/versions/d815bb30c9afdf9e264c276a8a2b533108dea3d0/sky130A/libs.ref/sky130_fd_sc_hvl/lib/sky130_fd_sc_hvl__tt_025C_3v30.lib,no
sky130A,sky130_fd_sc_hvl,tt_025C_3v30_lv1v80,158664,ciel/sky130/versions/d815bb30c9afdf9e264c276a8a2b533108dea3d0/sky130A/libs.ref/sky130_fd_sc_hvl/lib/sky130_fd_sc_hvl__tt_025C_3v30_lv1v80.lib,no
sky130A,sky130_fd_sc_hvl,tt_100C_3v30,3054937,ciel/sky130/versions/d815bb30c9afdf9e264c276a8a2b533108dea3d0/sky130A/libs.ref/sky130_fd_sc_hvl/lib/sky130_fd_sc_hvl__tt_100C_3v30.lib,no
sky130A,sky130_fd_sc_hvl,tt_100C_3v30_lv1v80,156923,ciel/sky130/versions/d815bb30c9afdf9e264c276a8a2b533108dea3d0/sky130A/libs.ref/sky130_fd_sc_hvl/lib/sky130_fd_sc_hvl__tt_100C_3v30_lv1v80.lib,no
sky130A,sky130_fd_sc_hvl,tt_150C_3v30_lv1v80,156921,ciel/sky130/versions/d815bb30c9afdf9e264c276a8a2b533108dea3d0/sky130A/libs.ref/sky130_fd_sc_hvl/lib/sky130_fd_sc_hvl__tt_150C_3v30_lv1v80.lib,no
sky130A,,,15919,ciel/sky130/versions/d815bb30c9afdf9e264c276a8a2b533108dea3d0/sky130A/libs.ref/sky130_sram_macros/lib/sky130_sram_1kbyte_1rw1r_32x256_8_TT_1p8V_25C.lib,no
sky130A,,,15916,ciel/sky130/versions/d815bb30c9afdf9e264c276a8a2b533108dea3d0/sky130A/libs.ref/sky130_sram_macros/lib/sky130_sram_1kbyte_1rw1r_8x1024_8_TT_1p8V_25C.lib,no
sky130A,,,15916,ciel/sky130/versions/d815bb30c9afdf9e264c276a8a2b533108dea3d0/sky130A/libs.ref/sky130_sram_macros/lib/sky130_sram_2kbyte_1rw1r_32x512_8_TT_1p8V_25C.lib,no
sky130A,,,17040,ciel/sky130/versions/d815bb30c9afdf9e264c276a8a2b533108dea3d0/sky130A/libs.ref/sky130_sram_macros/lib/sram_1rw1r_32_256_8_sky130_FF_1p8V_25C.lib,no
sky130A,,,17052,ciel/sky130/versions/d815bb30c9afdf9e264c276a8a2b533108dea3d0/sky130A/libs.ref/sky130_sram_macros/lib/sram_1rw1r_32_256_8_sky130_SS_1p8V_25C.lib,no
sky130A,,,17036,ciel/sky130/versions/d815bb30c9afdf9e264c276a8a2b533108dea3d0/sky130A/libs.ref/sky130_sram_macros/lib/sram_1rw1r_32_256_8_sky130_TT_1p7V_25C.lib,no
sky130A,,,17050,ciel/sky130/versions/d815bb30c9afdf9e264c276a8a2b533108dea3d0/sky130A/libs.ref/sky130_sram_macros/lib/sram_1rw1r_32_256_8_sky130_TT_1p8V_0C.lib,no
sky130A,,,17042,ciel/sky130/versions/d815bb30c9afdf9e264c276a8a2b533108dea3d0/sky130A/libs.ref/sky130_sram_macros/lib/sram_1rw1r_32_256_8_sky130_TT_1p8V_100C.lib,no
sky130A,,,17052,ciel/sky130/versions/d815bb30c9afdf9e264c276a8a2b533108dea3d0/sky130A/libs.ref/sky130_sram_macros/lib/sram_1rw1r_32_256_8_sky130_TT_1p8V_25C.lib,no
sky130A,,,17052,ciel/sky130/versions/d815bb30c9afdf9e264c276a8a2b533108dea3d0/sky130A/libs.ref/sky130_sram_macros/lib/sram_1rw1r_32_256_8_sky130_TT_1p9V_25C.lib,no
sky130B,,gpiov2_pad_ff_ff_100C_1v95_5v50,289577,ciel/sky130/versions/d815bb30c9afdf9e264c276a8a2b533108dea3d0/sky130B/libs.ref/sky130_fd_io/lib/sky130_ef_io__gpiov2_pad_ff_ff_100C_1v95_5v50.lib,no
sky130B,,gpiov2_pad_ff_ff_n40C_1v95_5v50,627561,ciel/sky130/versions/d815bb30c9afdf9e264c276a8a2b533108dea3d0/sky130B/libs.ref/sky130_fd_io/lib/sky130_ef_io__gpiov2_pad_ff_ff_n40C_1v95_5v50.lib,no
sky130B,,gpiov2_pad_ff_ff_n40C_1v95_5v50_nointpwr,569757,ciel/sky130/versions/d815bb30c9afdf9e264c276a8a2b533108dea3d0/sky130B/libs.ref/sky130_fd_io/lib/sky130_ef_io__gpiov2_pad_ff_ff_n40C_1v95_5v50_nointpwr.lib,no
sky130B,,gpiov2_pad_ff_ss_100C_1v65_1v65,296064,ciel/sky130/versions/d815bb30c9afdf9e264c276a8a2b533108dea3d0/sky130B/libs.ref/sky130_fd_io/lib/sky130_ef_io__gpiov2_pad_ff_ss_100C_1v65_1v65.lib,no
sky130B,,gpiov2_pad_ff_ss_100C_1v95_1v65,299782,ciel/sky130/versions/d815bb30c9afdf9e264c276a8a2b533108dea3d0/sky130B/libs.ref/sky130_fd_io/lib/sky130_ef_io__gpiov2_pad_ff_ss_100C_1v95_1v65.lib,no
sky130B,,gpiov2_pad_ff_ss_100C_1v95_1v95,295117,ciel/sky130/versions/d815bb30c9afdf9e264c276a8a2b533108dea3d0/sky130B/libs.ref/sky130_fd_io/lib/sky130_ef_io__gpiov2_pad_ff_ss_100C_1v95_1v95.lib,no
sky130B,,gpiov2_pad_ff_ss_n40C_1v65_1v65,296094,ciel/sky130/versions/d815bb30c9afdf9e264c276a8a2b533108dea3d0/sky130B/libs.ref/sky130_fd_io/lib/sky130_ef_io__gpiov2_pad_ff_ss_n40C_1v65_1v65.lib,no
sky130B,,gpiov2_pad_ff_ss_n40C_1v95_1v65,299943,ciel/sky130/versions/d815bb30c9afdf9e264c276a8a2b533108dea3d0/sky130B/libs.ref/sky130_fd_io/lib/sky130_ef_io__gpiov2_pad_ff_ss_n40C_1v95_1v65.lib,no
sky130B,,gpiov2_pad_ff_ss_n40C_1v95_1v95,295085,ciel/sky130/versions/d815bb30c9afdf9e264c276a8a2b533108dea3d0/sky130B/libs.ref/sky130_fd_io/lib/sky130_ef_io__gpiov2_pad_ff_ss_n40C_1v95_1v95.lib,no
sky130B,,gpiov2_pad_ss_ff_100C_1v40_5v50,290348,ciel/sky130/versions/d815bb30c9afdf9e264c276a8a2b533108dea3d0/sky130B/libs.ref/sky130_fd_io/lib/sky130_ef_io__gpiov2_pad_ss_ff_100C_1v40_5v50.lib,no
sky130B,,gpiov2_pad_ss_ff_100C_1v60_5v50,290053,ciel/sky130/versions/d815bb30c9afdf9e264c276a8a2b533108dea3d0/sky130B/libs.ref/sky130_fd_io/lib/sky130_ef_io__gpiov2_pad_ss_ff_100C_1v60_5v50.lib,no
sky130B,,gpiov2_pad_ss_ff_n40C_1v35_5v50,289946,ciel/sky130/versions/d815bb30c9afdf9e264c276a8a2b533108dea3d0/sky130B/libs.ref/sky130_fd_io/lib/sky130_ef_io__gpiov2_pad_ss_ff_n40C_1v35_5v50.lib,no
sky130B,,gpiov2_pad_ss_ff_n40C_1v60_5v50,289637,ciel/sky130/versions/d815bb30c9afdf9e264c276a8a2b533108dea3d0/sky130B/libs.ref/sky130_fd_io/lib/sky130_ef_io__gpiov2_pad_ss_ff_n40C_1v60_5v50.lib,no
sky130B,,gpiov2_pad_ss_ss_100C_1v40_1v65,296347,ciel/sky130/versions/d815bb30c9afdf9e264c276a8a2b533108dea3d0/sky130B/libs.ref/sky130_fd_io/lib/sky130_ef_io__gpiov2_pad_ss_ss_100C_1v40_1v65.lib,no
sky130B,,gpiov2_pad_ss_ss_100C_1v60_1v65,295905,ciel/sky130/versions/d815bb30c9afdf9e264c276a8a2b533108dea3d0/sky130B/libs.ref/sky130_fd_io/lib/sky130_ef_io__gpiov2_pad_ss_ss_100C_1v60_1v65.lib,no
sky130B,,gpiov2_pad_ss_ss_100C_1v60_3v00,300013,ciel/sky130/versions/d815bb30c9afdf9e264c276a8a2b533108dea3d0/sky130B/libs.ref/sky130_fd_io/lib/sky130_ef_io__gpiov2_pad_ss_ss_100C_1v60_3v00.lib,no
sky130B,,gpiov2_pad_ss_ss_n40C_1v35_1v65,295245,ciel/sky130/versions/d815bb30c9afdf9e264c276a8a2b533108dea3d0/sky130B/libs.ref/sky130_fd_io/lib/sky130_ef_io__gpiov2_pad_ss_ss_n40C_1v35_1v65.lib,no
sky130B,,gpiov2_pad_ss_ss_n40C_1v40_1v65,296597,ciel/sky130/versions/d815bb30c9afdf9e264c276a8a2b533108dea3d0/sky130B/libs.ref/sky130_fd_io/lib/sky130_ef_io__gpiov2_pad_ss_ss_n40C_1v40_1v65.lib,no
sky130B,,gpiov2_pad_ss_ss_n40C_1v60_1v65,661036,ciel/sky130/versions/d815bb30c9afdf9e264c276a8a2b533108dea3d0/sky130B/libs.ref/sky130_fd_io/lib/sky130_ef_io__gpiov2_pad_ss_ss_n40C_1v60_1v65.lib,no
sky130B,,gpiov2_pad_ss_ss_n40C_1v60_1v65_nointpwr,600227,ciel/sky130/versions/d815bb30c9afdf9e264c276a8a2b533108dea3d0/sky130B/libs.ref/sky130_fd_io/lib/sky130_ef_io__gpiov2_pad_ss_ss_n40C_1v60_1v65_nointpwr.lib,no
sky130B,,gpiov2_pad_tt_tt_025C_1v80_3v30,288391,ciel/sky130/versions/d815bb30c9afdf9e264c276a8a2b533108dea3d0/sky130B/libs.ref/sky130_fd_io/lib/sky130_ef_io__gpiov2_pad_tt_tt_025C_1v80_3v30.lib,no
sky130B,,gpiov2_pad_wrapped_ff_ff_100C_1v95_5v50,289609,ciel/sky130/versions/d815bb30c9afdf9e264c276a8a2b533108dea3d0/sky130B/libs.ref/sky130_fd_io/lib/sky130_ef_io__gpiov2_pad_wrapped_ff_ff_100C_1v95_5v50.lib,no
sky130B,,gpiov2_pad_wrapped_ff_ff_n40C_1v95_5v50,627593,ciel/sky130/versions/d815bb30c9afdf9e264c276a8a2b533108dea3d0/sky130B/libs.ref/sky130_fd_io/lib/sky130_ef_io__gpiov2_pad_wrapped_ff_ff_n40C_1v95_5v50.lib,no
sky130B,,gpiov2_pad_wrapped_ff_ff_n40C_1v95_5v50_nointpwr,569789,ciel/sky130/versions/d815bb30c9afdf9e264c276a8a2b533108dea3d0/sky130B/libs.ref/sky130_fd_io/lib/sky130_ef_io__gpiov2_pad_wrapped_ff_ff_n40C_1v95_5v50_nointpwr.lib,no
sky130B,,gpiov2_pad_wrapped_ff_ss_100C_1v65_1v65,296096,ciel/sky130/versions/d815bb30c9afdf9e264c276a8a2b533108dea3d0/sky130B/libs.ref/sky130_fd_io/lib/sky130_ef_io__gpiov2_pad_wrapped_ff_ss_100C_1v65_1v65.lib,no
sky130B,,gpiov2_pad_wrapped_ff_ss_100C_1v95_1v65,299814,ciel/sky130/versions/d815bb30c9afdf9e264c276a8a2b533108dea3d0/sky130B/libs.ref/sky130_fd_io/lib/sky130_ef_io__gpiov2_pad_wrapped_ff_ss_100C_1v95_1v65.lib,no
sky130B,,gpiov2_pad_wrapped_ff_ss_100C_1v95_1v95,295149,ciel/sky130/versions/d815bb30c9afdf9e264c276a8a2b533108dea3d0/sky130B/libs.ref/sky130_fd_io/lib/sky130_ef_io__gpiov2_pad_wrapped_ff_ss_100C_1v95_1v95.lib,no
sky130B,,gpiov2_pad_wrapped_ff_ss_n40C_1v65_1v65,296126,ciel/sky130/versions/d815bb30c9afdf9e264c276a8a2b533108dea3d0/sky130B/libs.ref/sky130_fd_io/lib/sky130_ef_io__gpiov2_pad_wrapped_ff_ss_n40C_1v65_1v65.lib,no
sky130B,,gpiov2_pad_wrapped_ff_ss_n40C_1v95_1v65,299975,ciel/sky130/versions/d815bb30c9afdf9e264c276a8a2b533108dea3d0/sky130B/libs.ref/sky130_fd_io/lib/sky130_ef_io__gpiov2_pad_wrapped_ff_ss_n40C_1v95_1v65.lib,no
sky130B,,gpiov2_pad_wrapped_ff_ss_n40C_1v95_1v95,295117,ciel/sky130/versions/d815bb30c9afdf9e264c276a8a2b533108dea3d0/sky130B/libs.ref/sky130_fd_io/lib/sky130_ef_io__gpiov2_pad_wrapped_ff_ss_n40C_1v95_1v95.lib,no
sky130B,,gpiov2_pad_wrapped_ss_ff_100C_1v40_5v50,290380,ciel/sky130/versions/d815bb30c9afdf9e264c276a8a2b533108dea3d0/sky130B/libs.ref/sky130_fd_io/lib/sky130_ef_io__gpiov2_pad_wrapped_ss_ff_100C_1v40_5v50.lib,no
sky130B,,gpiov2_pad_wrapped_ss_ff_100C_1v60_5v50,290085,ciel/sky130/versions/d815bb30c9afdf9e264c276a8a2b533108dea3d0/sky130B/libs.ref/sky130_fd_io/lib/sky130_ef_io__gpiov2_pad_wrapped_ss_ff_100C_1v60_5v50.lib,no
sky130B,,gpiov2_pad_wrapped_ss_ff_n40C_1v35_5v50,289978,ciel/sky130/versions/d815bb30c9afdf9e264c276a8a2b533108dea3d0/sky130B/libs.ref/sky130_fd_io/lib/sky130_ef_io__gpiov2_pad_wrapped_ss_ff_n40C_1v35_5v50.lib,no
sky130B,,gpiov2_pad_wrapped_ss_ff_n40C_1v60_5v50,289669,ciel/sky130/versions/d815bb30c9afdf9e264c276a8a2b533108dea3d0/sky130B/libs.ref/sky130_fd_io/lib/sky130_ef_io__gpiov2_pad_wrapped_ss_ff_n40C_1v60_5v50.lib,no
sky130B,,gpiov2_pad_wrapped_ss_ss_100C_1v40_1v65,296379,ciel/sky130/versions/d815bb30c9afdf9e264c276a8a2b533108dea3d0/sky130B/libs.ref/sky130_fd_io/lib/sky130_ef_io__gpiov2_pad_wrapped_ss_ss_100C_1v40_1v65.lib,no
sky130B,,gpiov2_pad_wrapped_ss_ss_100C_1v60_1v65,295937,ciel/sky130/versions/d815bb30c9afdf9e264c276a8a2b533108dea3d0/sky130B/libs.ref/sky130_fd_io/lib/sky130_ef_io__gpiov2_pad_wrapped_ss_ss_100C_1v60_1v65.lib,no
sky130B,,gpiov2_pad_wrapped_ss_ss_100C_1v60_3v00,300045,ciel/sky130/versions/d815bb30c9afdf9e264c276a8a2b533108dea3d0/sky130B/libs.ref/sky130_fd_io/lib/sky130_ef_io__gpiov2_pad_wrapped_ss_ss_100C_1v60_3v00.lib,no
sky130B,,gpiov2_pad_wrapped_ss_ss_n40C_1v35_1v65,295277,ciel/sky130/versions/d815bb30c9afdf9e264c276a8a2b533108dea3d0/sky130B/libs.ref/sky130_fd_io/lib/sky130_ef_io__gpiov2_pad_wrapped_ss_ss_n40C_1v35_1v65.lib,no
sky130B,,gpiov2_pad_wrapped_ss_ss_n40C_1v40_1v65,296629,ciel/sky130/versions/d815bb30c9afdf9e264c276a8a2b533108dea3d0/sky130B/libs.ref/sky130_fd_io/lib/sky130_ef_io__gpiov2_pad_wrapped_ss_ss_n40C_1v40_1v65.lib,no
sky130B,,gpiov2_pad_wrapped_ss_ss_n40C_1v60_1v65,661068,ciel/sky130/versions/d815bb30c9afdf9e264c276a8a2b533108dea3d0/sky130B/libs.ref/sky130_fd_io/lib/sky130_ef_io__gpiov2_pad_wrapped_ss_ss_n40C_1v60_1v65.lib,no
sky130B,,gpiov2_pad_wrapped_ss_ss_n40C_1v60_1v65_nointpwr,600259,ciel/sky130/versions/d815bb30c9afdf9e264c276a8a2b533108dea3d0/sky130B/libs.ref/sky130_fd_io/lib/sky130_ef_io__gpiov2_pad_wrapped_ss_ss_n40C_1v60_1v65_nointpwr.lib,no
sky130B,,gpiov2_pad_wrapped_tt_tt_025C_1v80_3v30,288423,ciel/sky130/versions/d815bb30c9afdf9e264c276a8a2b533108dea3d0/sky130B/libs.ref/sky130_fd_io/lib/sky130_ef_io__gpiov2_pad_wrapped_tt_tt_025C_1v80_3v30.lib,no
sky130B,,vccd_lvc_clamped3_pad_ff_100C_1v95_5v50_1v65,4571,ciel/sky130/versions/d815bb30c9afdf9e264c276a8a2b533108dea3d0/sky130B/libs.ref/sky130_fd_io/lib/sky130_ef_io__vccd_lvc_clamped3_pad_ff_100C_1v95_5v50_1v65.lib,no
sky130B,,vccd_lvc_clamped3_pad_ff_100C_1v95_5v50_5v50,4570,ciel/sky130/versions/d815bb30c9afdf9e264c276a8a2b533108dea3d0/sky130B/libs.ref/sky130_fd_io/lib/sky130_ef_io__vccd_lvc_clamped3_pad_ff_100C_1v95_5v50_5v50.lib,no
sky130B,,vccd_lvc_clamped3_pad_ff_n40C_1v95_5v50_1v65,4569,ciel/sky130/versions/d815bb30c9afdf9e264c276a8a2b533108dea3d0/sky130B/libs.ref/sky130_fd_io/lib/sky130_ef_io__vccd_lvc_clamped3_pad_ff_n40C_1v95_5v50_1v65.lib,no
sky130B,,vccd_lvc_clamped3_pad_ff_n40C_1v95_5v50_5v50,4569,ciel/sky130/versions/d815bb30c9afdf9e264c276a8a2b533108dea3d0/sky130B/libs.ref/sky130_fd_io/lib/sky130_ef_io__vccd_lvc_clamped3_pad_ff_n40C_1v95_5v50_5v50.lib,no
sky130B,,vccd_lvc_clamped3_pad_ff_ss_100C_1v65_1v65_1v65,4577,ciel/sky130/versions/d815bb30c9afdf9e264c276a8a2b533108dea3d0/sky130B/libs.ref/sky130_fd_io/lib/sky130_ef_io__vccd_lvc_clamped3_pad_ff_ss_100C_1v65_1v65_1v65.lib,no
sky130B,,vccd_lvc_clamped3_pad_ff_ss_100C_1v95_1v95_1v65,4577,ciel/sky130/versions/d815bb30c9afdf9e264c276a8a2b533108dea3d0/sky130B/libs.ref/sky130_fd_io/lib/sky130_ef_io__vccd_lvc_clamped3_pad_ff_ss_100C_1v95_1v95_1v65.lib,no
sky130B,,vccd_lvc_clamped3_pad_ff_ss_100C_1v95_1v95_1v95,4577,ciel/sky130/versions/d815bb30c9afdf9e264c276a8a2b533108dea3d0/sky130B/libs.ref/sky130_fd_io/lib/sky130_ef_io__vccd_lvc_clamped3_pad_ff_ss_100C_1v95_1v95_1v95.lib,no
sky130B,,vccd_lvc_clamped3_pad_ff_ss_100C_1v95_5v50_1v65,4577,ciel/sky130/versions/d815bb30c9afdf9e264c276a8a2b533108dea3d0/sky130B/libs.ref/sky130_fd_io/lib/sky130_ef_io__vccd_lvc_clamped3_pad_ff_ss_100C_1v95_5v50_1v65.lib,no
sky130B,,vccd_lvc_clamped3_pad_ff_ss_n40C_1v65_1v65_1v65,4576,ciel/sky130/versions/d815bb30c9afdf9e264c276a8a2b533108dea3d0/sky130B/libs.ref/sky130_fd_io/lib/sky130_ef_io__vccd_lvc_clamped3_pad_ff_ss_n40C_1v65_1v65_1v65.lib,no
sky130B,,vccd_lvc_clamped3_pad_ff_ss_n40C_1v95_1v95_1v65,4576,ciel/sky130/versions/d815bb30c9afdf9e264c276a8a2b533108dea3d0/sky130B/libs.ref/sky130_fd_io/lib/sky130_ef_io__vccd_lvc_clamped3_pad_ff_ss_n40C_1v95_1v95_1v65.lib,no
sky130B,,vccd_lvc_clamped3_pad_ff_ss_n40C_1v95_1v95_1v95,4576,ciel/sky130/versions/d815bb30c9afdf9e264c276a8a2b533108dea3d0/sky130B/libs.ref/sky130_fd_io/lib/sky130_ef_io__vccd_lvc_clamped3_pad_ff_ss_n40C_1v95_1v95_1v95.lib,no
sky130B,,vccd_lvc_clamped3_pad_ff_ss_n40C_1v95_5v50_1v65,4576,ciel/sky130/versions/d815bb30c9afdf9e264c276a8a2b533108dea3d0/sky130B/libs.ref/sky130_fd_io/lib/sky130_ef_io__vccd_lvc_clamped3_pad_ff_ss_n40C_1v95_5v50_1v65.lib,no
sky130B,,vccd_lvc_clamped3_pad_ss_100C_1v40_1v65_1v65,4570,ciel/sky130/versions/d815bb30c9afdf9e264c276a8a2b533108dea3d0/sky130B/libs.ref/sky130_fd_io/lib/sky130_ef_io__vccd_lvc_clamped3_pad_ss_100C_1v40_1v65_1v65.lib,no
sky130B,,vccd_lvc_clamped3_pad_ss_100C_1v60_1v65_1v65,4570,ciel/sky130/versions/d815bb30c9afdf9e264c276a8a2b533108dea3d0/sky130B/libs.ref/sky130_fd_io/lib/sky130_ef_io__vccd_lvc_clamped3_pad_ss_100C_1v60_1v65_1v65.lib,no
sky130B,,vccd_lvc_clamped3_pad_ss_100C_1v60_3v00_3v00,4570,ciel/sky130/versions/d815bb30c9afdf9e264c276a8a2b533108dea3d0/sky130B/libs.ref/sky130_fd_io/lib/sky130_ef_io__vccd_lvc_clamped3_pad_ss_100C_1v60_3v00_3v00.lib,no
sky130B,,vccd_lvc_clamped3_pad_ss_100C_1v60_5v50_1v65,4570,ciel/sky130/versions/d815bb30c9afdf9e264c276a8a2b533108dea3d0/sky130B/libs.ref/sky130_fd_io/lib/sky130_ef_io__vccd_lvc_clamped3_pad_ss_100C_1v60_5v50_1v65.lib,no
sky130B,,vccd_lvc_clamped3_pad_ss_ff_100C_1v40_5v50_5v50,4575,ciel/sky130/versions/d815bb30c9afdf9e264c276a8a2b533108dea3d0/sky130B/libs.ref/sky130_fd_io/lib/sky130_ef_io__vccd_lvc_clamped3_pad_ss_ff_100C_1v40_5v50_5v50.lib,no
sky130B,,vccd_lvc_clamped3_pad_ss_ff_100C_1v60_5v50_1v65,4578,ciel/sky130/versions/d815bb30c9afdf9e264c276a8a2b533108dea3d0/sky130B/libs.ref/sky130_fd_io/lib/sky130_ef_io__vccd_lvc_clamped3_pad_ss_ff_100C_1v60_5v50_1v65.lib,no
sky130B,,vccd_lvc_clamped3_pad_ss_ff_100C_1v60_5v50_5v50,4578,ciel/sky130/versions/d815bb30c9afdf9e264c276a8a2b533108dea3d0/sky130B/libs.ref/sky130_fd_io/lib/sky130_ef_io__vccd_lvc_clamped3_pad_ss_ff_100C_1v60_5v50_5v50.lib,no
sky130B,,vccd_lvc_clamped3_pad_ss_ff_n40C_1v35_5v50_5v50,4575,ciel/sky130/versions/d815bb30c9afdf9e264c276a8a2b533108dea3d0/sky130B/libs.ref/sky130_fd_io/lib/sky130_ef_io__vccd_lvc_clamped3_pad_ss_ff_n40C_1v35_5v50_5v50.lib,no
sky130B,,vccd_lvc_clamped3_pad_ss_ff_n40C_1v60_5v50_1v65,4576,ciel/sky130/versions/d815bb30c9afdf9e264c276a8a2b533108dea3d0/sky130B/libs.ref/sky130_fd_io/lib/sky130_ef_io__vccd_lvc_clamped3_pad_ss_ff_n40C_1v60_5v50_1v65.lib,no
sky130B,,vccd_lvc_clamped3_pad_ss_ff_n40C_1v60_5v50_5v50,4576,ciel/sky130/versions/d815bb30c9afdf9e264c276a8a2b533108dea3d0/sky130B/libs.ref/sky130_fd_io/lib/sky130_ef_io__vccd_lvc_clamped3_pad_ss_ff_n40C_1v60_5v50_5v50.lib,no
sky130B,,vccd_lvc_clamped3_pad_ss_n40C_1v35_1v65_1v65,4569,ciel/sky130/versions/d815bb30c9afdf9e264c276a8a2b533108dea3d0/sky130B/libs.ref/sky130_fd_io/lib/sky130_ef_io__vccd_lvc_clamped3_pad_ss_n40C_1v35_1v65_1v65.lib,no
sky130B,,vccd_lvc_clamped3_pad_ss_n40C_1v40_1v65_1v65,4569,ciel/sky130/versions/d815bb30c9afdf9e264c276a8a2b533108dea3d0/sky130B/libs.ref/sky130_fd_io/lib/sky130_ef_io__vccd_lvc_clamped3_pad_ss_n40C_1v40_1v65_1v65.lib,no
sky130B,,vccd_lvc_clamped3_pad_ss_n40C_1v60_1v65_1v65,4569,ciel/sky130/versions/d815bb30c9afdf9e264c276a8a2b533108dea3d0/sky130B/libs.ref/sky130_fd_io/lib/sky130_ef_io__vccd_lvc_clamped3_pad_ss_n40C_1v60_1v65_1v65.lib,no
sky130B,,vccd_lvc_clamped3_pad_ss_n40C_1v60_5v50_1v65,4569,ciel/sky130/versions/d815bb30c9afdf9e264c276a8a2b533108dea3d0/sky130B/libs.ref/sky130_fd_io/lib/sky130_ef_io__vccd_lvc_clamped3_pad_ss_n40C_1v60_5v50_1v65.lib,no
sky130B,,vccd_lvc_clamped3_pad_tt_025C_1v80_3v30_3v30,4569,ciel/sky130/versions/d815bb30c9afdf9e264c276a8a2b533108dea3d0/sky130B/libs.ref/sky130_fd_io/lib/sky130_ef_io__vccd_lvc_clamped3_pad_tt_025C_1v80_3v30_3v30.lib,no
sky130B,,vccd_lvc_clamped_pad_ff_100C_1v95_5v50_1v65,4344,ciel/sky130/versions/d815bb30c9afdf9e264c276a8a2b533108dea3d0/sky130B/libs.ref/sky130_fd_io/lib/sky130_ef_io__vccd_lvc_clamped_pad_ff_100C_1v95_5v50_1v65.lib,no
sky130B,,vccd_lvc_clamped_pad_ff_100C_1v95_5v50_5v50,4343,ciel/sky130/versions/d815bb30c9afdf9e264c276a8a2b533108dea3d0/sky130B/libs.ref/sky130_fd_io/lib/sky130_ef_io__vccd_lvc_clamped_pad_ff_100C_1v95_5v50_5v50.lib,no
sky130B,,vccd_lvc_clamped_pad_ff_n40C_1v95_5v50_1v65,4342,ciel/sky130/versions/d815bb30c9afdf9e264c276a8a2b533108dea3d0/sky130B/libs.ref/sky130_fd_io/lib/sky130_ef_io__vccd_lvc_clamped_pad_ff_n40C_1v95_5v50_1v65.lib,no
sky130B,,vccd_lvc_clamped_pad_ff_n40C_1v95_5v50_5v50,4342,ciel/sky130/versions/d815bb30c9afdf9e264c276a8a2b533108dea3d0/sky130B/libs.ref/sky130_fd_io/lib/sky130_ef_io__vccd_lvc_clamped_pad_ff_n40C_1v95_5v50_5v50.lib,no
sky130B,,vccd_lvc_clamped_pad_ff_ss_100C_1v65_1v65_1v65,4350,ciel/sky130/versions/d815bb30c9afdf9e264c276a8a2b533108dea3d0/sky130B/libs.ref/sky130_fd_io/lib/sky130_ef_io__vccd_lvc_clamped_pad_ff_ss_100C_1v65_1v65_1v65.lib,no
sky130B,,vccd_lvc_clamped_pad_ff_ss_100C_1v95_1v95_1v65,4350,ciel/sky130/versions/d815bb30c9afdf9e264c276a8a2b533108dea3d0/sky130B/libs.ref/sky130_fd_io/lib/sky130_ef_io__vccd_lvc_clamped_pad_ff_ss_100C_1v95_1v95_1v65.lib,no
sky130B,,vccd_lvc_clamped_pad_ff_ss_100C_1v95_1v95_1v95,4350,ciel/sky130/versions/d815bb30c9afdf9e264c276a8a2b533108dea3d0/sky130B/libs.ref/sky130_fd_io/lib/sky130_ef_io__vccd_lvc_clamped_pad_ff_ss_100C_1v95_1v95_1v95.lib,no
sky130B,,vccd_lvc_clamped_pad_ff_ss_100C_1v95_5v50_1v65,4350,ciel/sky130/versions/d815bb30c9afdf9e264c276a8a2b533108dea3d0/sky130B/libs.ref/sky130_fd_io/lib/sky130_ef_io__vccd_lvc_clamped_pad_ff_ss_100C_1v95_5v50_1v65.lib,no
sky130B,,vccd_lvc_clamped_pad_ff_ss_n40C_1v65_1v65_1v65,4349,ciel/sky130/versions/d815bb30c9afdf9e264c276a8a2b533108dea3d0/sky130B/libs.ref/sky130_fd_io/lib/sky130_ef_io__vccd_lvc_clamped_pad_ff_ss_n40C_1v65_1v65_1v65.lib,no
sky130B,,vccd_lvc_clamped_pad_ff_ss_n40C_1v95_1v95_1v65,4349,ciel/sky130/versions/d815bb30c9afdf9e264c276a8a2b533108dea3d0/sky130B/libs.ref/sky130_fd_io/lib/sky130_ef_io__vccd_lvc_clamped_pad_ff_ss_n40C_1v95_1v95_1v65.lib,no
sky130B,,vccd_lvc_clamped_pad_ff_ss_n40C_1v95_1v95_1v95,4349,ciel/sky130/versions/d815bb30c9afdf9e264c276a8a2b533108dea3d0/sky130B/libs.ref/sky130_fd_io/lib/sky130_ef_io__vccd_lvc_clamped_pad_ff_ss_n40C_1v95_1v95_1v95.lib,no
sky130B,,vccd_lvc_clamped_pad_ff_ss_n40C_1v95_5v50_1v65,4349,ciel/sky130/versions/d815bb30c9afdf9e264c276a8a2b533108dea3d0/sky130B/libs.ref/sky130_fd_io/lib/sky130_ef_io__vccd_lvc_clamped_pad_ff_ss_n40C_1v95_5v50_1v65.lib,no
sky130B,,vccd_lvc_clamped_pad_ss_100C_1v40_1v65_1v65,4343,ciel/sky130/versions/d815bb30c9afdf9e264c276a8a2b533108dea3d0/sky130B/libs.ref/sky130_fd_io/lib/sky130_ef_io__vccd_lvc_clamped_pad_ss_100C_1v40_1v65_1v65.lib,no
sky130B,,vccd_lvc_clamped_pad_ss_100C_1v60_1v65_1v65,4343,ciel/sky130/versions/d815bb30c9afdf9e264c276a8a2b533108dea3d0/sky130B/libs.ref/sky130_fd_io/lib/sky130_ef_io__vccd_lvc_clamped_pad_ss_100C_1v60_1v65_1v65.lib,no
sky130B,,vccd_lvc_clamped_pad_ss_100C_1v60_3v00_3v00,4343,ciel/sky130/versions/d815bb30c9afdf9e264c276a8a2b533108dea3d0/sky130B/libs.ref/sky130_fd_io/lib/sky130_ef_io__vccd_lvc_clamped_pad_ss_100C_1v60_3v00_3v00.lib,no
sky130B,,vccd_lvc_clamped_pad_ss_100C_1v60_5v50_1v65,4343,ciel/sky130/versions/d815bb30c9afdf9e264c276a8a2b533108dea3d0/sky130B/libs.ref/sky130_fd_io/lib/sky130_ef_io__vccd_lvc_clamped_pad_ss_100C_1v60_5v50_1v65.lib,no
sky130B,,vccd_lvc_clamped_pad_ss_ff_100C_1v40_5v50_5v50,4348,ciel/sky130/versions/d815bb30c9afdf9e264c276a8a2b533108dea3d0/sky130B/libs.ref/sky130_fd_io/lib/sky130_ef_io__vccd_lvc_clamped_pad_ss_ff_100C_1v40_5v50_5v50.lib,no
sky130B,,vccd_lvc_clamped_pad_ss_ff_100C_1v60_5v50_1v65,4351,ciel/sky130/versions/d815bb30c9afdf9e264c276a8a2b533108dea3d0/sky130B/libs.ref/sky130_fd_io/lib/sky130_ef_io__vccd_lvc_clamped_pad_ss_ff_100C_1v60_5v50_1v65.lib,no
sky130B,,vccd_lvc_clamped_pad_ss_ff_100C_1v60_5v50_5v50,4351,ciel/sky130/versions/d815bb30c9afdf9e264c276a8a2b533108dea3d0/sky130B/libs.ref/sky130_fd_io/lib/sky130_ef_io__vccd_lvc_clamped_pad_ss_ff_100C_1v60_5v50_5v50.lib,no
sky130B,,vccd_lvc_clamped_pad_ss_ff_n40C_1v35_5v50_5v50,4348,ciel/sky130/versions/d815bb30c9afdf9e264c276a8a2b533108dea3d0/sky130B/libs.ref/sky130_fd_io/lib/sky130_ef_io__vccd_lvc_clamped_pad_ss_ff_n40C_1v35_5v50_5v50.lib,no
sky130B,,vccd_lvc_clamped_pad_ss_ff_n40C_1v60_5v50_1v65,4349,ciel/sky130/versions/d815bb30c9afdf9e264c276a8a2b533108dea3d0/sky130B/libs.ref/sky130_fd_io/lib/sky130_ef_io__vccd_lvc_clamped_pad_ss_ff_n40C_1v60_5v50_1v65.lib,no
sky130B,,vccd_lvc_clamped_pad_ss_ff_n40C_1v60_5v50_5v50,4349,ciel/sky130/versions/d815bb30c9afdf9e264c276a8a2b533108dea3d0/sky130B/libs.ref/sky130_fd_io/lib/sky130_ef_io__vccd_lvc_clamped_pad_ss_ff_n40C_1v60_5v50_5v50.lib,no
sky130B,,vccd_lvc_clamped_pad_ss_n40C_1v35_1v65_1v65,4342,ciel/sky130/versions/d815bb30c9afdf9e264c276a8a2b533108dea3d0/sky130B/libs.ref/sky130_fd_io/lib/sky130_ef_io__vccd_lvc_clamped_pad_ss_n40C_1v35_1v65_1v65.lib,no
sky130B,,vccd_lvc_clamped_pad_ss_n40C_1v40_1v65_1v65,4342,ciel/sky130/versions/d815bb30c9afdf9e264c276a8a2b533108dea3d0/sky130B/libs.ref/sky130_fd_io/lib/sky130_ef_io__vccd_lvc_clamped_pad_ss_n40C_1v40_1v65_1v65.lib,no
sky130B,,vccd_lvc_clamped_pad_ss_n40C_1v60_1v65_1v65,4342,ciel/sky130/versions/d815bb30c9afdf9e264c276a8a2b533108dea3d0/sky130B/libs.ref/sky130_fd_io/lib/sky130_ef_io__vccd_lvc_clamped_pad_ss_n40C_1v60_1v65_1v65.lib,no
sky130B,,vccd_lvc_clamped_pad_ss_n40C_1v60_5v50_1v65,4342,ciel/sky130/versions/d815bb30c9afdf9e264c276a8a2b533108dea3d0/sky130B/libs.ref/sky130_fd_io/lib/sky130_ef_io__vccd_lvc_clamped_pad_ss_n40C_1v60_5v50_1v65.lib,no
sky130B,,vccd_lvc_clamped_pad_tt_025C_1v80_3v30_3v30,4342,ciel/sky130/versions/d815bb30c9afdf9e264c276a8a2b533108dea3d0/sky130B/libs.ref/sky130_fd_io/lib/sky130_ef_io__vccd_lvc_clamped_pad_tt_025C_1v80_3v30_3v30.lib,no
sky130B,,vdda_hvc_clamped_pad_ff_100C_1v95_5v50_1v65,4342,ciel/sky130/versions/d815bb30c9afdf9e264c276a8a2b533108dea3d0/sky130B/libs.ref/sky130_fd_io/lib/sky130_ef_io__vdda_hvc_clamped_pad_ff_100C_1v95_5v50_1v65.lib,no
sky130B,,vdda_hvc_clamped_pad_ff_100C_1v95_5v50_5v50,4340,ciel/sky130/versions/d815bb30c9afdf9e264c276a8a2b533108dea3d0/sky130B/libs.ref/sky130_fd_io/lib/sky130_ef_io__vdda_hvc_clamped_pad_ff_100C_1v95_5v50_5v50.lib,no
sky130B,,vdda_hvc_clamped_pad_ff_n40C_1v95_5v50_1v65,4340,ciel/sky130/versions/d815bb30c9afdf9e264c276a8a2b533108dea3d0/sky130B/libs.ref/sky130_fd_io/lib/sky130_ef_io__vdda_hvc_clamped_pad_ff_n40C_1v95_5v50_1v65.lib,no
sky130B,,vdda_hvc_clamped_pad_ff_n40C_1v95_5v50_5v50,4340,ciel/sky130/versions/d815bb30c9afdf9e264c276a8a2b533108dea3d0/sky130B/libs.ref/sky130_fd_io/lib/sky130_ef_io__vdda_hvc_clamped_pad_ff_n40C_1v95_5v50_5v50.lib,no
sky130B,,vdda_hvc_clamped_pad_ff_ss_100C_1v65_1v65_1v65,4347,ciel/sky130/versions/d815bb30c9afdf9e264c276a8a2b533108dea3d0/sky130B/libs.ref/sky130_fd_io/lib/sky130_ef_io__vdda_hvc_clamped_pad_ff_ss_100C_1v65_1v65_1v65.lib,no
sky130B,,vdda_hvc_clamped_pad_ff_ss_100C_1v95_1v95_1v65,4347,ciel/sky130/versions/d815bb30c9afdf9e264c276a8a2b533108dea3d0/sky130B/libs.ref/sky130_fd_io/lib/sky130_ef_io__vdda_hvc_clamped_pad_ff_ss_100C_1v95_1v95_1v65.lib,no
sky130B,,vdda_hvc_clamped_pad_ff_ss_100C_1v95_1v95_1v95,4347,ciel/sky130/versions/d815bb30c9afdf9e264c276a8a2b533108dea3d0/sky130B/libs.ref/sky130_fd_io/lib/sky130_ef_io__vdda_hvc_clamped_pad_ff_ss_100C_1v95_1v95_1v95.lib,no
sky130B,,vdda_hvc_clamped_pad_ff_ss_100C_1v95_5v50_1v65,4347,ciel/sky130/versions/d815bb30c9afdf9e264c276a8a2b533108dea3d0/sky130B/libs.ref/sky130_fd_io/lib/sky130_ef_io__vdda_hvc_clamped_pad_ff_ss_100C_1v95_5v50_1v65.lib,no
sky130B,,vdda_hvc_clamped_pad_ff_ss_n40C_1v65_1v65_1v65,4345,ciel/sky130/versions/d815bb30c9afdf9e264c276a8a2b533108dea3d0/sky130B/libs.ref/sky130_fd_io/lib/sky130_ef_io__vdda_hvc_clamped_pad_ff_ss_n40C_1v65_1v65_1v65.lib,no
sky130B,,vdda_hvc_clamped_pad_ff_ss_n40C_1v95_1v95_1v65,4345,ciel/sky130/versions/d815bb30c9afdf9e264c276a8a2b533108dea3d0/sky130B/libs.ref/sky130_fd_io/lib/sky130_ef_io__vdda_hvc_clamped_pad_ff_ss_n40C_1v95_1v95_1v65.lib,no
sky130B,,vdda_hvc_clamped_pad_ff_ss_n40C_1v95_1v95_1v95,4345,ciel/sky130/versions/d815bb30c9afdf9e264c276a8a2b533108dea3d0/sky130B/libs.ref/sky130_fd_io/lib/sky130_ef_io__vdda_hvc_clamped_pad_ff_ss_n40C_1v95_1v95_1v95.lib,no
sky130B,,vdda_hvc_clamped_pad_ff_ss_n40C_1v95_5v50_1v65,4345,ciel/sky130/versions/d815bb30c9afdf9e264c276a8a2b533108dea3d0/sky130B/libs.ref/sky130_fd_io/lib/sky130_ef_io__vdda_hvc_clamped_pad_ff_ss_n40C_1v95_5v50_1v65.lib,no
sky130B,,vdda_hvc_clamped_pad_ss_100C_1v40_1v65_1v65,4341,ciel/sky130/versions/d815bb30c9afdf9e264c276a8a2b533108dea3d0/sky130B/libs.ref/sky130_fd_io/lib/sky130_ef_io__vdda_hvc_clamped_pad_ss_100C_1v40_1v65_1v65.lib,no
sky130B,,vdda_hvc_clamped_pad_ss_100C_1v60_1v65_1v65,4341,ciel/sky130/versions/d815bb30c9afdf9e264c276a8a2b533108dea3d0/sky130B/libs.ref/sky130_fd_io/lib/sky130_ef_io__vdda_hvc_clamped_pad_ss_100C_1v60_1v65_1v65.lib,no
sky130B,,vdda_hvc_clamped_pad_ss_100C_1v60_3v00_3v00,4341,ciel/sky130/versions/d815bb30c9afdf9e264c276a8a2b533108dea3d0/sky130B/libs.ref/sky130_fd_io/lib/sky130_ef_io__vdda_hvc_clamped_pad_ss_100C_1v60_3v00_3v00.lib,no
sky130B,,vdda_hvc_clamped_pad_ss_100C_1v60_5v50_1v65,4341,ciel/sky130/versions/d815bb30c9afdf9e264c276a8a2b533108dea3d0/sky130B/libs.ref/sky130_fd_io/lib/sky130_ef_io__vdda_hvc_clamped_pad_ss_100C_1v60_5v50_1v65.lib,no
sky130B,,vdda_hvc_clamped_pad_ss_ff_100C_1v40_5v50_5v50,4346,ciel/sky130/versions/d815bb30c9afdf9e264c276a8a2b533108dea3d0/sky130B/libs.ref/sky130_fd_io/lib/sky130_ef_io__vdda_hvc_clamped_pad_ss_ff_100C_1v40_5v50_5v50.lib,no
sky130B,,vdda_hvc_clamped_pad_ss_ff_100C_1v60_5v50_1v65,4348,ciel/sky130/versions/d815bb30c9afdf9e264c276a8a2b533108dea3d0/sky130B/libs.ref/sky130_fd_io/lib/sky130_ef_io__vdda_hvc_clamped_pad_ss_ff_100C_1v60_5v50_1v65.lib,no
sky130B,,vdda_hvc_clamped_pad_ss_ff_100C_1v60_5v50_5v50,4348,ciel/sky130/versions/d815bb30c9afdf9e264c276a8a2b533108dea3d0/sky130B/libs.ref/sky130_fd_io/lib/sky130_ef_io__vdda_hvc_clamped_pad_ss_ff_100C_1v60_5v50_5v50.lib,no
sky130B,,vdda_hvc_clamped_pad_ss_ff_n40C_1v35_5v50_5v50,4346,ciel/sky130/versions/d815bb30c9afdf9e264c276a8a2b533108dea3d0/sky130B/libs.ref/sky130_fd_io/lib/sky130_ef_io__vdda_hvc_clamped_pad_ss_ff_n40C_1v35_5v50_5v50.lib,no
sky130B,,vdda_hvc_clamped_pad_ss_ff_n40C_1v60_5v50_1v65,4346,ciel/sky130/versions/d815bb30c9afdf9e264c276a8a2b533108dea3d0/sky130B/libs.ref/sky130_fd_io/lib/sky130_ef_io__vdda_hvc_clamped_pad_ss_ff_n40C_1v60_5v50_1v65.lib,no
sky130B,,vdda_hvc_clamped_pad_ss_ff_n40C_1v60_5v50_5v50,4346,ciel/sky130/versions/d815bb30c9afdf9e264c276a8a2b533108dea3d0/sky130B/libs.ref/sky130_fd_io/lib/sky130_ef_io__vdda_hvc_clamped_pad_ss_ff_n40C_1v60_5v50_5v50.lib,no
sky130B,,vdda_hvc_clamped_pad_ss_n40C_1v35_1v65_1v65,4339,ciel/sky130/versions/d815bb30c9afdf9e264c276a8a2b533108dea3d0/sky130B/libs.ref/sky130_fd_io/lib/sky130_ef_io__vdda_hvc_clamped_pad_ss_n40C_1v35_1v65_1v65.lib,no
sky130B,,vdda_hvc_clamped_pad_ss_n40C_1v40_1v65_1v65,4339,ciel/sky130/versions/d815bb30c9afdf9e264c276a8a2b533108dea3d0/sky130B/libs.ref/sky130_fd_io/lib/sky130_ef_io__vdda_hvc_clamped_pad_ss_n40C_1v40_1v65_1v65.lib,no
sky130B,,vdda_hvc_clamped_pad_ss_n40C_1v60_1v65_1v65,4339,ciel/sky130/versions/d815bb30c9afdf9e264c276a8a2b533108dea3d0/sky130B/libs.ref/sky130_fd_io/lib/sky130_ef_io__vdda_hvc_clamped_pad_ss_n40C_1v60_1v65_1v65.lib,no
sky130B,,vdda_hvc_clamped_pad_ss_n40C_1v60_5v50_1v65,4339,ciel/sky130/versions/d815bb30c9afdf9e264c276a8a2b533108dea3d0/sky130B/libs.ref/sky130_fd_io/lib/sky130_ef_io__vdda_hvc_clamped_pad_ss_n40C_1v60_5v50_1v65.lib,no
sky130B,,vdda_hvc_clamped_pad_tt_025C_1v80_3v30_3v30,4336,ciel/sky130/versions/d815bb30c9afdf9e264c276a8a2b533108dea3d0/sky130B/libs.ref/sky130_fd_io/lib/sky130_ef_io__vdda_hvc_clamped_pad_tt_025C_1v80_3v30_3v30.lib,no
sky130B,,vddio_hvc_clamped_pad_ff_100C_1v95_5v50_1v65,4345,ciel/sky130/versions/d815bb30c9afdf9e264c276a8a2b533108dea3d0/sky130B/libs.ref/sky130_fd_io/lib/sky130_ef_io__vddio_hvc_clamped_pad_ff_100C_1v95_5v50_1v65.lib,no
sky130B,,vddio_hvc_clamped_pad_ff_100C_1v95_5v50_5v50,4343,ciel/sky130/versions/d815bb30c9afdf9e264c276a8a2b533108dea3d0/sky130B/libs.ref/sky130_fd_io/lib/sky130_ef_io__vddio_hvc_clamped_pad_ff_100C_1v95_5v50_5v50.lib,no
sky130B,,vddio_hvc_clamped_pad_ff_n40C_1v95_5v50_1v65,4343,ciel/sky130/versions/d815bb30c9afdf9e264c276a8a2b533108dea3d0/sky130B/libs.ref/sky130_fd_io/lib/sky130_ef_io__vddio_hvc_clamped_pad_ff_n40C_1v95_5v50_1v65.lib,no
sky130B,,vddio_hvc_clamped_pad_ff_n40C_1v95_5v50_5v50,4343,ciel/sky130/versions/d815bb30c9afdf9e264c276a8a2b533108dea3d0/sky130B/libs.ref/sky130_fd_io/lib/sky130_ef_io__vddio_hvc_clamped_pad_ff_n40C_1v95_5v50_5v50.lib,no
sky130B,,vddio_hvc_clamped_pad_ff_ss_100C_1v65_1v65_1v65,4349,ciel/sky130/versions/d815bb30c9afdf9e264c276a8a2b533108dea3d0/sky130B/libs.ref/sky130_fd_io/lib/sky130_ef_io__vddio_hvc_clamped_pad_ff_ss_100C_1v65_1v65_1v65.lib,no
sky130B,,vddio_hvc_clamped_pad_ff_ss_100C_1v95_1v95_1v65,4349,ciel/sky130/versions/d815bb30c9afdf9e264c276a8a2b533108dea3d0/sky130B/libs.ref/sky130_fd_io/lib/sky130_ef_io__vddio_hvc_clamped_pad_ff_ss_100C_1v95_1v95_1v65.lib,no
sky130B,,vddio_hvc_clamped_pad_ff_ss_100C_1v95_1v95_1v95,4349,ciel/sky130/versions/d815bb30c9afdf9e264c276a8a2b533108dea3d0/sky130B/libs.ref/sky130_fd_io/lib/sky130_ef_io__vddio_hvc_clamped_pad_ff_ss_100C_1v95_1v95_1v95.lib,no
sky130B,,vddio_hvc_clamped_pad_ff_ss_100C_1v95_5v50_1v65,4349,ciel/sky130/versions/d815bb30c9afdf9e264c276a8a2b533108dea3d0/sky130B/libs.ref/sky130_fd_io/lib/sky130_ef_io__vddio_hvc_clamped_pad_ff_ss_100C_1v95_5v50_1v65.lib,no
sky130B,,vddio_hvc_clamped_pad_ff_ss_n40C_1v65_1v65_1v65,4347,ciel/sky130/versions/d815bb30c9afdf9e264c276a8a2b533108dea3d0/sky130B/libs.ref/sky130_fd_io/lib/sky130_ef_io__vddio_hvc_clamped_pad_ff_ss_n40C_1v65_1v65_1v65.lib,no
sky130B,,vddio_hvc_clamped_pad_ff_ss_n40C_1v95_1v95_1v65,4347,ciel/sky130/versions/d815bb30c9afdf9e264c276a8a2b533108dea3d0/sky130B/libs.ref/sky130_fd_io/lib/sky130_ef_io__vddio_hvc_clamped_pad_ff_ss_n40C_1v95_1v95_1v65.lib,no
sky130B,,vddio_hvc_clamped_pad_ff_ss_n40C_1v95_1v95_1v95,4347,ciel/sky130/versions/d815bb30c9afdf9e264c276a8a2b533108dea3d0/sky130B/libs.ref/sky130_fd_io/lib/sky130_ef_io__vddio_hvc_clamped_pad_ff_ss_n40C_1v95_1v95_1v95.lib,no
sky130B,,vddio_hvc_clamped_pad_ff_ss_n40C_1v95_5v50_1v65,4347,ciel/sky130/versions/d815bb30c9afdf9e264c276a8a2b533108dea3d0/sky130B/libs.ref/sky130_fd_io/lib/sky130_ef_io__vddio_hvc_clamped_pad_ff_ss_n40C_1v95_5v50_1v65.lib,no
sky130B,,vddio_hvc_clamped_pad_ss_100C_1v40_1v65_1v65,4344,ciel/sky130/versions/d815bb30c9afdf9e264c276a8a2b533108dea3d0/sky130B/libs.ref/sky130_fd_io/lib/sky130_ef_io__vddio_hvc_clamped_pad_ss_100C_1v40_1v65_1v65.lib,no
sky130B,,vddio_hvc_clamped_pad_ss_100C_1v60_1v65_1v65,4344,ciel/sky130/versions/d815bb30c9afdf9e264c276a8a2b533108dea3d0/sky130B/libs.ref/sky130_fd_io/lib/sky130_ef_io__vddio_hvc_clamped_pad_ss_100C_1v60_1v65_1v65.lib,no
sky130B,,vddio_hvc_clamped_pad_ss_100C_1v60_3v00_3v00,4344,ciel/sky130/versions/d815bb30c9afdf9e264c276a8a2b533108dea3d0/sky130B/libs.ref/sky130_fd_io/lib/sky130_ef_io__vddio_hvc_clamped_pad_ss_100C_1v60_3v00_3v00.lib,no
sky130B,,vddio_hvc_clamped_pad_ss_100C_1v60_5v50_1v65,4344,ciel/sky130/versions/d815bb30c9afdf9e264c276a8a2b533108dea3d0/sky130B/libs.ref/sky130_fd_io/lib/sky130_ef_io__vddio_hvc_clamped_pad_ss_100C_1v60_5v50_1v65.lib,no
sky130B,,vddio_hvc_clamped_pad_ss_ff_100C_1v40_5v50_5v50,4348,ciel/sky130/versions/d815bb30c9afdf9e264c276a8a2b533108dea3d0/sky130B/libs.ref/sky130_fd_io/lib/sky130_ef_io__vddio_hvc_clamped_pad_ss_ff_100C_1v40_5v50_5v50.lib,no
sky130B,,vddio_hvc_clamped_pad_ss_ff_100C_1v60_5v50_1v65,4350,ciel/sky130/versions/d815bb30c9afdf9e264c276a8a2b533108dea3d0/sky130B/libs.ref/sky130_fd_io/lib/sky130_ef_io__vddio_hvc_clamped_pad_ss_ff_100C_1v60_5v50_1v65.lib,no
sky130B,,vddio_hvc_clamped_pad_ss_ff_100C_1v60_5v50_5v50,4350,ciel/sky130/versions/d815bb30c9afdf9e264c276a8a2b533108dea3d0/sky130B/libs.ref/sky130_fd_io/lib/sky130_ef_io__vddio_hvc_clamped_pad_ss_ff_100C_1v60_5v50_5v50.lib,no
sky130B,,vddio_hvc_clamped_pad_ss_ff_n40C_1v35_5v50_5v50,4348,ciel/sky130/versions/d815bb30c9afdf9e264c276a8a2b533108dea3d0/sky130B/libs.ref/sky130_fd_io/lib/sky130_ef_io__vddio_hvc_clamped_pad_ss_ff_n40C_1v35_5v50_5v50.lib,no
sky130B,,vddio_hvc_clamped_pad_ss_ff_n40C_1v60_5v50_1v65,4348,ciel/sky130/versions/d815bb30c9afdf9e264c276a8a2b533108dea3d0/sky130B/libs.ref/sky130_fd_io/lib/sky130_ef_io__vddio_hvc_clamped_pad_ss_ff_n40C_1v60_5v50_1v65.lib,no
sky130B,,vddio_hvc_clamped_pad_ss_ff_n40C_1v60_5v50_5v50,4348,ciel/sky130/versions/d815bb30c9afdf9e264c276a8a2b533108dea3d0/sky130B/libs.ref/sky130_fd_io/lib/sky130_ef_io__vddio_hvc_clamped_pad_ss_ff_n40C_1v60_5v50_5v50.lib,no
sky130B,,vddio_hvc_clamped_pad_ss_n40C_1v35_1v65_1v65,4342,ciel/sky130/versions/d815bb30c9afdf9e264c276a8a2b533108dea3d0/sky130B/libs.ref/sky130_fd_io/lib/sky130_ef_io__vddio_hvc_clamped_pad_ss_n40C_1v35_1v65_1v65.lib,no
sky130B,,vddio_hvc_clamped_pad_ss_n40C_1v40_1v65_1v65,4342,ciel/sky130/versions/d815bb30c9afdf9e264c276a8a2b533108dea3d0/sky130B/libs.ref/sky130_fd_io/lib/sky130_ef_io__vddio_hvc_clamped_pad_ss_n40C_1v40_1v65_1v65.lib,no
sky130B,,vddio_hvc_clamped_pad_ss_n40C_1v60_1v65_1v65,4342,ciel/sky130/versions/d815bb30c9afdf9e264c276a8a2b533108dea3d0/sky130B/libs.ref/sky130_fd_io/lib/sky130_ef_io__vddio_hvc_clamped_pad_ss_n40C_1v60_1v65_1v65.lib,no
sky130B,,vddio_hvc_clamped_pad_ss_n40C_1v60_5v50_1v65,4342,ciel/sky130/versions/d815bb30c9afdf9e264c276a8a2b533108dea3d0/sky130B/libs.ref/sky130_fd_io/lib/sky130_ef_io__vddio_hvc_clamped_pad_ss_n40C_1v60_5v50_1v65.lib,no
sky130B,,vddio_hvc_clamped_pad_tt_025C_1v80_3v30_3v30,4339,ciel/sky130/versions/d815bb30c9afdf9e264c276a8a2b533108dea3d0/sky130B/libs.ref/sky130_fd_io/lib/sky130_ef_io__vddio_hvc_clamped_pad_tt_025C_1v80_3v30_3v30.lib,no
sky130B,,vssa_hvc_clamped_pad_ff_100C_1v95_5v50_1v65,4342,ciel/sky130/versions/d815bb30c9afdf9e264c276a8a2b533108dea3d0/sky130B/libs.ref/sky130_fd_io/lib/sky130_ef_io__vssa_hvc_clamped_pad_ff_100C_1v95_5v50_1v65.lib,no
sky130B,,vssa_hvc_clamped_pad_ff_100C_1v95_5v50_5v50,4340,ciel/sky130/versions/d815bb30c9afdf9e264c276a8a2b533108dea3d0/sky130B/libs.ref/sky130_fd_io/lib/sky130_ef_io__vssa_hvc_clamped_pad_ff_100C_1v95_5v50_5v50.lib,no
sky130B,,vssa_hvc_clamped_pad_ff_n40C_1v95_5v50_1v65,4340,ciel/sky130/versions/d815bb30c9afdf9e264c276a8a2b533108dea3d0/sky130B/libs.ref/sky130_fd_io/lib/sky130_ef_io__vssa_hvc_clamped_pad_ff_n40C_1v95_5v50_1v65.lib,no
sky130B,,vssa_hvc_clamped_pad_ff_n40C_1v95_5v50_5v50,4340,ciel/sky130/versions/d815bb30c9afdf9e264c276a8a2b533108dea3d0/sky130B/libs.ref/sky130_fd_io/lib/sky130_ef_io__vssa_hvc_clamped_pad_ff_n40C_1v95_5v50_5v50.lib,no
sky130B,,vssa_hvc_clamped_pad_ff_ss_100C_1v65_1v65_1v65,4348,ciel/sky130/versions/d815bb30c9afdf9e264c276a8a2b533108dea3d0/sky130B/libs.ref/sky130_fd_io/lib/sky130_ef_io__vssa_hvc_clamped_pad_ff_ss_100C_1v65_1v65_1v65.lib,no
sky130B,,vssa_hvc_clamped_pad_ff_ss_100C_1v95_1v95_1v65,4348,ciel/sky130/versions/d815bb30c9afdf9e264c276a8a2b533108dea3d0/sky130B/libs.ref/sky130_fd_io/lib/sky130_ef_io__vssa_hvc_clamped_pad_ff_ss_100C_1v95_1v95_1v65.lib,no
sky130B,,vssa_hvc_clamped_pad_ff_ss_100C_1v95_1v95_1v95,4348,ciel/sky130/versions/d815bb30c9afdf9e264c276a8a2b533108dea3d0/sky130B/libs.ref/sky130_fd_io/lib/sky130_ef_io__vssa_hvc_clamped_pad_ff_ss_100C_1v95_1v95_1v95.lib,no
sky130B,,vssa_hvc_clamped_pad_ff_ss_100C_1v95_5v50_1v65,4348,ciel/sky130/versions/d815bb30c9afdf9e264c276a8a2b533108dea3d0/sky130B/libs.ref/sky130_fd_io/lib/sky130_ef_io__vssa_hvc_clamped_pad_ff_ss_100C_1v95_5v50_1v65.lib,no
sky130B,,vssa_hvc_clamped_pad_ff_ss_n40C_1v65_1v65_1v65,4346,ciel/sky130/versions/d815bb30c9afdf9e264c276a8a2b533108dea3d0/sky130B/libs.ref/sky130_fd_io/lib/sky130_ef_io__vssa_hvc_clamped_pad_ff_ss_n40C_1v65_1v65_1v65.lib,no
sky130B,,vssa_hvc_clamped_pad_ff_ss_n40C_1v95_1v95_1v65,4346,ciel/sky130/versions/d815bb30c9afdf9e264c276a8a2b533108dea3d0/sky130B/libs.ref/sky130_fd_io/lib/sky130_ef_io__vssa_hvc_clamped_pad_ff_ss_n40C_1v95_1v95_1v65.lib,no
sky130B,,vssa_hvc_clamped_pad_ff_ss_n40C_1v95_1v95_1v95,4346,ciel/sky130/versions/d815bb30c9afdf9e264c276a8a2b533108dea3d0/sky130B/libs.ref/sky130_fd_io/lib/sky130_ef_io__vssa_hvc_clamped_pad_ff_ss_n40C_1v95_1v95_1v95.lib,no
sky130B,,vssa_hvc_clamped_pad_ff_ss_n40C_1v95_5v50_1v65,4346,ciel/sky130/versions/d815bb30c9afdf9e264c276a8a2b533108dea3d0/sky130B/libs.ref/sky130_fd_io/lib/sky130_ef_io__vssa_hvc_clamped_pad_ff_ss_n40C_1v95_5v50_1v65.lib,no
sky130B,,vssa_hvc_clamped_pad_ss_100C_1v40_1v65_1v65,4341,ciel/sky130/versions/d815bb30c9afdf9e264c276a8a2b533108dea3d0/sky130B/libs.ref/sky130_fd_io/lib/sky130_ef_io__vssa_hvc_clamped_pad_ss_100C_1v40_1v65_1v65.lib,no
sky130B,,vssa_hvc_clamped_pad_ss_100C_1v60_1v65_1v65,4341,ciel/sky130/versions/d815bb30c9afdf9e264c276a8a2b533108dea3d0/sky130B/libs.ref/sky130_fd_io/lib/sky130_ef_io__vssa_hvc_clamped_pad_ss_100C_1v60_1v65_1v65.lib,no
sky130B,,vssa_hvc_clamped_pad_ss_100C_1v60_3v00_3v00,4341,ciel/sky130/versions/d815bb30c9afdf9e264c276a8a2b533108dea3d0/sky130B/libs.ref/sky130_fd_io/lib/sky130_ef_io__vssa_hvc_clamped_pad_ss_100C_1v60_3v00_3v00.lib,no
sky130B,,vssa_hvc_clamped_pad_ss_100C_1v60_5v50_1v65,4341,ciel/sky130/versions/d815bb30c9afdf9e264c276a8a2b533108dea3d0/sky130B/libs.ref/sky130_fd_io/lib/sky130_ef_io__vssa_hvc_clamped_pad_ss_100C_1v60_5v50_1v65.lib,no
sky130B,,vssa_hvc_clamped_pad_ss_ff_100C_1v40_5v50_5v50,4347,ciel/sky130/versions/d815bb30c9afdf9e264c276a8a2b533108dea3d0/sky130B/libs.ref/sky130_fd_io/lib/sky130_ef_io__vssa_hvc_clamped_pad_ss_ff_100C_1v40_5v50_5v50.lib,no
sky130B,,vssa_hvc_clamped_pad_ss_ff_100C_1v60_5v50_1v65,4349,ciel/sky130/versions/d815bb30c9afdf9e264c276a8a2b533108dea3d0/sky130B/libs.ref/sky130_fd_io/lib/sky130_ef_io__vssa_hvc_clamped_pad_ss_ff_100C_1v60_5v50_1v65.lib,no
sky130B,,vssa_hvc_clamped_pad_ss_ff_100C_1v60_5v50_5v50,4349,ciel/sky130/versions/d815bb30c9afdf9e264c276a8a2b533108dea3d0/sky130B/libs.ref/sky130_fd_io/lib/sky130_ef_io__vssa_hvc_clamped_pad_ss_ff_100C_1v60_5v50_5v50.lib,no
sky130B,,vssa_hvc_clamped_pad_ss_ff_n40C_1v35_5v50_5v50,4347,ciel/sky130/versions/d815bb30c9afdf9e264c276a8a2b533108dea3d0/sky130B/libs.ref/sky130_fd_io/lib/sky130_ef_io__vssa_hvc_clamped_pad_ss_ff_n40C_1v35_5v50_5v50.lib,no
sky130B,,vssa_hvc_clamped_pad_ss_ff_n40C_1v60_5v50_1v65,4347,ciel/sky130/versions/d815bb30c9afdf9e264c276a8a2b533108dea3d0/sky130B/libs.ref/sky130_fd_io/lib/sky130_ef_io__vssa_hvc_clamped_pad_ss_ff_n40C_1v60_5v50_1v65.lib,no
sky130B,,vssa_hvc_clamped_pad_ss_ff_n40C_1v60_5v50_5v50,4347,ciel/sky130/versions/d815bb30c9afdf9e264c276a8a2b533108dea3d0/sky130B/libs.ref/sky130_fd_io/lib/sky130_ef_io__vssa_hvc_clamped_pad_ss_ff_n40C_1v60_5v50_5v50.lib,no
sky130B,,vssa_hvc_clamped_pad_ss_n40C_1v35_1v65_1v65,4339,ciel/sky130/versions/d815bb30c9afdf9e264c276a8a2b533108dea3d0/sky130B/libs.ref/sky130_fd_io/lib/sky130_ef_io__vssa_hvc_clamped_pad_ss_n40C_1v35_1v65_1v65.lib,no
sky130B,,vssa_hvc_clamped_pad_ss_n40C_1v40_1v65_1v65,4339,ciel/sky130/versions/d815bb30c9afdf9e264c276a8a2b533108dea3d0/sky130B/libs.ref/sky130_fd_io/lib/sky130_ef_io__vssa_hvc_clamped_pad_ss_n40C_1v40_1v65_1v65.lib,no
sky130B,,vssa_hvc_clamped_pad_ss_n40C_1v60_1v65_1v65,4339,ciel/sky130/versions/d815bb30c9afdf9e264c276a8a2b533108dea3d0/sky130B/libs.ref/sky130_fd_io/lib/sky130_ef_io__vssa_hvc_clamped_pad_ss_n40C_1v60_1v65_1v65.lib,no
sky130B,,vssa_hvc_clamped_pad_ss_n40C_1v60_5v50_1v65,4339,ciel/sky130/versions/d815bb30c9afdf9e264c276a8a2b533108dea3d0/sky130B/libs.ref/sky130_fd_io/lib/sky130_ef_io__vssa_hvc_clamped_pad_ss_n40C_1v60_5v50_1v65.lib,no
sky130B,,vssa_hvc_clamped_pad_tt_025C_1v80_3v30_3v30,4336,ciel/sky130/versions/d815bb30c9afdf9e264c276a8a2b533108dea3d0/sky130B/libs.ref/sky130_fd_io/lib/sky130_ef_io__vssa_hvc_clamped_pad_tt_025C_1v80_3v30_3v30.lib,no
sky130B,,vssd_lvc_clamped3_pad_ff_100C_1v95_5v50,5176,ciel/sky130/versions/d815bb30c9afdf9e264c276a8a2b533108dea3d0/sky130B/libs.ref/sky130_fd_io/lib/sky130_ef_io__vssd_lvc_clamped3_pad_ff_100C_1v95_5v50.lib,no
sky130B,,vssd_lvc_clamped3_pad_ff_100C_1v95_5v50_1v65,4645,ciel/sky130/versions/d815bb30c9afdf9e264c276a8a2b533108dea3d0/sky130B/libs.ref/sky130_fd_io/lib/sky130_ef_io__vssd_lvc_clamped3_pad_ff_100C_1v95_5v50_1v65.lib,no
sky130B,,vssd_lvc_clamped3_pad_ff_n40C_1v95_5v50,5172,ciel/sky130/versions/d815bb30c9afdf9e264c276a8a2b533108dea3d0/sky130B/libs.ref/sky130_fd_io/lib/sky130_ef_io__vssd_lvc_clamped3_pad_ff_n40C_1v95_5v50.lib,no
sky130B,,vssd_lvc_clamped3_pad_ff_n40C_1v95_5v50_1v65,4647,ciel/sky130/versions/d815bb30c9afdf9e264c276a8a2b533108dea3d0/sky130B/libs.ref/sky130_fd_io/lib/sky130_ef_io__vssd_lvc_clamped3_pad_ff_n40C_1v95_5v50_1v65.lib,no
sky130B,,vssd_lvc_clamped3_pad_ff_ss_100C_1v65_1v65_1v65,4652,ciel/sky130/versions/d815bb30c9afdf9e264c276a8a2b533108dea3d0/sky130B/libs.ref/sky130_fd_io/lib/sky130_ef_io__vssd_lvc_clamped3_pad_ff_ss_100C_1v65_1v65_1v65.lib,no
sky130B,,vssd_lvc_clamped3_pad_ff_ss_100C_1v95_1v95_1v65,4652,ciel/sky130/versions/d815bb30c9afdf9e264c276a8a2b533108dea3d0/sky130B/libs.ref/sky130_fd_io/lib/sky130_ef_io__vssd_lvc_clamped3_pad_ff_ss_100C_1v95_1v95_1v65.lib,no
sky130B,,vssd_lvc_clamped3_pad_ff_ss_100C_1v95_1v95_1v95,4652,ciel/sky130/versions/d815bb30c9afdf9e264c276a8a2b533108dea3d0/sky130B/libs.ref/sky130_fd_io/lib/sky130_ef_io__vssd_lvc_clamped3_pad_ff_ss_100C_1v95_1v95_1v95.lib,no
sky130B,,vssd_lvc_clamped3_pad_ff_ss_n40C_1v65_1v65_1v65,4652,ciel/sky130/versions/d815bb30c9afdf9e264c276a8a2b533108dea3d0/sky130B/libs.ref/sky130_fd_io/lib/sky130_ef_io__vssd_lvc_clamped3_pad_ff_ss_n40C_1v65_1v65_1v65.lib,no
sky130B,,vssd_lvc_clamped3_pad_ff_ss_n40C_1v95_1v95_1v65,4652,ciel/sky130/versions/d815bb30c9afdf9e264c276a8a2b533108dea3d0/sky130B/libs.ref/sky130_fd_io/lib/sky130_ef_io__vssd_lvc_clamped3_pad_ff_ss_n40C_1v95_1v95_1v65.lib,no
sky130B,,vssd_lvc_clamped3_pad_ff_ss_n40C_1v95_1v95_1v95,4652,ciel/sky130/versions/d815bb30c9afdf9e264c276a8a2b533108dea3d0/sky130B/libs.ref/sky130_fd_io/lib/sky130_ef_io__vssd_lvc_clamped3_pad_ff_ss_n40C_1v95_1v95_1v95.lib,no
sky130B,,vssd_lvc_clamped3_pad_ss_100C_1v40_1v65,5200,ciel/sky130/versions/d815bb30c9afdf9e264c276a8a2b533108dea3d0/sky130B/libs.ref/sky130_fd_io/lib/sky130_ef_io__vssd_lvc_clamped3_pad_ss_100C_1v40_1v65.lib,no
sky130B,,vssd_lvc_clamped3_pad_ss_100C_1v45_1v65,5216,ciel/sky130/versions/d815bb30c9afdf9e264c276a8a2b533108dea3d0/sky130B/libs.ref/sky130_fd_io/lib/sky130_ef_io__vssd_lvc_clamped3_pad_ss_100C_1v45_1v65.lib,no
sky130B,,vssd_lvc_clamped3_pad_ss_100C_1v60_1v65,5180,ciel/sky130/versions/d815bb30c9afdf9e264c276a8a2b533108dea3d0/sky130B/libs.ref/sky130_fd_io/lib/sky130_ef_io__vssd_lvc_clamped3_pad_ss_100C_1v60_1v65.lib,no
sky130B,,vssd_lvc_clamped3_pad_ss_100C_1v60_3v00,5188,ciel/sky130/versions/d815bb30c9afdf9e264c276a8a2b533108dea3d0/sky130B/libs.ref/sky130_fd_io/lib/sky130_ef_io__vssd_lvc_clamped3_pad_ss_100C_1v60_3v00.lib,no
sky130B,,vssd_lvc_clamped3_pad_ss_100C_1v60_5v50_1v65,4645,ciel/sky130/versions/d815bb30c9afdf9e264c276a8a2b533108dea3d0/sky130B/libs.ref/sky130_fd_io/lib/sky130_ef_io__vssd_lvc_clamped3_pad_ss_100C_1v60_5v50_1v65.lib,no
sky130B,,vssd_lvc_clamped3_pad_ss_100C_1v95_1v95,4555,ciel/sky130/versions/d815bb30c9afdf9e264c276a8a2b533108dea3d0/sky130B/libs.ref/sky130_fd_io/lib/sky130_ef_io__vssd_lvc_clamped3_pad_ss_100C_1v95_1v95.lib,no
sky130B,,vssd_lvc_clamped3_pad_ss_ff_100C_1v40_5v50_5v50,4653,ciel/sky130/versions/d815bb30c9afdf9e264c276a8a2b533108dea3d0/sky130B/libs.ref/sky130_fd_io/lib/sky130_ef_io__vssd_lvc_clamped3_pad_ss_ff_100C_1v40_5v50_5v50.lib,no
sky130B,,vssd_lvc_clamped3_pad_ss_ff_100C_1v60_5v50_5v50,4652,ciel/sky130/versions/d815bb30c9afdf9e264c276a8a2b533108dea3d0/sky130B/libs.ref/sky130_fd_io/lib/sky130_ef_io__vssd_lvc_clamped3_pad_ss_ff_100C_1v60_5v50_5v50.lib,no
sky130B,,vssd_lvc_clamped3_pad_ss_ff_n40C_1v35_5v50_5v50,4652,ciel/sky130/versions/d815bb30c9afdf9e264c276a8a2b533108dea3d0/sky130B/libs.ref/sky130_fd_io/lib/sky130_ef_io__vssd_lvc_clamped3_pad_ss_ff_n40C_1v35_5v50_5v50.lib,no
sky130B,,vssd_lvc_clamped3_pad_ss_ff_n40C_1v60_5v50_5v50,4652,ciel/sky130/versions/d815bb30c9afdf9e264c276a8a2b533108dea3d0/sky130B/libs.ref/sky130_fd_io/lib/sky130_ef_io__vssd_lvc_clamped3_pad_ss_ff_n40C_1v60_5v50_5v50.lib,no
sky130B,,vssd_lvc_clamped3_pad_ss_n40C_1v35_1v65_1v65,4645,ciel/sky130/versions/d815bb30c9afdf9e264c276a8a2b533108dea3d0/sky130B/libs.ref/sky130_fd_io/lib/sky130_ef_io__vssd_lvc_clamped3_pad_ss_n40C_1v35_1v65_1v65.lib,no
sky130B,,vssd_lvc_clamped3_pad_ss_n40C_1v40_1v65,5202,ciel/sky130/versions/d815bb30c9afdf9e264c276a8a2b533108dea3d0/sky130B/libs.ref/sky130_fd_io/lib/sky130_ef_io__vssd_lvc_clamped3_pad_ss_n40C_1v40_1v65.lib,no
sky130B,,vssd_lvc_clamped3_pad_ss_n40C_1v45_1v65,5214,ciel/sky130/versions/d815bb30c9afdf9e264c276a8a2b533108dea3d0/sky130B/libs.ref/sky130_fd_io/lib/sky130_ef_io__vssd_lvc_clamped3_pad_ss_n40C_1v45_1v65.lib,no
sky130B,,vssd_lvc_clamped3_pad_ss_n40C_1v60_1v65,5172,ciel/sky130/versions/d815bb30c9afdf9e264c276a8a2b533108dea3d0/sky130B/libs.ref/sky130_fd_io/lib/sky130_ef_io__vssd_lvc_clamped3_pad_ss_n40C_1v60_1v65.lib,no
sky130B,,vssd_lvc_clamped3_pad_ss_n40C_1v60_5v50_1v65,4645,ciel/sky130/versions/d815bb30c9afdf9e264c276a8a2b533108dea3d0/sky130B/libs.ref/sky130_fd_io/lib/sky130_ef_io__vssd_lvc_clamped3_pad_ss_n40C_1v60_5v50_1v65.lib,no
sky130B,,vssd_lvc_clamped3_pad_ss_n40C_1v95_1v95,4554,ciel/sky130/versions/d815bb30c9afdf9e264c276a8a2b533108dea3d0/sky130B/libs.ref/sky130_fd_io/lib/sky130_ef_io__vssd_lvc_clamped3_pad_ss_n40C_1v95_1v95.lib,no
sky130B,,vssd_lvc_clamped3_pad_tt_025C_1v80_3v30,5172,ciel/sky130/versions/d815bb30c9afdf9e264c276a8a2b533108dea3d0/sky130B/libs.ref/sky130_fd_io/lib/sky130_ef_io__vssd_lvc_clamped3_pad_tt_025C_1v80_3v30.lib,no
sky130B,,vssd_lvc_clamped3_pad_tt_100C_1v80_3v30,5182,ciel/sky130/versions/d815bb30c9afdf9e264c276a8a2b533108dea3d0/sky130B/libs.ref/sky130_fd_io/lib/sky130_ef_io__vssd_lvc_clamped3_pad_tt_100C_1v80_3v30.lib,no
sky130B,,vssd_lvc_clamped_pad_ff_100C_1v95_5v50,4928,ciel/sky130/versions/d815bb30c9afdf9e264c276a8a2b533108dea3d0/sky130B/libs.ref/sky130_fd_io/lib/sky130_ef_io__vssd_lvc_clamped_pad_ff_100C_1v95_5v50.lib,no
sky130B,,vssd_lvc_clamped_pad_ff_100C_1v95_5v50_1v65,4419,ciel/sky130/versions/d815bb30c9afdf9e264c276a8a2b533108dea3d0/sky130B/libs.ref/sky130_fd_io/lib/sky130_ef_io__vssd_lvc_clamped_pad_ff_100C_1v95_5v50_1v65.lib,no
sky130B,,vssd_lvc_clamped_pad_ff_n40C_1v95_5v50,4924,ciel/sky130/versions/d815bb30c9afdf9e264c276a8a2b533108dea3d0/sky130B/libs.ref/sky130_fd_io/lib/sky130_ef_io__vssd_lvc_clamped_pad_ff_n40C_1v95_5v50.lib,no
sky130B,,vssd_lvc_clamped_pad_ff_n40C_1v95_5v50_1v65,4421,ciel/sky130/versions/d815bb30c9afdf9e264c276a8a2b533108dea3d0/sky130B/libs.ref/sky130_fd_io/lib/sky130_ef_io__vssd_lvc_clamped_pad_ff_n40C_1v95_5v50_1v65.lib,no
sky130B,,vssd_lvc_clamped_pad_ff_ss_100C_1v65_1v65_1v65,4426,ciel/sky130/versions/d815bb30c9afdf9e264c276a8a2b533108dea3d0/sky130B/libs.ref/sky130_fd_io/lib/sky130_ef_io__vssd_lvc_clamped_pad_ff_ss_100C_1v65_1v65_1v65.lib,no
sky130B,,vssd_lvc_clamped_pad_ff_ss_100C_1v95_1v95_1v65,4426,ciel/sky130/versions/d815bb30c9afdf9e264c276a8a2b533108dea3d0/sky130B/libs.ref/sky130_fd_io/lib/sky130_ef_io__vssd_lvc_clamped_pad_ff_ss_100C_1v95_1v95_1v65.lib,no
sky130B,,vssd_lvc_clamped_pad_ff_ss_100C_1v95_1v95_1v95,4426,ciel/sky130/versions/d815bb30c9afdf9e264c276a8a2b533108dea3d0/sky130B/libs.ref/sky130_fd_io/lib/sky130_ef_io__vssd_lvc_clamped_pad_ff_ss_100C_1v95_1v95_1v95.lib,no
sky130B,,vssd_lvc_clamped_pad_ff_ss_n40C_1v65_1v65_1v65,4426,ciel/sky130/versions/d815bb30c9afdf9e264c276a8a2b533108dea3d0/sky130B/libs.ref/sky130_fd_io/lib/sky130_ef_io__vssd_lvc_clamped_pad_ff_ss_n40C_1v65_1v65_1v65.lib,no
sky130B,,vssd_lvc_clamped_pad_ff_ss_n40C_1v95_1v95_1v65,4426,ciel/sky130/versions/d815bb30c9afdf9e264c276a8a2b533108dea3d0/sky130B/libs.ref/sky130_fd_io/lib/sky130_ef_io__vssd_lvc_clamped_pad_ff_ss_n40C_1v95_1v95_1v65.lib,no
sky130B,,vssd_lvc_clamped_pad_ff_ss_n40C_1v95_1v95_1v95,4426,ciel/sky130/versions/d815bb30c9afdf9e264c276a8a2b533108dea3d0/sky130B/libs.ref/sky130_fd_io/lib/sky130_ef_io__vssd_lvc_clamped_pad_ff_ss_n40C_1v95_1v95_1v95.lib,no
sky130B,,vssd_lvc_clamped_pad_ss_100C_1v40_1v65,4952,ciel/sky130/versions/d815bb30c9afdf9e264c276a8a2b533108dea3d0/sky130B/libs.ref/sky130_fd_io/lib/sky130_ef_io__vssd_lvc_clamped_pad_ss_100C_1v40_1v65.lib,no
sky130B,,vssd_lvc_clamped_pad_ss_100C_1v45_1v65,4968,ciel/sky130/versions/d815bb30c9afdf9e264c276a8a2b533108dea3d0/sky130B/libs.ref/sky130_fd_io/lib/sky130_ef_io__vssd_lvc_clamped_pad_ss_100C_1v45_1v65.lib,no
sky130B,,vssd_lvc_clamped_pad_ss_100C_1v60_1v65,4932,ciel/sky130/versions/d815bb30c9afdf9e264c276a8a2b533108dea3d0/sky130B/libs.ref/sky130_fd_io/lib/sky130_ef_io__vssd_lvc_clamped_pad_ss_100C_1v60_1v65.lib,no
sky130B,,vssd_lvc_clamped_pad_ss_100C_1v60_3v00,4940,ciel/sky130/versions/d815bb30c9afdf9e264c276a8a2b533108dea3d0/sky130B/libs.ref/sky130_fd_io/lib/sky130_ef_io__vssd_lvc_clamped_pad_ss_100C_1v60_3v00.lib,no
sky130B,,vssd_lvc_clamped_pad_ss_100C_1v60_5v50_1v65,4419,ciel/sky130/versions/d815bb30c9afdf9e264c276a8a2b533108dea3d0/sky130B/libs.ref/sky130_fd_io/lib/sky130_ef_io__vssd_lvc_clamped_pad_ss_100C_1v60_5v50_1v65.lib,no
sky130B,,vssd_lvc_clamped_pad_ss_100C_1v95_1v95,4328,ciel/sky130/versions/d815bb30c9afdf9e264c276a8a2b533108dea3d0/sky130B/libs.ref/sky130_fd_io/lib/sky130_ef_io__vssd_lvc_clamped_pad_ss_100C_1v95_1v95.lib,no
sky130B,,vssd_lvc_clamped_pad_ss_ff_100C_1v40_5v50_5v50,4427,ciel/sky130/versions/d815bb30c9afdf9e264c276a8a2b533108dea3d0/sky130B/libs.ref/sky130_fd_io/lib/sky130_ef_io__vssd_lvc_clamped_pad_ss_ff_100C_1v40_5v50_5v50.lib,no
sky130B,,vssd_lvc_clamped_pad_ss_ff_100C_1v60_5v50_5v50,4426,ciel/sky130/versions/d815bb30c9afdf9e264c276a8a2b533108dea3d0/sky130B/libs.ref/sky130_fd_io/lib/sky130_ef_io__vssd_lvc_clamped_pad_ss_ff_100C_1v60_5v50_5v50.lib,no
sky130B,,vssd_lvc_clamped_pad_ss_ff_n40C_1v35_5v50_5v50,4426,ciel/sky130/versions/d815bb30c9afdf9e264c276a8a2b533108dea3d0/sky130B/libs.ref/sky130_fd_io/lib/sky130_ef_io__vssd_lvc_clamped_pad_ss_ff_n40C_1v35_5v50_5v50.lib,no
sky130B,,vssd_lvc_clamped_pad_ss_ff_n40C_1v60_5v50_5v50,4426,ciel/sky130/versions/d815bb30c9afdf9e264c276a8a2b533108dea3d0/sky130B/libs.ref/sky130_fd_io/lib/sky130_ef_io__vssd_lvc_clamped_pad_ss_ff_n40C_1v60_5v50_5v50.lib,no
sky130B,,vssd_lvc_clamped_pad_ss_n40C_1v35_1v65_1v65,4419,ciel/sky130/versions/d815bb30c9afdf9e264c276a8a2b533108dea3d0/sky130B/libs.ref/sky130_fd_io/lib/sky130_ef_io__vssd_lvc_clamped_pad_ss_n40C_1v35_1v65_1v65.lib,no
sky130B,,vssd_lvc_clamped_pad_ss_n40C_1v40_1v65,4954,ciel/sky130/versions/d815bb30c9afdf9e264c276a8a2b533108dea3d0/sky130B/libs.ref/sky130_fd_io/lib/sky130_ef_io__vssd_lvc_clamped_pad_ss_n40C_1v40_1v65.lib,no
sky130B,,vssd_lvc_clamped_pad_ss_n40C_1v45_1v65,4966,ciel/sky130/versions/d815bb30c9afdf9e264c276a8a2b533108dea3d0/sky130B/libs.ref/sky130_fd_io/lib/sky130_ef_io__vssd_lvc_clamped_pad_ss_n40C_1v45_1v65.lib,no
sky130B,,vssd_lvc_clamped_pad_ss_n40C_1v60_1v65,4924,ciel/sky130/versions/d815bb30c9afdf9e264c276a8a2b533108dea3d0/sky130B/libs.ref/sky130_fd_io/lib/sky130_ef_io__vssd_lvc_clamped_pad_ss_n40C_1v60_1v65.lib,no
sky130B,,vssd_lvc_clamped_pad_ss_n40C_1v60_5v50_1v65,4419,ciel/sky130/versions/d815bb30c9afdf9e264c276a8a2b533108dea3d0/sky130B/libs.ref/sky130_fd_io/lib/sky130_ef_io__vssd_lvc_clamped_pad_ss_n40C_1v60_5v50_1v65.lib,no
sky130B,,vssd_lvc_clamped_pad_ss_n40C_1v95_1v95,4327,ciel/sky130/versions/d815bb30c9afdf9e264c276a8a2b533108dea3d0/sky130B/libs.ref/sky130_fd_io/lib/sky130_ef_io__vssd_lvc_clamped_pad_ss_n40C_1v95_1v95.lib,no
sky130B,,vssd_lvc_clamped_pad_tt_025C_1v80_3v30,4924,ciel/sky130/versions/d815bb30c9afdf9e264c276a8a2b533108dea3d0/sky130B/libs.ref/sky130_fd_io/lib/sky130_ef_io__vssd_lvc_clamped_pad_tt_025C_1v80_3v30.lib,no
sky130B,,vssd_lvc_clamped_pad_tt_100C_1v80_3v30,4934,ciel/sky130/versions/d815bb30c9afdf9e264c276a8a2b533108dea3d0/sky130B/libs.ref/sky130_fd_io/lib/sky130_ef_io__vssd_lvc_clamped_pad_tt_100C_1v80_3v30.lib,no
sky130B,,vssio_hvc_clamped_pad_ff_100C_1v95_5v50_1v65,4345,ciel/sky130/versions/d815bb30c9afdf9e264c276a8a2b533108dea3d0/sky130B/libs.ref/sky130_fd_io/lib/sky130_ef_io__vssio_hvc_clamped_pad_ff_100C_1v95_5v50_1v65.lib,no
sky130B,,vssio_hvc_clamped_pad_ff_100C_1v95_5v50_5v50,4343,ciel/sky130/versions/d815bb30c9afdf9e264c276a8a2b533108dea3d0/sky130B/libs.ref/sky130_fd_io/lib/sky130_ef_io__vssio_hvc_clamped_pad_ff_100C_1v95_5v50_5v50.lib,no
sky130B,,vssio_hvc_clamped_pad_ff_n40C_1v95_5v50_1v65,4343,ciel/sky130/versions/d815bb30c9afdf9e264c276a8a2b533108dea3d0/sky130B/libs.ref/sky130_fd_io/lib/sky130_ef_io__vssio_hvc_clamped_pad_ff_n40C_1v95_5v50_1v65.lib,no
sky130B,,vssio_hvc_clamped_pad_ff_n40C_1v95_5v50_5v50,4343,ciel/sky130/versions/d815bb30c9afdf9e264c276a8a2b533108dea3d0/sky130B/libs.ref/sky130_fd_io/lib/sky130_ef_io__vssio_hvc_clamped_pad_ff_n40C_1v95_5v50_5v50.lib,no
sky130B,,vssio_hvc_clamped_pad_ff_ss_100C_1v65_1v65_1v65,4351,ciel/sky130/versions/d815bb30c9afdf9e264c276a8a2b533108dea3d0/sky130B/libs.ref/sky130_fd_io/lib/sky130_ef_io__vssio_hvc_clamped_pad_ff_ss_100C_1v65_1v65_1v65.lib,no
sky130B,,vssio_hvc_clamped_pad_ff_ss_100C_1v95_1v95_1v65,4351,ciel/sky130/versions/d815bb30c9afdf9e264c276a8a2b533108dea3d0/sky130B/libs.ref/sky130_fd_io/lib/sky130_ef_io__vssio_hvc_clamped_pad_ff_ss_100C_1v95_1v95_1v65.lib,no
sky130B,,vssio_hvc_clamped_pad_ff_ss_100C_1v95_1v95_1v95,4351,ciel/sky130/versions/d815bb30c9afdf9e264c276a8a2b533108dea3d0/sky130B/libs.ref/sky130_fd_io/lib/sky130_ef_io__vssio_hvc_clamped_pad_ff_ss_100C_1v95_1v95_1v95.lib,no
sky130B,,vssio_hvc_clamped_pad_ff_ss_100C_1v95_5v50_1v65,4351,ciel/sky130/versions/d815bb30c9afdf9e264c276a8a2b533108dea3d0/sky130B/libs.ref/sky130_fd_io/lib/sky130_ef_io__vssio_hvc_clamped_pad_ff_ss_100C_1v95_5v50_1v65.lib,no
sky130B,,vssio_hvc_clamped_pad_ff_ss_n40C_1v65_1v65_1v65,4349,ciel/sky130/versions/d815bb30c9afdf9e264c276a8a2b533108dea3d0/sky130B/libs.ref/sky130_fd_io/lib/sky130_ef_io__vssio_hvc_clamped_pad_ff_ss_n40C_1v65_1v65_1v65.lib,no
sky130B,,vssio_hvc_clamped_pad_ff_ss_n40C_1v95_1v95_1v65,4349,ciel/sky130/versions/d815bb30c9afdf9e264c276a8a2b533108dea3d0/sky130B/libs.ref/sky130_fd_io/lib/sky130_ef_io__vssio_hvc_clamped_pad_ff_ss_n40C_1v95_1v95_1v65.lib,no
sky130B,,vssio_hvc_clamped_pad_ff_ss_n40C_1v95_1v95_1v95,4349,ciel/sky130/versions/d815bb30c9afdf9e264c276a8a2b533108dea3d0/sky130B/libs.ref/sky130_fd_io/lib/sky130_ef_io__vssio_hvc_clamped_pad_ff_ss_n40C_1v95_1v95_1v95.lib,no
sky130B,,vssio_hvc_clamped_pad_ff_ss_n40C_1v95_5v50_1v65,4349,ciel/sky130/versions/d815bb30c9afdf9e264c276a8a2b533108dea3d0/sky130B/libs.ref/sky130_fd_io/lib/sky130_ef_io__vssio_hvc_clamped_pad_ff_ss_n40C_1v95_5v50_1v65.lib,no
sky130B,,vssio_hvc_clamped_pad_ss_100C_1v40_1v65_1v65,4344,ciel/sky130/versions/d815bb30c9afdf9e264c276a8a2b533108dea3d0/sky130B/libs.ref/sky130_fd_io/lib/sky130_ef_io__vssio_hvc_clamped_pad_ss_100C_1v40_1v65_1v65.lib,no
sky130B,,vssio_hvc_clamped_pad_ss_100C_1v60_1v65_1v65,4344,ciel/sky130/versions/d815bb30c9afdf9e264c276a8a2b533108dea3d0/sky130B/libs.ref/sky130_fd_io/lib/sky130_ef_io__vssio_hvc_clamped_pad_ss_100C_1v60_1v65_1v65.lib,no
sky130B,,vssio_hvc_clamped_pad_ss_100C_1v60_3v00_3v00,4344,ciel/sky130/versions/d815bb30c9afdf9e264c276a8a2b533108dea3d0/sky130B/libs.ref/sky130_fd_io/lib/sky130_ef_io__vssio_hvc_clamped_pad_ss_100C_1v60_3v00_3v00.lib,no
sky130B,,vssio_hvc_clamped_pad_ss_100C_1v60_5v50_1v65,4344,ciel/sky130/versions/d815bb30c9afdf9e264c276a8a2b533108dea3d0/sky130B/libs.ref/sky130_fd_io/lib/sky130_ef_io__vssio_hvc_clamped_pad_ss_100C_1v60_5v50_1v65.lib,no
sky130B,,vssio_hvc_clamped_pad_ss_ff_100C_1v40_5v50_5v50,4350,ciel/sky130/versions/d815bb30c9afdf9e264c276a8a2b533108dea3d0/sky130B/libs.ref/sky130_fd_io/lib/sky130_ef_io__vssio_hvc_clamped_pad_ss_ff_100C_1v40_5v50_5v50.lib,no
sky130B,,vssio_hvc_clamped_pad_ss_ff_100C_1v60_5v50_1v65,4352,ciel/sky130/versions/d815bb30c9afdf9e264c276a8a2b533108dea3d0/sky130B/libs.ref/sky130_fd_io/lib/sky130_ef_io__vssio_hvc_clamped_pad_ss_ff_100C_1v60_5v50_1v65.lib,no
sky130B,,vssio_hvc_clamped_pad_ss_ff_100C_1v60_5v50_5v50,4352,ciel/sky130/versions/d815bb30c9afdf9e264c276a8a2b533108dea3d0/sky130B/libs.ref/sky130_fd_io/lib/sky130_ef_io__vssio_hvc_clamped_pad_ss_ff_100C_1v60_5v50_5v50.lib,no
sky130B,,vssio_hvc_clamped_pad_ss_ff_n40C_1v35_5v50_5v50,4350,ciel/sky130/versions/d815bb30c9afdf9e264c276a8a2b533108dea3d0/sky130B/libs.ref/sky130_fd_io/lib/sky130_ef_io__vssio_hvc_clamped_pad_ss_ff_n40C_1v35_5v50_5v50.lib,no
sky130B,,vssio_hvc_clamped_pad_ss_ff_n40C_1v60_5v50_1v65,4350,ciel/sky130/versions/d815bb30c9afdf9e264c276a8a2b533108dea3d0/sky130B/libs.ref/sky130_fd_io/lib/sky130_ef_io__vssio_hvc_clamped_pad_ss_ff_n40C_1v60_5v50_1v65.lib,no
sky130B,,vssio_hvc_clamped_pad_ss_ff_n40C_1v60_5v50_5v50,4350,ciel/sky130/versions/d815bb30c9afdf9e264c276a8a2b533108dea3d0/sky130B/libs.ref/sky130_fd_io/lib/sky130_ef_io__vssio_hvc_clamped_pad_ss_ff_n40C_1v60_5v50_5v50.lib,no
sky130B,,vssio_hvc_clamped_pad_ss_n40C_1v35_1v65_1v65,4342,ciel/sky130/versions/d815bb30c9afdf9e264c276a8a2b533108dea3d0/sky130B/libs.ref/sky130_fd_io/lib/sky130_ef_io__vssio_hvc_clamped_pad_ss_n40C_1v35_1v65_1v65.lib,no
sky130B,,vssio_hvc_clamped_pad_ss_n40C_1v40_1v65_1v65,4342,ciel/sky130/versions/d815bb30c9afdf9e264c276a8a2b533108dea3d0/sky130B/libs.ref/sky130_fd_io/lib/sky130_ef_io__vssio_hvc_clamped_pad_ss_n40C_1v40_1v65_1v65.lib,no
sky130B,,vssio_hvc_clamped_pad_ss_n40C_1v60_1v65_1v65,4342,ciel/sky130/versions/d815bb30c9afdf9e264c276a8a2b533108dea3d0/sky130B/libs.ref/sky130_fd_io/lib/sky130_ef_io__vssio_hvc_clamped_pad_ss_n40C_1v60_1v65_1v65.lib,no
sky130B,,vssio_hvc_clamped_pad_ss_n40C_1v60_5v50_1v65,4342,ciel/sky130/versions/d815bb30c9afdf9e264c276a8a2b533108dea3d0/sky130B/libs.ref/sky130_fd_io/lib/sky130_ef_io__vssio_hvc_clamped_pad_ss_n40C_1v60_5v50_1v65.lib,no
sky130B,,vssio_hvc_clamped_pad_tt_025C_1v80_3v30_3v30,4339,ciel/sky130/versions/d815bb30c9afdf9e264c276a8a2b533108dea3d0/sky130B/libs.ref/sky130_fd_io/lib/sky130_ef_io__vssio_hvc_clamped_pad_tt_025C_1v80_3v30_3v30.lib,no
sky130B,,top_amuxsplitv2_ff_ff_100C_1v95_1v65,12745,ciel/sky130/versions/d815bb30c9afdf9e264c276a8a2b533108dea3d0/sky130B/libs.ref/sky130_fd_io/lib/sky130_fd_io__top_amuxsplitv2_ff_ff_100C_1v95_1v65.lib,no
sky130B,,top_amuxsplitv2_ff_ff_100C_1v95_5v50,12745,ciel/sky130/versions/d815bb30c9afdf9e264c276a8a2b533108dea3d0/sky130B/libs.ref/sky130_fd_io/lib/sky130_fd_io__top_amuxsplitv2_ff_ff_100C_1v95_5v50.lib,no
sky130B,,top_amuxsplitv2_ff_ff_n40C_1v95_1v65,12745,ciel/sky130/versions/d815bb30c9afdf9e264c276a8a2b533108dea3d0/sky130B/libs.ref/sky130_fd_io/lib/sky130_fd_io__top_amuxsplitv2_ff_ff_n40C_1v95_1v65.lib,no
sky130B,,top_amuxsplitv2_ff_ff_n40C_1v95_5v50,12817,ciel/sky130/versions/d815bb30c9afdf9e264c276a8a2b533108dea3d0/sky130B/libs.ref/sky130_fd_io/lib/sky130_fd_io__top_amuxsplitv2_ff_ff_n40C_1v95_5v50.lib,no
sky130B,,top_amuxsplitv2_ff_ss_100C_1v65_1v65,12745,ciel/sky130/versions/d815bb30c9afdf9e264c276a8a2b533108dea3d0/sky130B/libs.ref/sky130_fd_io/lib/sky130_fd_io__top_amuxsplitv2_ff_ss_100C_1v65_1v65.lib,no
sky130B,,top_amuxsplitv2_ff_ss_100C_1v95_1v65,12745,ciel/sky130/versions/d815bb30c9afdf9e264c276a8a2b533108dea3d0/sky130B/libs.ref/sky130_fd_io/lib/sky130_fd_io__top_amuxsplitv2_ff_ss_100C_1v95_1v65.lib,no
sky130B,,top_amuxsplitv2_ff_ss_100C_1v95_1v95,12745,ciel/sky130/versions/d815bb30c9afdf9e264c276a8a2b533108dea3d0/sky130B/libs.ref/sky130_fd_io/lib/sky130_fd_io__top_amuxsplitv2_ff_ss_100C_1v95_1v95.lib,no
sky130B,,top_amuxsplitv2_ff_ss_n40C_1v65_1v65,12745,ciel/sky130/versions/d815bb30c9afdf9e264c276a8a2b533108dea3d0/sky130B/libs.ref/sky130_fd_io/lib/sky130_fd_io__top_amuxsplitv2_ff_ss_n40C_1v65_1v65.lib,no
sky130B,,top_amuxsplitv2_ff_ss_n40C_1v95_1v65,12745,ciel/sky130/versions/d815bb30c9afdf9e264c276a8a2b533108dea3d0/sky130B/libs.ref/sky130_fd_io/lib/sky130_fd_io__top_amuxsplitv2_ff_ss_n40C_1v95_1v65.lib,no
sky130B,,top_amuxsplitv2_ff_ss_n40C_1v95_1v95,12745,ciel/sky130/versions/d815bb30c9afdf9e264c276a8a2b533108dea3d0/sky130B/libs.ref/sky130_fd_io/lib/sky130_fd_io__top_amuxsplitv2_ff_ss_n40C_1v95_1v95.lib,no
sky130B,,top_amuxsplitv2_ss_ff_100C_1v40_5v50,12745,ciel/sky130/versions/d815bb30c9afdf9e264c276a8a2b533108dea3d0/sky130B/libs.ref/sky130_fd_io/lib/sky130_fd_io__top_amuxsplitv2_ss_ff_100C_1v40_5v50.lib,no
sky130B,,top_amuxsplitv2_ss_ff_100C_1v60_1v65,12745,ciel/sky130/versions/d815bb30c9afdf9e264c276a8a2b533108dea3d0/sky130B/libs.ref/sky130_fd_io/lib/sky130_fd_io__top_amuxsplitv2_ss_ff_100C_1v60_1v65.lib,no
sky130B,,top_amuxsplitv2_ss_ff_100C_1v60_5v50,12745,ciel/sky130/versions/d815bb30c9afdf9e264c276a8a2b533108dea3d0/sky130B/libs.ref/sky130_fd_io/lib/sky130_fd_io__top_amuxsplitv2_ss_ff_100C_1v60_5v50.lib,no
sky130B,,top_amuxsplitv2_ss_ff_n40C_1v35_5v50,12745,ciel/sky130/versions/d815bb30c9afdf9e264c276a8a2b533108dea3d0/sky130B/libs.ref/sky130_fd_io/lib/sky130_fd_io__top_amuxsplitv2_ss_ff_n40C_1v35_5v50.lib,no
sky130B,,top_amuxsplitv2_ss_ff_n40C_1v60_1v65,12745,ciel/sky130/versions/d815bb30c9afdf9e264c276a8a2b533108dea3d0/sky130B/libs.ref/sky130_fd_io/lib/sky130_fd_io__top_amuxsplitv2_ss_ff_n40C_1v60_1v65.lib,no
sky130B,,top_amuxsplitv2_ss_ff_n40C_1v60_5v50,12745,ciel/sky130/versions/d815bb30c9afdf9e264c276a8a2b533108dea3d0/sky130B/libs.ref/sky130_fd_io/lib/sky130_fd_io__top_amuxsplitv2_ss_ff_n40C_1v60_5v50.lib,no
sky130B,,top_amuxsplitv2_ss_ss_100C_1v40_1v65,12745,ciel/sky130/versions/d815bb30c9afdf9e264c276a8a2b533108dea3d0/sky130B/libs.ref/sky130_fd_io/lib/sky130_fd_io__top_amuxsplitv2_ss_ss_100C_1v40_1v65.lib,no
sky130B,,top_amuxsplitv2_ss_ss_100C_1v60_1v65,12745,ciel/sky130/versions/d815bb30c9afdf9e264c276a8a2b533108dea3d0/sky130B/libs.ref/sky130_fd_io/lib/sky130_fd_io__top_amuxsplitv2_ss_ss_100C_1v60_1v65.lib,no
sky130B,,top_amuxsplitv2_ss_ss_100C_1v60_3v00,12745,ciel/sky130/versions/d815bb30c9afdf9e264c276a8a2b533108dea3d0/sky130B/libs.ref/sky130_fd_io/lib/sky130_fd_io__top_amuxsplitv2_ss_ss_100C_1v60_3v00.lib,no
sky130B,,top_amuxsplitv2_ss_ss_n40C_1v35_1v65,12724,ciel/sky130/versions/d815bb30c9afdf9e264c276a8a2b533108dea3d0/sky130B/libs.ref/sky130_fd_io/lib/sky130_fd_io__top_amuxsplitv2_ss_ss_n40C_1v35_1v65.lib,no
sky130B,,top_amuxsplitv2_ss_ss_n40C_1v40_1v65,12745,ciel/sky130/versions/d815bb30c9afdf9e264c276a8a2b533108dea3d0/sky130B/libs.ref/sky130_fd_io/lib/sky130_fd_io__top_amuxsplitv2_ss_ss_n40C_1v40_1v65.lib,no
sky130B,,top_amuxsplitv2_ss_ss_n40C_1v60_1v65,12818,ciel/sky130/versions/d815bb30c9afdf9e264c276a8a2b533108dea3d0/sky130B/libs.ref/sky130_fd_io/lib/sky130_fd_io__top_amuxsplitv2_ss_ss_n40C_1v60_1v65.lib,no
sky130B,,top_amuxsplitv2_tt_tt_025C_1v80_3v30,12745,ciel/sky130/versions/d815bb30c9afdf9e264c276a8a2b533108dea3d0/sky130B/libs.ref/sky130_fd_io/lib/sky130_fd_io__top_amuxsplitv2_tt_tt_025C_1v80_3v30.lib,no
sky130B,,top_analog_pad_ff_100C_1v60_5v50,6109,ciel/sky130/versions/d815bb30c9afdf9e264c276a8a2b533108dea3d0/sky130B/libs.ref/sky130_fd_io/lib/sky130_fd_io__top_analog_pad_ff_100C_1v60_5v50.lib,no
sky130B,,top_analog_pad_ff_100C_1v95_5v50,6108,ciel/sky130/versions/d815bb30c9afdf9e264c276a8a2b533108dea3d0/sky130B/libs.ref/sky130_fd_io/lib/sky130_fd_io__top_analog_pad_ff_100C_1v95_5v50.lib,no
sky130B,,top_analog_pad_ff_100C_1v95_5v50_1v65,4574,ciel/sky130/versions/d815bb30c9afdf9e264c276a8a2b533108dea3d0/sky130B/libs.ref/sky130_fd_io/lib/sky130_fd_io__top_analog_pad_ff_100C_1v95_5v50_1v65.lib,no
sky130B,,top_analog_pad_ff_n40C_1v35_5v50,6096,ciel/sky130/versions/d815bb30c9afdf9e264c276a8a2b533108dea3d0/sky130B/libs.ref/sky130_fd_io/lib/sky130_fd_io__top_analog_pad_ff_n40C_1v35_5v50.lib,no
sky130B,,top_analog_pad_ff_n40C_1v40_5v50,6098,ciel/sky130/versions/d815bb30c9afdf9e264c276a8a2b533108dea3d0/sky130B/libs.ref/sky130_fd_io/lib/sky130_fd_io__top_analog_pad_ff_n40C_1v40_5v50.lib,no
sky130B,,top_analog_pad_ff_n40C_1v60_5v50,6096,ciel/sky130/versions/d815bb30c9afdf9e264c276a8a2b533108dea3d0/sky130B/libs.ref/sky130_fd_io/lib/sky130_fd_io__top_analog_pad_ff_n40C_1v60_5v50.lib,no
sky130B,,top_analog_pad_ff_n40C_1v95_5v50,6084,ciel/sky130/versions/d815bb30c9afdf9e264c276a8a2b533108dea3d0/sky130B/libs.ref/sky130_fd_io/lib/sky130_fd_io__top_analog_pad_ff_n40C_1v95_5v50.lib,no
sky130B,,top_analog_pad_ff_n40C_1v95_5v50_1v65,4556,ciel/sky130/versions/d815bb30c9afdf9e264c276a8a2b533108dea3d0/sky130B/libs.ref/sky130_fd_io/lib/sky130_fd_io__top_analog_pad_ff_n40C_1v95_5v50_1v65.lib,no
sky130B,,top_analog_pad_ff_ss_100C_1v65_1v65_1v65,4565,ciel/sky130/versions/d815bb30c9afdf9e264c276a8a2b533108dea3d0/sky130B/libs.ref/sky130_fd_io/lib/sky130_fd_io__top_analog_pad_ff_ss_100C_1v65_1v65_1v65.lib,no
sky130B,,top_analog_pad_ff_ss_100C_1v95_1v95_1v65,4565,ciel/sky130/versions/d815bb30c9afdf9e264c276a8a2b533108dea3d0/sky130B/libs.ref/sky130_fd_io/lib/sky130_fd_io__top_analog_pad_ff_ss_100C_1v95_1v95_1v65.lib,no
sky130B,,top_analog_pad_ff_ss_100C_1v95_1v95_1v95,4565,ciel/sky130/versions/d815bb30c9afdf9e264c276a8a2b533108dea3d0/sky130B/libs.ref/sky130_fd_io/lib/sky130_fd_io__top_analog_pad_ff_ss_100C_1v95_1v95_1v95.lib,no
sky130B,,top_analog_pad_ff_ss_n40C_1v65_1v65_1v65,4565,ciel/sky130/versions/d815bb30c9afdf9e264c276a8a2b533108dea3d0/sky130B/libs.ref/sky130_fd_io/lib/sky130_fd_io__top_analog_pad_ff_ss_n40C_1v65_1v65_1v65.lib,no
sky130B,,top_analog_pad_ff_ss_n40C_1v95_1v95_1v65,4565,ciel/sky130/versions/d815bb30c9afdf9e264c276a8a2b533108dea3d0/sky130B/libs.ref/sky130_fd_io/lib/sky130_fd_io__top_analog_pad_ff_ss_n40C_1v95_1v95_1v65.lib,no
sky130B,,top_analog_pad_ff_ss_n40C_1v95_1v95_1v95,4565,ciel/sky130/versions/d815bb30c9afdf9e264c276a8a2b533108dea3d0/sky130B/libs.ref/sky130_fd_io/lib/sky130_fd_io__top_analog_pad_ff_ss_n40C_1v95_1v95_1v95.lib,no
sky130B,,top_analog_pad_ss_100C_1v40_1v65,6130,ciel/sky130/versions/d815bb30c9afdf9e264c276a8a2b533108dea3d0/sky130B/libs.ref/sky130_fd_io/lib/sky130_fd_io__top_analog_pad_ss_100C_1v40_1v65.lib,no
sky130B,,top_analog_pad_ss_100C_1v45_1v65,6137,ciel/sky130/versions/d815bb30c9afdf9e264c276a8a2b533108dea3d0/sky130B/libs.ref/sky130_fd_io/lib/sky130_fd_io__top_analog_pad_ss_100C_1v45_1v65.lib,no
sky130B,,top_analog_pad_ss_100C_1v60_1v65,6104,ciel/sky130/versions/d815bb30c9afdf9e264c276a8a2b533108dea3d0/sky130B/libs.ref/sky130_fd_io/lib/sky130_fd_io__top_analog_pad_ss_100C_1v60_1v65.lib,no
sky130B,,top_analog_pad_ss_100C_1v60_3v00,6111,ciel/sky130/versions/d815bb30c9afdf9e264c276a8a2b533108dea3d0/sky130B/libs.ref/sky130_fd_io/lib/sky130_fd_io__top_analog_pad_ss_100C_1v60_3v00.lib,no
sky130B,,top_analog_pad_ss_100C_1v60_5v50_1v65,4574,ciel/sky130/versions/d815bb30c9afdf9e264c276a8a2b533108dea3d0/sky130B/libs.ref/sky130_fd_io/lib/sky130_fd_io__top_analog_pad_ss_100C_1v60_5v50_1v65.lib,no
sky130B,,top_analog_pad_ss_100C_1v65_1v65,6109,ciel/sky130/versions/d815bb30c9afdf9e264c276a8a2b533108dea3d0/sky130B/libs.ref/sky130_fd_io/lib/sky130_fd_io__top_analog_pad_ss_100C_1v65_1v65.lib,no
sky130B,,top_analog_pad_ss_100C_1v95_1v95,6109,ciel/sky130/versions/d815bb30c9afdf9e264c276a8a2b533108dea3d0/sky130B/libs.ref/sky130_fd_io/lib/sky130_fd_io__top_analog_pad_ss_100C_1v95_1v95.lib,no
sky130B,,top_analog_pad_ss_ff_100C_1v40_5v50_5v50,4565,ciel/sky130/versions/d815bb30c9afdf9e264c276a8a2b533108dea3d0/sky130B/libs.ref/sky130_fd_io/lib/sky130_fd_io__top_analog_pad_ss_ff_100C_1v40_5v50_5v50.lib,no
sky130B,,top_analog_pad_ss_ff_100C_1v60_5v50_5v50,4565,ciel/sky130/versions/d815bb30c9afdf9e264c276a8a2b533108dea3d0/sky130B/libs.ref/sky130_fd_io/lib/sky130_fd_io__top_analog_pad_ss_ff_100C_1v60_5v50_5v50.lib,no
sky130B,,top_analog_pad_ss_ff_n40C_1v35_5v50_5v50,4565,ciel/sky130/versions/d815bb30c9afdf9e264c276a8a2b533108dea3d0/sky130B/libs.ref/sky130_fd_io/lib/sky130_fd_io__top_analog_pad_ss_ff_n40C_1v35_5v50_5v50.lib,no
sky130B,,top_analog_pad_ss_ff_n40C_1v60_5v50_5v50,4565,ciel/sky130/versions/d815bb30c9afdf9e264c276a8a2b533108dea3d0/sky130B/libs.ref/sky130_fd_io/lib/sky130_fd_io__top_analog_pad_ss_ff_n40C_1v60_5v50_5v50.lib,no
sky130B,,top_analog_pad_ss_n40C_1v35_1v65,6126,ciel/sky130/versions/d815bb30c9afdf9e264c276a8a2b533108dea3d0/sky130B/libs.ref/sky130_fd_io/lib/sky130_fd_io__top_analog_pad_ss_n40C_1v35_1v65.lib,no
sky130B,,top_analog_pad_ss_n40C_1v40_1v65,6112,ciel/sky130/versions/d815bb30c9afdf9e264c276a8a2b533108dea3d0/sky130B/libs.ref/sky130_fd_io/lib/sky130_fd_io__top_analog_pad_ss_n40C_1v40_1v65.lib,no
sky130B,,top_analog_pad_ss_n40C_1v45_1v65,6126,ciel/sky130/versions/d815bb30c9afdf9e264c276a8a2b533108dea3d0/sky130B/libs.ref/sky130_fd_io/lib/sky130_fd_io__top_analog_pad_ss_n40C_1v45_1v65.lib,no
sky130B,,top_analog_pad_ss_n40C_1v60_1v65,6084,ciel/sky130/versions/d815bb30c9afdf9e264c276a8a2b533108dea3d0/sky130B/libs.ref/sky130_fd_io/lib/sky130_fd_io__top_analog_pad_ss_n40C_1v60_1v65.lib,no
sky130B,,top_analog_pad_ss_n40C_1v60_5v50_1v65,4556,ciel/sky130/versions/d815bb30c9afdf9e264c276a8a2b533108dea3d0/sky130B/libs.ref/sky130_fd_io/lib/sky130_fd_io__top_analog_pad_ss_n40C_1v60_5v50_1v65.lib,no
sky130B,,top_analog_pad_ss_n40C_1v65_1v65,6096,ciel/sky130/versions/d815bb30c9afdf9e264c276a8a2b533108dea3d0/sky130B/libs.ref/sky130_fd_io/lib/sky130_fd_io__top_analog_pad_ss_n40C_1v65_1v65.lib,no
sky130B,,top_analog_pad_ss_n40C_1v95_1v95,6096,ciel/sky130/versions/d815bb30c9afdf9e264c276a8a2b533108dea3d0/sky130B/libs.ref/sky130_fd_io/lib/sky130_fd_io__top_analog_pad_ss_n40C_1v95_1v95.lib,no
sky130B,,top_analog_pad_tt_025C_1v80_3v30,6085,ciel/sky130/versions/d815bb30c9afdf9e264c276a8a2b533108dea3d0/sky130B/libs.ref/sky130_fd_io/lib/sky130_fd_io__top_analog_pad_tt_025C_1v80_3v30.lib,no
sky130B,,top_analog_pad_tt_100C_1v80_3v30,6107,ciel/sky130/versions/d815bb30c9afdf9e264c276a8a2b533108dea3d0/sky130B/libs.ref/sky130_fd_io/lib/sky130_fd_io__top_analog_pad_tt_100C_1v80_3v30.lib,no
sky130B,,top_gpiov2_ff_ff_100C_1v95_5v50,289577,ciel/sky130/versions/d815bb30c9afdf9e264c276a8a2b533108dea3d0/sky130B/libs.ref/sky130_fd_io/lib/sky130_fd_io__top_gpiov2_ff_ff_100C_1v95_5v50.lib,no
sky130B,,top_gpiov2_ff_ff_n40C_1v95_5v50,627561,ciel/sky130/versions/d815bb30c9afdf9e264c276a8a2b533108dea3d0/sky130B/libs.ref/sky130_fd_io/lib/sky130_fd_io__top_gpiov2_ff_ff_n40C_1v95_5v50.lib,no
sky130B,,top_gpiov2_ff_ff_n40C_1v95_5v50_nointpwr,569757,ciel/sky130/versions/d815bb30c9afdf9e264c276a8a2b533108dea3d0/sky130B/libs.ref/sky130_fd_io/lib/sky130_fd_io__top_gpiov2_ff_ff_n40C_1v95_5v50_nointpwr.lib,no
sky130B,,top_gpiov2_ff_ss_100C_1v65_1v65,296064,ciel/sky130/versions/d815bb30c9afdf9e264c276a8a2b533108dea3d0/sky130B/libs.ref/sky130_fd_io/lib/sky130_fd_io__top_gpiov2_ff_ss_100C_1v65_1v65.lib,no
sky130B,,top_gpiov2_ff_ss_100C_1v95_1v65,299782,ciel/sky130/versions/d815bb30c9afdf9e264c276a8a2b533108dea3d0/sky130B/libs.ref/sky130_fd_io/lib/sky130_fd_io__top_gpiov2_ff_ss_100C_1v95_1v65.lib,no
sky130B,,top_gpiov2_ff_ss_100C_1v95_1v95,295117,ciel/sky130/versions/d815bb30c9afdf9e264c276a8a2b533108dea3d0/sky130B/libs.ref/sky130_fd_io/lib/sky130_fd_io__top_gpiov2_ff_ss_100C_1v95_1v95.lib,no
sky130B,,top_gpiov2_ff_ss_n40C_1v65_1v65,296094,ciel/sky130/versions/d815bb30c9afdf9e264c276a8a2b533108dea3d0/sky130B/libs.ref/sky130_fd_io/lib/sky130_fd_io__top_gpiov2_ff_ss_n40C_1v65_1v65.lib,no
sky130B,,top_gpiov2_ff_ss_n40C_1v95_1v65,299943,ciel/sky130/versions/d815bb30c9afdf9e264c276a8a2b533108dea3d0/sky130B/libs.ref/sky130_fd_io/lib/sky130_fd_io__top_gpiov2_ff_ss_n40C_1v95_1v65.lib,no
sky130B,,top_gpiov2_ff_ss_n40C_1v95_1v95,295085,ciel/sky130/versions/d815bb30c9afdf9e264c276a8a2b533108dea3d0/sky130B/libs.ref/sky130_fd_io/lib/sky130_fd_io__top_gpiov2_ff_ss_n40C_1v95_1v95.lib,no
sky130B,,top_gpiov2_ss_ff_100C_1v40_5v50,290348,ciel/sky130/versions/d815bb30c9afdf9e264c276a8a2b533108dea3d0/sky130B/libs.ref/sky130_fd_io/lib/sky130_fd_io__top_gpiov2_ss_ff_100C_1v40_5v50.lib,no
sky130B,,top_gpiov2_ss_ff_100C_1v60_5v50,290053,ciel/sky130/versions/d815bb30c9afdf9e264c276a8a2b533108dea3d0/sky130B/libs.ref/sky130_fd_io/lib/sky130_fd_io__top_gpiov2_ss_ff_100C_1v60_5v50.lib,no
sky130B,,top_gpiov2_ss_ff_n40C_1v35_5v50,289946,ciel/sky130/versions/d815bb30c9afdf9e264c276a8a2b533108dea3d0/sky130B/libs.ref/sky130_fd_io/lib/sky130_fd_io__top_gpiov2_ss_ff_n40C_1v35_5v50.lib,no
sky130B,,top_gpiov2_ss_ff_n40C_1v60_5v50,289637,ciel/sky130/versions/d815bb30c9afdf9e264c276a8a2b533108dea3d0/sky130B/libs.ref/sky130_fd_io/lib/sky130_fd_io__top_gpiov2_ss_ff_n40C_1v60_5v50.lib,no
sky130B,,top_gpiov2_ss_ss_100C_1v40_1v65,296347,ciel/sky130/versions/d815bb30c9afdf9e264c276a8a2b533108dea3d0/sky130B/libs.ref/sky130_fd_io/lib/sky130_fd_io__top_gpiov2_ss_ss_100C_1v40_1v65.lib,no
sky130B,,top_gpiov2_ss_ss_100C_1v60_1v65,295905,ciel/sky130/versions/d815bb30c9afdf9e264c276a8a2b533108dea3d0/sky130B/libs.ref/sky130_fd_io/lib/sky130_fd_io__top_gpiov2_ss_ss_100C_1v60_1v65.lib,no
sky130B,,top_gpiov2_ss_ss_100C_1v60_3v00,300013,ciel/sky130/versions/d815bb30c9afdf9e264c276a8a2b533108dea3d0/sky130B/libs.ref/sky130_fd_io/lib/sky130_fd_io__top_gpiov2_ss_ss_100C_1v60_3v00.lib,no
sky130B,,top_gpiov2_ss_ss_n40C_1v35_1v65,295245,ciel/sky130/versions/d815bb30c9afdf9e264c276a8a2b533108dea3d0/sky130B/libs.ref/sky130_fd_io/lib/sky130_fd_io__top_gpiov2_ss_ss_n40C_1v35_1v65.lib,no
sky130B,,top_gpiov2_ss_ss_n40C_1v40_1v65,296597,ciel/sky130/versions/d815bb30c9afdf9e264c276a8a2b533108dea3d0/sky130B/libs.ref/sky130_fd_io/lib/sky130_fd_io__top_gpiov2_ss_ss_n40C_1v40_1v65.lib,no
sky130B,,top_gpiov2_ss_ss_n40C_1v60_1v65,661036,ciel/sky130/versions/d815bb30c9afdf9e264c276a8a2b533108dea3d0/sky130B/libs.ref/sky130_fd_io/lib/sky130_fd_io__top_gpiov2_ss_ss_n40C_1v60_1v65.lib,no
sky130B,,top_gpiov2_ss_ss_n40C_1v60_1v65_nointpwr,600227,ciel/sky130/versions/d815bb30c9afdf9e264c276a8a2b533108dea3d0/sky130B/libs.ref/sky130_fd_io/lib/sky130_fd_io__top_gpiov2_ss_ss_n40C_1v60_1v65_nointpwr.lib,no
sky130B,,top_gpiov2_tt_tt_025C_1v80_3v30,288391,ciel/sky130/versions/d815bb30c9afdf9e264c276a8a2b533108dea3d0/sky130B/libs.ref/sky130_fd_io/lib/sky130_fd_io__top_gpiov2_tt_tt_025C_1v80_3v30.lib,no
sky130B,,top_gpiovrefv2_ff_ff_100C_1v95_1v65,11953,ciel/sky130/versions/d815bb30c9afdf9e264c276a8a2b533108dea3d0/sky130B/libs.ref/sky130_fd_io/lib/sky130_fd_io__top_gpiovrefv2_ff_ff_100C_1v95_1v65.lib,no
sky130B,,top_gpiovrefv2_ff_ff_100C_1v95_5v50,11953,ciel/sky130/versions/d815bb30c9afdf9e264c276a8a2b533108dea3d0/sky130B/libs.ref/sky130_fd_io/lib/sky130_fd_io__top_gpiovrefv2_ff_ff_100C_1v95_5v50.lib,no
sky130B,,top_gpiovrefv2_ff_ff_n40C_1v95_1v65,11953,ciel/sky130/versions/d815bb30c9afdf9e264c276a8a2b533108dea3d0/sky130B/libs.ref/sky130_fd_io/lib/sky130_fd_io__top_gpiovrefv2_ff_ff_n40C_1v95_1v65.lib,no
sky130B,,top_gpiovrefv2_ff_ff_n40C_1v95_5v50,11953,ciel/sky130/versions/d815bb30c9afdf9e264c276a8a2b533108dea3d0/sky130B/libs.ref/sky130_fd_io/lib/sky130_fd_io__top_gpiovrefv2_ff_ff_n40C_1v95_5v50.lib,no
sky130B,,top_gpiovrefv2_ff_ss_100C_1v65_1v65,11953,ciel/sky130/versions/d815bb30c9afdf9e264c276a8a2b533108dea3d0/sky130B/libs.ref/sky130_fd_io/lib/sky130_fd_io__top_gpiovrefv2_ff_ss_100C_1v65_1v65.lib,no
sky130B,,top_gpiovrefv2_ff_ss_100C_1v95_1v65,11953,ciel/sky130/versions/d815bb30c9afdf9e264c276a8a2b533108dea3d0/sky130B/libs.ref/sky130_fd_io/lib/sky130_fd_io__top_gpiovrefv2_ff_ss_100C_1v95_1v65.lib,no
sky130B,,top_gpiovrefv2_ff_ss_100C_1v95_1v95,11953,ciel/sky130/versions/d815bb30c9afdf9e264c276a8a2b533108dea3d0/sky130B/libs.ref/sky130_fd_io/lib/sky130_fd_io__top_gpiovrefv2_ff_ss_100C_1v95_1v95.lib,no
sky130B,,top_gpiovrefv2_ff_ss_n40C_1v65_1v65,11953,ciel/sky130/versions/d815bb30c9afdf9e264c276a8a2b533108dea3d0/sky130B/libs.ref/sky130_fd_io/lib/sky130_fd_io__top_gpiovrefv2_ff_ss_n40C_1v65_1v65.lib,no
sky130B,,top_gpiovrefv2_ff_ss_n40C_1v95_1v65,11953,ciel/sky130/versions/d815bb30c9afdf9e264c276a8a2b533108dea3d0/sky130B/libs.ref/sky130_fd_io/lib/sky130_fd_io__top_gpiovrefv2_ff_ss_n40C_1v95_1v65.lib,no
sky130B,,top_gpiovrefv2_ff_ss_n40C_1v95_1v95,11953,ciel/sky130/versions/d815bb30c9afdf9e264c276a8a2b533108dea3d0/sky130B/libs.ref/sky130_fd_io/lib/sky130_fd_io__top_gpiovrefv2_ff_ss_n40C_1v95_1v95.lib,no
sky130B,,top_gpiovrefv2_ss_ff_100C_1v40_5v50,11953,ciel/sky130/versions/d815bb30c9afdf9e264c276a8a2b533108dea3d0/sky130B/libs.ref/sky130_fd_io/lib/sky130_fd_io__top_gpiovrefv2_ss_ff_100C_1v40_5v50.lib,no
sky130B,,top_gpiovrefv2_ss_ff_100C_1v60_1v65,11953,ciel/sky130/versions/d815bb30c9afdf9e264c276a8a2b533108dea3d0/sky130B/libs.ref/sky130_fd_io/lib/sky130_fd_io__top_gpiovrefv2_ss_ff_100C_1v60_1v65.lib,no
sky130B,,top_gpiovrefv2_ss_ff_100C_1v60_5v50,11953,ciel/sky130/versions/d815bb30c9afdf9e264c276a8a2b533108dea3d0/sky130B/libs.ref/sky130_fd_io/lib/sky130_fd_io__top_gpiovrefv2_ss_ff_100C_1v60_5v50.lib,no
sky130B,,top_gpiovrefv2_ss_ff_n40C_1v35_5v50,11953,ciel/sky130/versions/d815bb30c9afdf9e264c276a8a2b533108dea3d0/sky130B/libs.ref/sky130_fd_io/lib/sky130_fd_io__top_gpiovrefv2_ss_ff_n40C_1v35_5v50.lib,no
sky130B,,top_gpiovrefv2_ss_ff_n40C_1v60_1v65,11953,ciel/sky130/versions/d815bb30c9afdf9e264c276a8a2b533108dea3d0/sky130B/libs.ref/sky130_fd_io/lib/sky130_fd_io__top_gpiovrefv2_ss_ff_n40C_1v60_1v65.lib,no
sky130B,,top_gpiovrefv2_ss_ff_n40C_1v60_5v50,11953,ciel/sky130/versions/d815bb30c9afdf9e264c276a8a2b533108dea3d0/sky130B/libs.ref/sky130_fd_io/lib/sky130_fd_io__top_gpiovrefv2_ss_ff_n40C_1v60_5v50.lib,no
sky130B,,top_gpiovrefv2_ss_ss_100C_1v40_1v65,11953,ciel/sky130/versions/d815bb30c9afdf9e264c276a8a2b533108dea3d0/sky130B/libs.ref/sky130_fd_io/lib/sky130_fd_io__top_gpiovrefv2_ss_ss_100C_1v40_1v65.lib,no
sky130B,,top_gpiovrefv2_ss_ss_100C_1v60_1v65,11953,ciel/sky130/versions/d815bb30c9afdf9e264c276a8a2b533108dea3d0/sky130B/libs.ref/sky130_fd_io/lib/sky130_fd_io__top_gpiovrefv2_ss_ss_100C_1v60_1v65.lib,no
sky130B,,top_gpiovrefv2_ss_ss_100C_1v60_3v00,11953,ciel/sky130/versions/d815bb30c9afdf9e264c276a8a2b533108dea3d0/sky130B/libs.ref/sky130_fd_io/lib/sky130_fd_io__top_gpiovrefv2_ss_ss_100C_1v60_3v00.lib,no
sky130B,,top_gpiovrefv2_ss_ss_n40C_1v35_1v65,11953,ciel/sky130/versions/d815bb30c9afdf9e264c276a8a2b533108dea3d0/sky130B/libs.ref/sky130_fd_io/lib/sky130_fd_io__top_gpiovrefv2_ss_ss_n40C_1v35_1v65.lib,no
sky130B,,top_gpiovrefv2_ss_ss_n40C_1v40_1v65,11953,ciel/sky130/versions/d815bb30c9afdf9e264c276a8a2b533108dea3d0/sky130B/libs.ref/sky130_fd_io/lib/sky130_fd_io__top_gpiovrefv2_ss_ss_n40C_1v40_1v65.lib,no
sky130B,,top_gpiovrefv2_ss_ss_n40C_1v60_1v65,11953,ciel/sky130/versions/d815bb30c9afdf9e264c276a8a2b533108dea3d0/sky130B/libs.ref/sky130_fd_io/lib/sky130_fd_io__top_gpiovrefv2_ss_ss_n40C_1v60_1v65.lib,no
sky130B,,top_gpiovrefv2_tt_tt_025C_1v80_3v30,11953,ciel/sky130/versions/d815bb30c9afdf9e264c276a8a2b533108dea3d0/sky130B/libs.ref/sky130_fd_io/lib/sky130_fd_io__top_gpiovrefv2_tt_tt_025C_1v80_3v30.lib,no
sky130B,,top_ground_hvc_wpad_ff_100C_1v95_5v50_1v65,4798,ciel/sky130/versions/d815bb30c9afdf9e264c276a8a2b533108dea3d0/sky130B/libs.ref/sky130_fd_io/lib/sky130_fd_io__top_ground_hvc_wpad_ff_100C_1v95_5v50_1v65.lib,no
sky130B,,top_ground_hvc_wpad_ff_100C_1v95_5v50_5v50,4796,ciel/sky130/versions/d815bb30c9afdf9e264c276a8a2b533108dea3d0/sky130B/libs.ref/sky130_fd_io/lib/sky130_fd_io__top_ground_hvc_wpad_ff_100C_1v95_5v50_5v50.lib,no
sky130B,,top_ground_hvc_wpad_ff_n40C_1v95_5v50_1v65,4796,ciel/sky130/versions/d815bb30c9afdf9e264c276a8a2b533108dea3d0/sky130B/libs.ref/sky130_fd_io/lib/sky130_fd_io__top_ground_hvc_wpad_ff_n40C_1v95_5v50_1v65.lib,no
sky130B,,top_ground_hvc_wpad_ff_n40C_1v95_5v50_5v50,4796,ciel/sky130/versions/d815bb30c9afdf9e264c276a8a2b533108dea3d0/sky130B/libs.ref/sky130_fd_io/lib/sky130_fd_io__top_ground_hvc_wpad_ff_n40C_1v95_5v50_5v50.lib,no
sky130B,,top_ground_hvc_wpad_ff_ss_100C_1v65_1v65_1v65,4804,ciel/sky130/versions/d815bb30c9afdf9e264c276a8a2b533108dea3d0/sky130B/libs.ref/sky130_fd_io/lib/sky130_fd_io__top_ground_hvc_wpad_ff_ss_100C_1v65_1v65_1v65.lib,no
sky130B,,top_ground_hvc_wpad_ff_ss_100C_1v95_1v95_1v65,4804,ciel/sky130/versions/d815bb30c9afdf9e264c276a8a2b533108dea3d0/sky130B/libs.ref/sky130_fd_io/lib/sky130_fd_io__top_ground_hvc_wpad_ff_ss_100C_1v95_1v95_1v65.lib,no
sky130B,,top_ground_hvc_wpad_ff_ss_100C_1v95_1v95_1v95,4804,ciel/sky130/versions/d815bb30c9afdf9e264c276a8a2b533108dea3d0/sky130B/libs.ref/sky130_fd_io/lib/sky130_fd_io__top_ground_hvc_wpad_ff_ss_100C_1v95_1v95_1v95.lib,no
sky130B,,top_ground_hvc_wpad_ff_ss_100C_1v95_5v50_1v65,4804,ciel/sky130/versions/d815bb30c9afdf9e264c276a8a2b533108dea3d0/sky130B/libs.ref/sky130_fd_io/lib/sky130_fd_io__top_ground_hvc_wpad_ff_ss_100C_1v95_5v50_1v65.lib,no
sky130B,,top_ground_hvc_wpad_ff_ss_n40C_1v65_1v65_1v65,4802,ciel/sky130/versions/d815bb30c9afdf9e264c276a8a2b533108dea3d0/sky130B/libs.ref/sky130_fd_io/lib/sky130_fd_io__top_ground_hvc_wpad_ff_ss_n40C_1v65_1v65_1v65.lib,no
sky130B,,top_ground_hvc_wpad_ff_ss_n40C_1v95_1v95_1v65,4802,ciel/sky130/versions/d815bb30c9afdf9e264c276a8a2b533108dea3d0/sky130B/libs.ref/sky130_fd_io/lib/sky130_fd_io__top_ground_hvc_wpad_ff_ss_n40C_1v95_1v95_1v65.lib,no
sky130B,,top_ground_hvc_wpad_ff_ss_n40C_1v95_1v95_1v95,4802,ciel/sky130/versions/d815bb30c9afdf9e264c276a8a2b533108dea3d0/sky130B/libs.ref/sky130_fd_io/lib/sky130_fd_io__top_ground_hvc_wpad_ff_ss_n40C_1v95_1v95_1v95.lib,no
sky130B,,top_ground_hvc_wpad_ff_ss_n40C_1v95_5v50_1v65,4802,ciel/sky130/versions/d815bb30c9afdf9e264c276a8a2b533108dea3d0/sky130B/libs.ref/sky130_fd_io/lib/sky130_fd_io__top_ground_hvc_wpad_ff_ss_n40C_1v95_5v50_1v65.lib,no
sky130B,,top_ground_hvc_wpad_ss_100C_1v40_1v65_1v65,4797,ciel/sky130/versions/d815bb30c9afdf9e264c276a8a2b533108dea3d0/sky130B/libs.ref/sky130_fd_io/lib/sky130_fd_io__top_ground_hvc_wpad_ss_100C_1v40_1v65_1v65.lib,no
sky130B,,top_ground_hvc_wpad_ss_100C_1v60_1v65_1v65,4797,ciel/sky130/versions/d815bb30c9afdf9e264c276a8a2b533108dea3d0/sky130B/libs.ref/sky130_fd_io/lib/sky130_fd_io__top_ground_hvc_wpad_ss_100C_1v60_1v65_1v65.lib,no
sky130B,,top_ground_hvc_wpad_ss_100C_1v60_3v00_3v00,4797,ciel/sky130/versions/d815bb30c9afdf9e264c276a8a2b533108dea3d0/sky130B/libs.ref/sky130_fd_io/lib/sky130_fd_io__top_ground_hvc_wpad_ss_100C_1v60_3v00_3v00.lib,no
sky130B,,top_ground_hvc_wpad_ss_100C_1v60_5v50_1v65,4797,ciel/sky130/versions/d815bb30c9afdf9e264c276a8a2b533108dea3d0/sky130B/libs.ref/sky130_fd_io/lib/sky130_fd_io__top_ground_hvc_wpad_ss_100C_1v60_5v50_1v65.lib,no
sky130B,,top_ground_hvc_wpad_ss_ff_100C_1v40_5v50_5v50,4803,ciel/sky130/versions/d815bb30c9afdf9e264c276a8a2b533108dea3d0/sky130B/libs.ref/sky130_fd_io/lib/sky130_fd_io__top_ground_hvc_wpad_ss_ff_100C_1v40_5v50_5v50.lib,no
sky130B,,top_ground_hvc_wpad_ss_ff_100C_1v60_5v50_1v65,4805,ciel/sky130/versions/d815bb30c9afdf9e264c276a8a2b533108dea3d0/sky130B/libs.ref/sky130_fd_io/lib/sky130_fd_io__top_ground_hvc_wpad_ss_ff_100C_1v60_5v50_1v65.lib,no
sky130B,,top_ground_hvc_wpad_ss_ff_100C_1v60_5v50_5v50,4805,ciel/sky130/versions/d815bb30c9afdf9e264c276a8a2b533108dea3d0/sky130B/libs.ref/sky130_fd_io/lib/sky130_fd_io__top_ground_hvc_wpad_ss_ff_100C_1v60_5v50_5v50.lib,no
sky130B,,top_ground_hvc_wpad_ss_ff_n40C_1v35_5v50_5v50,4803,ciel/sky130/versions/d815bb30c9afdf9e264c276a8a2b533108dea3d0/sky130B/libs.ref/sky130_fd_io/lib/sky130_fd_io__top_ground_hvc_wpad_ss_ff_n40C_1v35_5v50_5v50.lib,no
sky130B,,top_ground_hvc_wpad_ss_ff_n40C_1v60_5v50_1v65,4803,ciel/sky130/versions/d815bb30c9afdf9e264c276a8a2b533108dea3d0/sky130B/libs.ref/sky130_fd_io/lib/sky130_fd_io__top_ground_hvc_wpad_ss_ff_n40C_1v60_5v50_1v65.lib,no
sky130B,,top_ground_hvc_wpad_ss_ff_n40C_1v60_5v50_5v50,4803,ciel/sky130/versions/d815bb30c9afdf9e264c276a8a2b533108dea3d0/sky130B/libs.ref/sky130_fd_io/lib/sky130_fd_io__top_ground_hvc_wpad_ss_ff_n40C_1v60_5v50_5v50.lib,no
sky130B,,top_ground_hvc_wpad_ss_n40C_1v35_1v65_1v65,4795,ciel/sky130/versions/d815bb30c9afdf9e264c276a8a2b533108dea3d0/sky130B/libs.ref/sky130_fd_io/lib/sky130_fd_io__top_ground_hvc_wpad_ss_n40C_1v35_1v65_1v65.lib,no
sky130B,,top_ground_hvc_wpad_ss_n40C_1v40_1v65_1v65,4795,ciel/sky130/versions/d815bb30c9afdf9e264c276a8a2b533108dea3d0/sky130B/libs.ref/sky130_fd_io/lib/sky130_fd_io__top_ground_hvc_wpad_ss_n40C_1v40_1v65_1v65.lib,no
sky130B,,top_ground_hvc_wpad_ss_n40C_1v60_1v65_1v65,4795,ciel/sky130/versions/d815bb30c9afdf9e264c276a8a2b533108dea3d0/sky130B/libs.ref/sky130_fd_io/lib/sky130_fd_io__top_ground_hvc_wpad_ss_n40C_1v60_1v65_1v65.lib,no
sky130B,,top_ground_hvc_wpad_ss_n40C_1v60_5v50_1v65,4795,ciel/sky130/versions/d815bb30c9afdf9e264c276a8a2b533108dea3d0/sky130B/libs.ref/sky130_fd_io/lib/sky130_fd_io__top_ground_hvc_wpad_ss_n40C_1v60_5v50_1v65.lib,no
sky130B,,top_ground_hvc_wpad_tt_025C_1v80_3v30_3v30,4792,ciel/sky130/versions/d815bb30c9afdf9e264c276a8a2b533108dea3d0/sky130B/libs.ref/sky130_fd_io/lib/sky130_fd_io__top_ground_hvc_wpad_tt_025C_1v80_3v30_3v30.lib,no
sky130B,,top_ground_lvc_wpad_ff_100C_1v95_5v50,5863,ciel/sky130/versions/d815bb30c9afdf9e264c276a8a2b533108dea3d0/sky130B/libs.ref/sky130_fd_io/lib/sky130_fd_io__top_ground_lvc_wpad_ff_100C_1v95_5v50.lib,no
sky130B,,top_ground_lvc_wpad_ff_100C_1v95_5v50_1v65,5241,ciel/sky130/versions/d815bb30c9afdf9e264c276a8a2b533108dea3d0/sky130B/libs.ref/sky130_fd_io/lib/sky130_fd_io__top_ground_lvc_wpad_ff_100C_1v95_5v50_1v65.lib,no
sky130B,,top_ground_lvc_wpad_ff_n40C_1v95_5v50,5859,ciel/sky130/versions/d815bb30c9afdf9e264c276a8a2b533108dea3d0/sky130B/libs.ref/sky130_fd_io/lib/sky130_fd_io__top_ground_lvc_wpad_ff_n40C_1v95_5v50.lib,no
sky130B,,top_ground_lvc_wpad_ff_n40C_1v95_5v50_1v65,5243,ciel/sky130/versions/d815bb30c9afdf9e264c276a8a2b533108dea3d0/sky130B/libs.ref/sky130_fd_io/lib/sky130_fd_io__top_ground_lvc_wpad_ff_n40C_1v95_5v50_1v65.lib,no
sky130B,,top_ground_lvc_wpad_ff_ss_100C_1v65_1v65_1v65,5248,ciel/sky130/versions/d815bb30c9afdf9e264c276a8a2b533108dea3d0/sky130B/libs.ref/sky130_fd_io/lib/sky130_fd_io__top_ground_lvc_wpad_ff_ss_100C_1v65_1v65_1v65.lib,no
sky130B,,top_ground_lvc_wpad_ff_ss_100C_1v95_1v95_1v65,5248,ciel/sky130/versions/d815bb30c9afdf9e264c276a8a2b533108dea3d0/sky130B/libs.ref/sky130_fd_io/lib/sky130_fd_io__top_ground_lvc_wpad_ff_ss_100C_1v95_1v95_1v65.lib,no
sky130B,,top_ground_lvc_wpad_ff_ss_100C_1v95_1v95_1v95,5248,ciel/sky130/versions/d815bb30c9afdf9e264c276a8a2b533108dea3d0/sky130B/libs.ref/sky130_fd_io/lib/sky130_fd_io__top_ground_lvc_wpad_ff_ss_100C_1v95_1v95_1v95.lib,no
sky130B,,top_ground_lvc_wpad_ff_ss_n40C_1v65_1v65_1v65,5248,ciel/sky130/versions/d815bb30c9afdf9e264c276a8a2b533108dea3d0/sky130B/libs.ref/sky130_fd_io/lib/sky130_fd_io__top_ground_lvc_wpad_ff_ss_n40C_1v65_1v65_1v65.lib,no
sky130B,,top_ground_lvc_wpad_ff_ss_n40C_1v95_1v95_1v65,5248,ciel/sky130/versions/d815bb30c9afdf9e264c276a8a2b533108dea3d0/sky130B/libs.ref/sky130_fd_io/lib/sky130_fd_io__top_ground_lvc_wpad_ff_ss_n40C_1v95_1v95_1v65.lib,no
sky130B,,top_ground_lvc_wpad_ff_ss_n40C_1v95_1v95_1v95,5248,ciel/sky130/versions/d815bb30c9afdf9e264c276a8a2b533108dea3d0/sky130B/libs.ref/sky130_fd_io/lib/sky130_fd_io__top_ground_lvc_wpad_ff_ss_n40C_1v95_1v95_1v95.lib,no
sky130B,,top_ground_lvc_wpad_ss_100C_1v40_1v65,5887,ciel/sky130/versions/d815bb30c9afdf9e264c276a8a2b533108dea3d0/sky130B/libs.ref/sky130_fd_io/lib/sky130_fd_io__top_ground_lvc_wpad_ss_100C_1v40_1v65.lib,no
sky130B,,top_ground_lvc_wpad_ss_100C_1v45_1v65,5903,ciel/sky130/versions/d815bb30c9afdf9e264c276a8a2b533108dea3d0/sky130B/libs.ref/sky130_fd_io/lib/sky130_fd_io__top_ground_lvc_wpad_ss_100C_1v45_1v65.lib,no
sky130B,,top_ground_lvc_wpad_ss_100C_1v60_1v65,5867,ciel/sky130/versions/d815bb30c9afdf9e264c276a8a2b533108dea3d0/sky130B/libs.ref/sky130_fd_io/lib/sky130_fd_io__top_ground_lvc_wpad_ss_100C_1v60_1v65.lib,no
sky130B,,top_ground_lvc_wpad_ss_100C_1v60_3v00,5875,ciel/sky130/versions/d815bb30c9afdf9e264c276a8a2b533108dea3d0/sky130B/libs.ref/sky130_fd_io/lib/sky130_fd_io__top_ground_lvc_wpad_ss_100C_1v60_3v00.lib,no
sky130B,,top_ground_lvc_wpad_ss_100C_1v60_5v50_1v65,5241,ciel/sky130/versions/d815bb30c9afdf9e264c276a8a2b533108dea3d0/sky130B/libs.ref/sky130_fd_io/lib/sky130_fd_io__top_ground_lvc_wpad_ss_100C_1v60_5v50_1v65.lib,no
sky130B,,top_ground_lvc_wpad_ss_100C_1v95_1v95,5151,ciel/sky130/versions/d815bb30c9afdf9e264c276a8a2b533108dea3d0/sky130B/libs.ref/sky130_fd_io/lib/sky130_fd_io__top_ground_lvc_wpad_ss_100C_1v95_1v95.lib,no
sky130B,,top_ground_lvc_wpad_ss_ff_100C_1v40_5v50_5v50,5249,ciel/sky130/versions/d815bb30c9afdf9e264c276a8a2b533108dea3d0/sky130B/libs.ref/sky130_fd_io/lib/sky130_fd_io__top_ground_lvc_wpad_ss_ff_100C_1v40_5v50_5v50.lib,no
sky130B,,top_ground_lvc_wpad_ss_ff_100C_1v60_5v50_5v50,5248,ciel/sky130/versions/d815bb30c9afdf9e264c276a8a2b533108dea3d0/sky130B/libs.ref/sky130_fd_io/lib/sky130_fd_io__top_ground_lvc_wpad_ss_ff_100C_1v60_5v50_5v50.lib,no
sky130B,,top_ground_lvc_wpad_ss_ff_n40C_1v35_5v50_5v50,5248,ciel/sky130/versions/d815bb30c9afdf9e264c276a8a2b533108dea3d0/sky130B/libs.ref/sky130_fd_io/lib/sky130_fd_io__top_ground_lvc_wpad_ss_ff_n40C_1v35_5v50_5v50.lib,no
sky130B,,top_ground_lvc_wpad_ss_ff_n40C_1v60_5v50_5v50,5248,ciel/sky130/versions/d815bb30c9afdf9e264c276a8a2b533108dea3d0/sky130B/libs.ref/sky130_fd_io/lib/sky130_fd_io__top_ground_lvc_wpad_ss_ff_n40C_1v60_5v50_5v50.lib,no
sky130B,,top_ground_lvc_wpad_ss_n40C_1v35_1v65_1v65,5241,ciel/sky130/versions/d815bb30c9afdf9e264c276a8a2b533108dea3d0/sky130B/libs.ref/sky130_fd_io/lib/sky130_fd_io__top_ground_lvc_wpad_ss_n40C_1v35_1v65_1v65.lib,no
sky130B,,top_ground_lvc_wpad_ss_n40C_1v40_1v65,5889,ciel/sky130/versions/d815bb30c9afdf9e264c276a8a2b533108dea3d0/sky130B/libs.ref/sky130_fd_io/lib/sky130_fd_io__top_ground_lvc_wpad_ss_n40C_1v40_1v65.lib,no
sky130B,,top_ground_lvc_wpad_ss_n40C_1v45_1v65,5901,ciel/sky130/versions/d815bb30c9afdf9e264c276a8a2b533108dea3d0/sky130B/libs.ref/sky130_fd_io/lib/sky130_fd_io__top_ground_lvc_wpad_ss_n40C_1v45_1v65.lib,no
sky130B,,top_ground_lvc_wpad_ss_n40C_1v60_1v65,5859,ciel/sky130/versions/d815bb30c9afdf9e264c276a8a2b533108dea3d0/sky130B/libs.ref/sky130_fd_io/lib/sky130_fd_io__top_ground_lvc_wpad_ss_n40C_1v60_1v65.lib,no
sky130B,,top_ground_lvc_wpad_ss_n40C_1v60_5v50_1v65,5241,ciel/sky130/versions/d815bb30c9afdf9e264c276a8a2b533108dea3d0/sky130B/libs.ref/sky130_fd_io/lib/sky130_fd_io__top_ground_lvc_wpad_ss_n40C_1v60_5v50_1v65.lib,no
sky130B,,top_ground_lvc_wpad_ss_n40C_1v95_1v95,5150,ciel/sky130/versions/d815bb30c9afdf9e264c276a8a2b533108dea3d0/sky130B/libs.ref/sky130_fd_io/lib/sky130_fd_io__top_ground_lvc_wpad_ss_n40C_1v95_1v95.lib,no
sky130B,,top_ground_lvc_wpad_tt_025C_1v80_3v30,5859,ciel/sky130/versions/d815bb30c9afdf9e264c276a8a2b533108dea3d0/sky130B/libs.ref/sky130_fd_io/lib/sky130_fd_io__top_ground_lvc_wpad_tt_025C_1v80_3v30.lib,no
sky130B,,top_ground_lvc_wpad_tt_100C_1v80_3v30,5869,ciel/sky130/versions/d815bb30c9afdf9e264c276a8a2b533108dea3d0/sky130B/libs.ref/sky130_fd_io/lib/sky130_fd_io__top_ground_lvc_wpad_tt_100C_1v80_3v30.lib,no
sky130B,,top_hvclamp_ff_100C_1v95_5v50,3119,ciel/sky130/versions/d815bb30c9afdf9e264c276a8a2b533108dea3d0/sky130B/libs.ref/sky130_fd_io/lib/sky130_fd_io__top_hvclamp_ff_100C_1v95_5v50.lib,no
sky130B,,top_hvclamp_ff_n40C_1v95_5v50,3094,ciel/sky130/versions/d815bb30c9afdf9e264c276a8a2b533108dea3d0/sky130B/libs.ref/sky130_fd_io/lib/sky130_fd_io__top_hvclamp_ff_n40C_1v95_5v50.lib,no
sky130B,,top_hvclamp_ss_100C_1v40_1v65,3137,ciel/sky130/versions/d815bb30c9afdf9e264c276a8a2b533108dea3d0/sky130B/libs.ref/sky130_fd_io/lib/sky130_fd_io__top_hvclamp_ss_100C_1v40_1v65.lib,no
sky130B,,top_hvclamp_ss_100C_1v45_1v65,3149,ciel/sky130/versions/d815bb30c9afdf9e264c276a8a2b533108dea3d0/sky130B/libs.ref/sky130_fd_io/lib/sky130_fd_io__top_hvclamp_ss_100C_1v45_1v65.lib,no
sky130B,,top_hvclamp_ss_100C_1v60_1v65,3115,ciel/sky130/versions/d815bb30c9afdf9e264c276a8a2b533108dea3d0/sky130B/libs.ref/sky130_fd_io/lib/sky130_fd_io__top_hvclamp_ss_100C_1v60_1v65.lib,no
sky130B,,top_hvclamp_ss_100C_1v60_3v00,3122,ciel/sky130/versions/d815bb30c9afdf9e264c276a8a2b533108dea3d0/sky130B/libs.ref/sky130_fd_io/lib/sky130_fd_io__top_hvclamp_ss_100C_1v60_3v00.lib,no
sky130B,,top_hvclamp_ss_n40C_1v40_1v65,3123,ciel/sky130/versions/d815bb30c9afdf9e264c276a8a2b533108dea3d0/sky130B/libs.ref/sky130_fd_io/lib/sky130_fd_io__top_hvclamp_ss_n40C_1v40_1v65.lib,no
sky130B,,top_hvclamp_ss_n40C_1v45_1v65,3134,ciel/sky130/versions/d815bb30c9afdf9e264c276a8a2b533108dea3d0/sky130B/libs.ref/sky130_fd_io/lib/sky130_fd_io__top_hvclamp_ss_n40C_1v45_1v65.lib,no
sky130B,,top_hvclamp_ss_n40C_1v60_1v65,3093,ciel/sky130/versions/d815bb30c9afdf9e264c276a8a2b533108dea3d0/sky130B/libs.ref/sky130_fd_io/lib/sky130_fd_io__top_hvclamp_ss_n40C_1v60_1v65.lib,no
sky130B,,top_hvclamp_tt_025C_1v80_3v30,3090,ciel/sky130/versions/d815bb30c9afdf9e264c276a8a2b533108dea3d0/sky130B/libs.ref/sky130_fd_io/lib/sky130_fd_io__top_hvclamp_tt_025C_1v80_3v30.lib,no
sky130B,,top_hvclamp_tt_100C_1v80_3v30,3116,ciel/sky130/versions/d815bb30c9afdf9e264c276a8a2b533108dea3d0/sky130B/libs.ref/sky130_fd_io/lib/sky130_fd_io__top_hvclamp_tt_100C_1v80_3v30.lib,no
sky130B,,top_hvclampv2_ff_100C_1v95_5v50_1v65,3247,ciel/sky130/versions/d815bb30c9afdf9e264c276a8a2b533108dea3d0/sky130B/libs.ref/sky130_fd_io/lib/sky130_fd_io__top_hvclampv2_ff_100C_1v95_5v50_1v65.lib,no
sky130B,,top_hvclampv2_ff_100C_1v95_5v50_5v50,3245,ciel/sky130/versions/d815bb30c9afdf9e264c276a8a2b533108dea3d0/sky130B/libs.ref/sky130_fd_io/lib/sky130_fd_io__top_hvclampv2_ff_100C_1v95_5v50_5v50.lib,no
sky130B,,top_hvclampv2_ff_n40C_1v95_5v50_1v65,3227,ciel/sky130/versions/d815bb30c9afdf9e264c276a8a2b533108dea3d0/sky130B/libs.ref/sky130_fd_io/lib/sky130_fd_io__top_hvclampv2_ff_n40C_1v95_5v50_1v65.lib,no
sky130B,,top_hvclampv2_ff_n40C_1v95_5v50_5v50,3227,ciel/sky130/versions/d815bb30c9afdf9e264c276a8a2b533108dea3d0/sky130B/libs.ref/sky130_fd_io/lib/sky130_fd_io__top_hvclampv2_ff_n40C_1v95_5v50_5v50.lib,no
sky130B,,top_hvclampv2_ff_ss_100C_1v65_1v65_1v65,3237,ciel/sky130/versions/d815bb30c9afdf9e264c276a8a2b533108dea3d0/sky130B/libs.ref/sky130_fd_io/lib/sky130_fd_io__top_hvclampv2_ff_ss_100C_1v65_1v65_1v65.lib,no
sky130B,,top_hvclampv2_ff_ss_100C_1v95_1v95_1v65,3237,ciel/sky130/versions/d815bb30c9afdf9e264c276a8a2b533108dea3d0/sky130B/libs.ref/sky130_fd_io/lib/sky130_fd_io__top_hvclampv2_ff_ss_100C_1v95_1v95_1v65.lib,no
sky130B,,top_hvclampv2_ff_ss_100C_1v95_1v95_1v95,3237,ciel/sky130/versions/d815bb30c9afdf9e264c276a8a2b533108dea3d0/sky130B/libs.ref/sky130_fd_io/lib/sky130_fd_io__top_hvclampv2_ff_ss_100C_1v95_1v95_1v95.lib,no
sky130B,,top_hvclampv2_ff_ss_100C_1v95_5v50_1v65,3237,ciel/sky130/versions/d815bb30c9afdf9e264c276a8a2b533108dea3d0/sky130B/libs.ref/sky130_fd_io/lib/sky130_fd_io__top_hvclampv2_ff_ss_100C_1v95_5v50_1v65.lib,no
sky130B,,top_hvclampv2_ff_ss_n40C_1v65_1v65_1v65,3235,ciel/sky130/versions/d815bb30c9afdf9e264c276a8a2b533108dea3d0/sky130B/libs.ref/sky130_fd_io/lib/sky130_fd_io__top_hvclampv2_ff_ss_n40C_1v65_1v65_1v65.lib,no
sky130B,,top_hvclampv2_ff_ss_n40C_1v95_1v95_1v65,3235,ciel/sky130/versions/d815bb30c9afdf9e264c276a8a2b533108dea3d0/sky130B/libs.ref/sky130_fd_io/lib/sky130_fd_io__top_hvclampv2_ff_ss_n40C_1v95_1v95_1v65.lib,no
sky130B,,top_hvclampv2_ff_ss_n40C_1v95_1v95_1v95,3235,ciel/sky130/versions/d815bb30c9afdf9e264c276a8a2b533108dea3d0/sky130B/libs.ref/sky130_fd_io/lib/sky130_fd_io__top_hvclampv2_ff_ss_n40C_1v95_1v95_1v95.lib,no
sky130B,,top_hvclampv2_ff_ss_n40C_1v95_5v50_1v65,3235,ciel/sky130/versions/d815bb30c9afdf9e264c276a8a2b533108dea3d0/sky130B/libs.ref/sky130_fd_io/lib/sky130_fd_io__top_hvclampv2_ff_ss_n40C_1v95_5v50_1v65.lib,no
sky130B,,top_hvclampv2_ss_100C_1v40_1v65_1v65,3246,ciel/sky130/versions/d815bb30c9afdf9e264c276a8a2b533108dea3d0/sky130B/libs.ref/sky130_fd_io/lib/sky130_fd_io__top_hvclampv2_ss_100C_1v40_1v65_1v65.lib,no
sky130B,,top_hvclampv2_ss_100C_1v60_1v65_1v65,3246,ciel/sky130/versions/d815bb30c9afdf9e264c276a8a2b533108dea3d0/sky130B/libs.ref/sky130_fd_io/lib/sky130_fd_io__top_hvclampv2_ss_100C_1v60_1v65_1v65.lib,no
sky130B,,top_hvclampv2_ss_100C_1v60_3v00_3v00,3246,ciel/sky130/versions/d815bb30c9afdf9e264c276a8a2b533108dea3d0/sky130B/libs.ref/sky130_fd_io/lib/sky130_fd_io__top_hvclampv2_ss_100C_1v60_3v00_3v00.lib,no
sky130B,,top_hvclampv2_ss_100C_1v60_5v50_1v65,3246,ciel/sky130/versions/d815bb30c9afdf9e264c276a8a2b533108dea3d0/sky130B/libs.ref/sky130_fd_io/lib/sky130_fd_io__top_hvclampv2_ss_100C_1v60_5v50_1v65.lib,no
sky130B,,top_hvclampv2_ss_ff_100C_1v40_5v50_5v50,3236,ciel/sky130/versions/d815bb30c9afdf9e264c276a8a2b533108dea3d0/sky130B/libs.ref/sky130_fd_io/lib/sky130_fd_io__top_hvclampv2_ss_ff_100C_1v40_5v50_5v50.lib,no
sky130B,,top_hvclampv2_ss_ff_100C_1v60_5v50_1v65,3238,ciel/sky130/versions/d815bb30c9afdf9e264c276a8a2b533108dea3d0/sky130B/libs.ref/sky130_fd_io/lib/sky130_fd_io__top_hvclampv2_ss_ff_100C_1v60_5v50_1v65.lib,no
sky130B,,top_hvclampv2_ss_ff_100C_1v60_5v50_5v50,3238,ciel/sky130/versions/d815bb30c9afdf9e264c276a8a2b533108dea3d0/sky130B/libs.ref/sky130_fd_io/lib/sky130_fd_io__top_hvclampv2_ss_ff_100C_1v60_5v50_5v50.lib,no
sky130B,,top_hvclampv2_ss_ff_n40C_1v35_5v50_5v50,3236,ciel/sky130/versions/d815bb30c9afdf9e264c276a8a2b533108dea3d0/sky130B/libs.ref/sky130_fd_io/lib/sky130_fd_io__top_hvclampv2_ss_ff_n40C_1v35_5v50_5v50.lib,no
sky130B,,top_hvclampv2_ss_ff_n40C_1v60_5v50_1v65,3236,ciel/sky130/versions/d815bb30c9afdf9e264c276a8a2b533108dea3d0/sky130B/libs.ref/sky130_fd_io/lib/sky130_fd_io__top_hvclampv2_ss_ff_n40C_1v60_5v50_1v65.lib,no
sky130B,,top_hvclampv2_ss_ff_n40C_1v60_5v50_5v50,3236,ciel/sky130/versions/d815bb30c9afdf9e264c276a8a2b533108dea3d0/sky130B/libs.ref/sky130_fd_io/lib/sky130_fd_io__top_hvclampv2_ss_ff_n40C_1v60_5v50_5v50.lib,no
sky130B,,top_hvclampv2_ss_n40C_1v35_1v65_1v65,3226,ciel/sky130/versions/d815bb30c9afdf9e264c276a8a2b533108dea3d0/sky130B/libs.ref/sky130_fd_io/lib/sky130_fd_io__top_hvclampv2_ss_n40C_1v35_1v65_1v65.lib,no
sky130B,,top_hvclampv2_ss_n40C_1v40_1v65_1v65,3226,ciel/sky130/versions/d815bb30c9afdf9e264c276a8a2b533108dea3d0/sky130B/libs.ref/sky130_fd_io/lib/sky130_fd_io__top_hvclampv2_ss_n40C_1v40_1v65_1v65.lib,no
sky130B,,top_hvclampv2_ss_n40C_1v60_1v65_1v65,3226,ciel/sky130/versions/d815bb30c9afdf9e264c276a8a2b533108dea3d0/sky130B/libs.ref/sky130_fd_io/lib/sky130_fd_io__top_hvclampv2_ss_n40C_1v60_1v65_1v65.lib,no
sky130B,,top_hvclampv2_ss_n40C_1v60_5v50_1v65,3226,ciel/sky130/versions/d815bb30c9afdf9e264c276a8a2b533108dea3d0/sky130B/libs.ref/sky130_fd_io/lib/sky130_fd_io__top_hvclampv2_ss_n40C_1v60_5v50_1v65.lib,no
sky130B,,top_hvclampv2_tt_025C_1v80_3v30_3v30,3296,ciel/sky130/versions/d815bb30c9afdf9e264c276a8a2b533108dea3d0/sky130B/libs.ref/sky130_fd_io/lib/sky130_fd_io__top_hvclampv2_tt_025C_1v80_3v30_3v30.lib,no
sky130B,,top_lvc_b2b_ff_100C_1v95_5v50,3638,ciel/sky130/versions/d815bb30c9afdf9e264c276a8a2b533108dea3d0/sky130B/libs.ref/sky130_fd_io/lib/sky130_fd_io__top_lvc_b2b_ff_100C_1v95_5v50.lib,no
sky130B,,top_lvc_b2b_ff_100C_1v95_5v50_1v65,3606,ciel/sky130/versions/d815bb30c9afdf9e264c276a8a2b533108dea3d0/sky130B/libs.ref/sky130_fd_io/lib/sky130_fd_io__top_lvc_b2b_ff_100C_1v95_5v50_1v65.lib,no
sky130B,,top_lvc_b2b_ff_n40C_1v95_5v50,3614,ciel/sky130/versions/d815bb30c9afdf9e264c276a8a2b533108dea3d0/sky130B/libs.ref/sky130_fd_io/lib/sky130_fd_io__top_lvc_b2b_ff_n40C_1v95_5v50.lib,no
sky130B,,top_lvc_b2b_ff_n40C_1v95_5v50_1v65,3587,ciel/sky130/versions/d815bb30c9afdf9e264c276a8a2b533108dea3d0/sky130B/libs.ref/sky130_fd_io/lib/sky130_fd_io__top_lvc_b2b_ff_n40C_1v95_5v50_1v65.lib,no
sky130B,,top_lvc_b2b_ff_ss_100C_1v65_1v65_1v65,3601,ciel/sky130/versions/d815bb30c9afdf9e264c276a8a2b533108dea3d0/sky130B/libs.ref/sky130_fd_io/lib/sky130_fd_io__top_lvc_b2b_ff_ss_100C_1v65_1v65_1v65.lib,no
sky130B,,top_lvc_b2b_ff_ss_100C_1v95_1v95_1v65,3601,ciel/sky130/versions/d815bb30c9afdf9e264c276a8a2b533108dea3d0/sky130B/libs.ref/sky130_fd_io/lib/sky130_fd_io__top_lvc_b2b_ff_ss_100C_1v95_1v95_1v65.lib,no
sky130B,,top_lvc_b2b_ff_ss_100C_1v95_1v95_1v95,3601,ciel/sky130/versions/d815bb30c9afdf9e264c276a8a2b533108dea3d0/sky130B/libs.ref/sky130_fd_io/lib/sky130_fd_io__top_lvc_b2b_ff_ss_100C_1v95_1v95_1v95.lib,no
sky130B,,top_lvc_b2b_ff_ss_n40C_1v65_1v65_1v65,3601,ciel/sky130/versions/d815bb30c9afdf9e264c276a8a2b533108dea3d0/sky130B/libs.ref/sky130_fd_io/lib/sky130_fd_io__top_lvc_b2b_ff_ss_n40C_1v65_1v65_1v65.lib,no
sky130B,,top_lvc_b2b_ff_ss_n40C_1v95_1v95_1v65,3601,ciel/sky130/versions/d815bb30c9afdf9e264c276a8a2b533108dea3d0/sky130B/libs.ref/sky130_fd_io/lib/sky130_fd_io__top_lvc_b2b_ff_ss_n40C_1v95_1v95_1v65.lib,no
sky130B,,top_lvc_b2b_ff_ss_n40C_1v95_1v95_1v95,3601,ciel/sky130/versions/d815bb30c9afdf9e264c276a8a2b533108dea3d0/sky130B/libs.ref/sky130_fd_io/lib/sky130_fd_io__top_lvc_b2b_ff_ss_n40C_1v95_1v95_1v95.lib,no
sky130B,,top_lvc_b2b_ss_100C_1v40_1v65,3654,ciel/sky130/versions/d815bb30c9afdf9e264c276a8a2b533108dea3d0/sky130B/libs.ref/sky130_fd_io/lib/sky130_fd_io__top_lvc_b2b_ss_100C_1v40_1v65.lib,no
sky130B,,top_lvc_b2b_ss_100C_1v45_1v65,3670,ciel/sky130/versions/d815bb30c9afdf9e264c276a8a2b533108dea3d0/sky130B/libs.ref/sky130_fd_io/lib/sky130_fd_io__top_lvc_b2b_ss_100C_1v45_1v65.lib,no
sky130B,,top_lvc_b2b_ss_100C_1v60_1v65,3634,ciel/sky130/versions/d815bb30c9afdf9e264c276a8a2b533108dea3d0/sky130B/libs.ref/sky130_fd_io/lib/sky130_fd_io__top_lvc_b2b_ss_100C_1v60_1v65.lib,no
sky130B,,top_lvc_b2b_ss_100C_1v60_3v00,3642,ciel/sky130/versions/d815bb30c9afdf9e264c276a8a2b533108dea3d0/sky130B/libs.ref/sky130_fd_io/lib/sky130_fd_io__top_lvc_b2b_ss_100C_1v60_3v00.lib,no
sky130B,,top_lvc_b2b_ss_100C_1v60_5v50_1v65,3610,ciel/sky130/versions/d815bb30c9afdf9e264c276a8a2b533108dea3d0/sky130B/libs.ref/sky130_fd_io/lib/sky130_fd_io__top_lvc_b2b_ss_100C_1v60_5v50_1v65.lib,no
sky130B,,top_lvc_b2b_ss_ff_100C_1v40_5v50_5v50,3601,ciel/sky130/versions/d815bb30c9afdf9e264c276a8a2b533108dea3d0/sky130B/libs.ref/sky130_fd_io/lib/sky130_fd_io__top_lvc_b2b_ss_ff_100C_1v40_5v50_5v50.lib,no
sky130B,,top_lvc_b2b_ss_ff_100C_1v60_5v50_5v50,3601,ciel/sky130/versions/d815bb30c9afdf9e264c276a8a2b533108dea3d0/sky130B/libs.ref/sky130_fd_io/lib/sky130_fd_io__top_lvc_b2b_ss_ff_100C_1v60_5v50_5v50.lib,no
sky130B,,top_lvc_b2b_ss_ff_n40C_1v35_5v50_5v50,3601,ciel/sky130/versions/d815bb30c9afdf9e264c276a8a2b533108dea3d0/sky130B/libs.ref/sky130_fd_io/lib/sky130_fd_io__top_lvc_b2b_ss_ff_n40C_1v35_5v50_5v50.lib,no
sky130B,,top_lvc_b2b_ss_ff_n40C_1v60_5v50_5v50,3601,ciel/sky130/versions/d815bb30c9afdf9e264c276a8a2b533108dea3d0/sky130B/libs.ref/sky130_fd_io/lib/sky130_fd_io__top_lvc_b2b_ss_ff_n40C_1v60_5v50_5v50.lib,no
sky130B,,top_lvc_b2b_ss_n40C_1v35_1v65_1v65,3592,ciel/sky130/versions/d815bb30c9afdf9e264c276a8a2b533108dea3d0/sky130B/libs.ref/sky130_fd_io/lib/sky130_fd_io__top_lvc_b2b_ss_n40C_1v35_1v65_1v65.lib,no
sky130B,,top_lvc_b2b_ss_n40C_1v40_1v65,3643,ciel/sky130/versions/d815bb30c9afdf9e264c276a8a2b533108dea3d0/sky130B/libs.ref/sky130_fd_io/lib/sky130_fd_io__top_lvc_b2b_ss_n40C_1v40_1v65.lib,no
sky130B,,top_lvc_b2b_ss_n40C_1v45_1v65,3655,ciel/sky130/versions/d815bb30c9afdf9e264c276a8a2b533108dea3d0/sky130B/libs.ref/sky130_fd_io/lib/sky130_fd_io__top_lvc_b2b_ss_n40C_1v45_1v65.lib,no
sky130B,,top_lvc_b2b_ss_n40C_1v60_1v65,3613,ciel/sky130/versions/d815bb30c9afdf9e264c276a8a2b533108dea3d0/sky130B/libs.ref/sky130_fd_io/lib/sky130_fd_io__top_lvc_b2b_ss_n40C_1v60_1v65.lib,no
sky130B,,top_lvc_b2b_ss_n40C_1v60_5v50_1v65,3592,ciel/sky130/versions/d815bb30c9afdf9e264c276a8a2b533108dea3d0/sky130B/libs.ref/sky130_fd_io/lib/sky130_fd_io__top_lvc_b2b_ss_n40C_1v60_5v50_1v65.lib,no
sky130B,,top_lvc_b2b_tt_025C_1v80_3v30,3613,ciel/sky130/versions/d815bb30c9afdf9e264c276a8a2b533108dea3d0/sky130B/libs.ref/sky130_fd_io/lib/sky130_fd_io__top_lvc_b2b_tt_025C_1v80_3v30.lib,no
sky130B,,top_lvc_b2b_tt_100C_1v80_3v30,3636,ciel/sky130/versions/d815bb30c9afdf9e264c276a8a2b533108dea3d0/sky130B/libs.ref/sky130_fd_io/lib/sky130_fd_io__top_lvc_b2b_tt_100C_1v80_3v30.lib,no
sky130B,,top_lvclamp_ff_100C_1v60_5v50,3094,ciel/sky130/versions/d815bb30c9afdf9e264c276a8a2b533108dea3d0/sky130B/libs.ref/sky130_fd_io/lib/sky130_fd_io__top_lvclamp_ff_100C_1v60_5v50.lib,no
sky130B,,top_lvclamp_ff_100C_1v95_5v50,3104,ciel/sky130/versions/d815bb30c9afdf9e264c276a8a2b533108dea3d0/sky130B/libs.ref/sky130_fd_io/lib/sky130_fd_io__top_lvclamp_ff_100C_1v95_5v50.lib,no
sky130B,,top_lvclamp_ff_100C_1v95_5v50_1v65,3132,ciel/sky130/versions/d815bb30c9afdf9e264c276a8a2b533108dea3d0/sky130B/libs.ref/sky130_fd_io/lib/sky130_fd_io__top_lvclamp_ff_100C_1v95_5v50_1v65.lib,no
sky130B,,top_lvclamp_ff_n40C_1v60_5v50,3081,ciel/sky130/versions/d815bb30c9afdf9e264c276a8a2b533108dea3d0/sky130B/libs.ref/sky130_fd_io/lib/sky130_fd_io__top_lvclamp_ff_n40C_1v60_5v50.lib,no
sky130B,,top_lvclamp_ff_n40C_1v95_5v50,3081,ciel/sky130/versions/d815bb30c9afdf9e264c276a8a2b533108dea3d0/sky130B/libs.ref/sky130_fd_io/lib/sky130_fd_io__top_lvclamp_ff_n40C_1v95_5v50.lib,no
sky130B,,top_lvclamp_ff_n40C_1v95_5v50_1v65,3114,ciel/sky130/versions/d815bb30c9afdf9e264c276a8a2b533108dea3d0/sky130B/libs.ref/sky130_fd_io/lib/sky130_fd_io__top_lvclamp_ff_n40C_1v95_5v50_1v65.lib,no
sky130B,,top_lvclamp_ff_ss_100C_1v65_1v65_1v65,3123,ciel/sky130/versions/d815bb30c9afdf9e264c276a8a2b533108dea3d0/sky130B/libs.ref/sky130_fd_io/lib/sky130_fd_io__top_lvclamp_ff_ss_100C_1v65_1v65_1v65.lib,no
sky130B,,top_lvclamp_ff_ss_100C_1v95_1v95_1v65,3123,ciel/sky130/versions/d815bb30c9afdf9e264c276a8a2b533108dea3d0/sky130B/libs.ref/sky130_fd_io/lib/sky130_fd_io__top_lvclamp_ff_ss_100C_1v95_1v95_1v65.lib,no
sky130B,,top_lvclamp_ff_ss_100C_1v95_1v95_1v95,3123,ciel/sky130/versions/d815bb30c9afdf9e264c276a8a2b533108dea3d0/sky130B/libs.ref/sky130_fd_io/lib/sky130_fd_io__top_lvclamp_ff_ss_100C_1v95_1v95_1v95.lib,no
sky130B,,top_lvclamp_ff_ss_n40C_1v65_1v65_1v65,3123,ciel/sky130/versions/d815bb30c9afdf9e264c276a8a2b533108dea3d0/sky130B/libs.ref/sky130_fd_io/lib/sky130_fd_io__top_lvclamp_ff_ss_n40C_1v65_1v65_1v65.lib,no
sky130B,,top_lvclamp_ff_ss_n40C_1v95_1v95_1v65,3123,ciel/sky130/versions/d815bb30c9afdf9e264c276a8a2b533108dea3d0/sky130B/libs.ref/sky130_fd_io/lib/sky130_fd_io__top_lvclamp_ff_ss_n40C_1v95_1v95_1v65.lib,no
sky130B,,top_lvclamp_ff_ss_n40C_1v95_1v95_1v95,3123,ciel/sky130/versions/d815bb30c9afdf9e264c276a8a2b533108dea3d0/sky130B/libs.ref/sky130_fd_io/lib/sky130_fd_io__top_lvclamp_ff_ss_n40C_1v95_1v95_1v95.lib,no
sky130B,,top_lvclamp_ss_100C_1v40_1v65,3124,ciel/sky130/versions/d815bb30c9afdf9e264c276a8a2b533108dea3d0/sky130B/libs.ref/sky130_fd_io/lib/sky130_fd_io__top_lvclamp_ss_100C_1v40_1v65.lib,no
sky130B,,top_lvclamp_ss_100C_1v45_1v65,3136,ciel/sky130/versions/d815bb30c9afdf9e264c276a8a2b533108dea3d0/sky130B/libs.ref/sky130_fd_io/lib/sky130_fd_io__top_lvclamp_ss_100C_1v45_1v65.lib,no
sky130B,,top_lvclamp_ss_100C_1v60_1v65,3102,ciel/sky130/versions/d815bb30c9afdf9e264c276a8a2b533108dea3d0/sky130B/libs.ref/sky130_fd_io/lib/sky130_fd_io__top_lvclamp_ss_100C_1v60_1v65.lib,no
sky130B,,top_lvclamp_ss_100C_1v60_3v00,3108,ciel/sky130/versions/d815bb30c9afdf9e264c276a8a2b533108dea3d0/sky130B/libs.ref/sky130_fd_io/lib/sky130_fd_io__top_lvclamp_ss_100C_1v60_3v00.lib,no
sky130B,,top_lvclamp_ss_100C_1v60_5v50_1v65,3132,ciel/sky130/versions/d815bb30c9afdf9e264c276a8a2b533108dea3d0/sky130B/libs.ref/sky130_fd_io/lib/sky130_fd_io__top_lvclamp_ss_100C_1v60_5v50_1v65.lib,no
sky130B,,top_lvclamp_ss_100C_1v95_1v95,3094,ciel/sky130/versions/d815bb30c9afdf9e264c276a8a2b533108dea3d0/sky130B/libs.ref/sky130_fd_io/lib/sky130_fd_io__top_lvclamp_ss_100C_1v95_1v95.lib,no
sky130B,,top_lvclamp_ss_ff_100C_1v40_5v50_5v50,3123,ciel/sky130/versions/d815bb30c9afdf9e264c276a8a2b533108dea3d0/sky130B/libs.ref/sky130_fd_io/lib/sky130_fd_io__top_lvclamp_ss_ff_100C_1v40_5v50_5v50.lib,no
sky130B,,top_lvclamp_ss_ff_100C_1v60_5v50_5v50,3123,ciel/sky130/versions/d815bb30c9afdf9e264c276a8a2b533108dea3d0/sky130B/libs.ref/sky130_fd_io/lib/sky130_fd_io__top_lvclamp_ss_ff_100C_1v60_5v50_5v50.lib,no
sky130B,,top_lvclamp_ss_ff_n40C_1v35_5v50_5v50,3123,ciel/sky130/versions/d815bb30c9afdf9e264c276a8a2b533108dea3d0/sky130B/libs.ref/sky130_fd_io/lib/sky130_fd_io__top_lvclamp_ss_ff_n40C_1v35_5v50_5v50.lib,no
sky130B,,top_lvclamp_ss_ff_n40C_1v60_5v50_5v50,3123,ciel/sky130/versions/d815bb30c9afdf9e264c276a8a2b533108dea3d0/sky130B/libs.ref/sky130_fd_io/lib/sky130_fd_io__top_lvclamp_ss_ff_n40C_1v60_5v50_5v50.lib,no
sky130B,,top_lvclamp_ss_n40C_1v35_1v65_1v65,3114,ciel/sky130/versions/d815bb30c9afdf9e264c276a8a2b533108dea3d0/sky130B/libs.ref/sky130_fd_io/lib/sky130_fd_io__top_lvclamp_ss_n40C_1v35_1v65_1v65.lib,no
sky130B,,top_lvclamp_ss_n40C_1v40_1v65,3111,ciel/sky130/versions/d815bb30c9afdf9e264c276a8a2b533108dea3d0/sky130B/libs.ref/sky130_fd_io/lib/sky130_fd_io__top_lvclamp_ss_n40C_1v40_1v65.lib,no
sky130B,,top_lvclamp_ss_n40C_1v45_1v65,3123,ciel/sky130/versions/d815bb30c9afdf9e264c276a8a2b533108dea3d0/sky130B/libs.ref/sky130_fd_io/lib/sky130_fd_io__top_lvclamp_ss_n40C_1v45_1v65.lib,no
sky130B,,top_lvclamp_ss_n40C_1v60_1v65,3081,ciel/sky130/versions/d815bb30c9afdf9e264c276a8a2b533108dea3d0/sky130B/libs.ref/sky130_fd_io/lib/sky130_fd_io__top_lvclamp_ss_n40C_1v60_1v65.lib,no
sky130B,,top_lvclamp_ss_n40C_1v60_5v50_1v65,3114,ciel/sky130/versions/d815bb30c9afdf9e264c276a8a2b533108dea3d0/sky130B/libs.ref/sky130_fd_io/lib/sky130_fd_io__top_lvclamp_ss_n40C_1v60_5v50_1v65.lib,no
sky130B,,top_lvclamp_ss_n40C_1v65_1v65,3081,ciel/sky130/versions/d815bb30c9afdf9e264c276a8a2b533108dea3d0/sky130B/libs.ref/sky130_fd_io/lib/sky130_fd_io__top_lvclamp_ss_n40C_1v65_1v65.lib,no
sky130B,,top_lvclamp_ss_n40C_1v95_1v95,3081,ciel/sky130/versions/d815bb30c9afdf9e264c276a8a2b533108dea3d0/sky130B/libs.ref/sky130_fd_io/lib/sky130_fd_io__top_lvclamp_ss_n40C_1v95_1v95.lib,no
sky130B,,top_lvclamp_tt_025C_1v80_3v30,3081,ciel/sky130/versions/d815bb30c9afdf9e264c276a8a2b533108dea3d0/sky130B/libs.ref/sky130_fd_io/lib/sky130_fd_io__top_lvclamp_tt_025C_1v80_3v30.lib,no
sky130B,,top_lvclamp_tt_100C_1v80_3v30,3102,ciel/sky130/versions/d815bb30c9afdf9e264c276a8a2b533108dea3d0/sky130B/libs.ref/sky130_fd_io/lib/sky130_fd_io__top_lvclamp_tt_100C_1v80_3v30.lib,no
sky130B,,top_power_hvc_wpad_ff_100C_1v95_5v50_1v65,4796,ciel/sky130/versions/d815bb30c9afdf9e264c276a8a2b533108dea3d0/sky130B/libs.ref/sky130_fd_io/lib/sky130_fd_io__top_power_hvc_wpad_ff_100C_1v95_5v50_1v65.lib,no
sky130B,,top_power_hvc_wpad_ff_100C_1v95_5v50_5v50,4794,ciel/sky130/versions/d815bb30c9afdf9e264c276a8a2b533108dea3d0/sky130B/libs.ref/sky130_fd_io/lib/sky130_fd_io__top_power_hvc_wpad_ff_100C_1v95_5v50_5v50.lib,no
sky130B,,top_power_hvc_wpad_ff_n40C_1v95_5v50_1v65,4794,ciel/sky130/versions/d815bb30c9afdf9e264c276a8a2b533108dea3d0/sky130B/libs.ref/sky130_fd_io/lib/sky130_fd_io__top_power_hvc_wpad_ff_n40C_1v95_5v50_1v65.lib,no
sky130B,,top_power_hvc_wpad_ff_n40C_1v95_5v50_5v50,4794,ciel/sky130/versions/d815bb30c9afdf9e264c276a8a2b533108dea3d0/sky130B/libs.ref/sky130_fd_io/lib/sky130_fd_io__top_power_hvc_wpad_ff_n40C_1v95_5v50_5v50.lib,no
sky130B,,top_power_hvc_wpad_ff_ss_100C_1v65_1v65_1v65,4803,ciel/sky130/versions/d815bb30c9afdf9e264c276a8a2b533108dea3d0/sky130B/libs.ref/sky130_fd_io/lib/sky130_fd_io__top_power_hvc_wpad_ff_ss_100C_1v65_1v65_1v65.lib,no
sky130B,,top_power_hvc_wpad_ff_ss_100C_1v95_1v95_1v65,4803,ciel/sky130/versions/d815bb30c9afdf9e264c276a8a2b533108dea3d0/sky130B/libs.ref/sky130_fd_io/lib/sky130_fd_io__top_power_hvc_wpad_ff_ss_100C_1v95_1v95_1v65.lib,no
sky130B,,top_power_hvc_wpad_ff_ss_100C_1v95_1v95_1v95,4803,ciel/sky130/versions/d815bb30c9afdf9e264c276a8a2b533108dea3d0/sky130B/libs.ref/sky130_fd_io/lib/sky130_fd_io__top_power_hvc_wpad_ff_ss_100C_1v95_1v95_1v95.lib,no
sky130B,,top_power_hvc_wpad_ff_ss_100C_1v95_5v50_1v65,4803,ciel/sky130/versions/d815bb30c9afdf9e264c276a8a2b533108dea3d0/sky130B/libs.ref/sky130_fd_io/lib/sky130_fd_io__top_power_hvc_wpad_ff_ss_100C_1v95_5v50_1v65.lib,no
sky130B,,top_power_hvc_wpad_ff_ss_n40C_1v65_1v65_1v65,4801,ciel/sky130/versions/d815bb30c9afdf9e264c276a8a2b533108dea3d0/sky130B/libs.ref/sky130_fd_io/lib/sky130_fd_io__top_power_hvc_wpad_ff_ss_n40C_1v65_1v65_1v65.lib,no
sky130B,,top_power_hvc_wpad_ff_ss_n40C_1v95_1v95_1v65,4801,ciel/sky130/versions/d815bb30c9afdf9e264c276a8a2b533108dea3d0/sky130B/libs.ref/sky130_fd_io/lib/sky130_fd_io__top_power_hvc_wpad_ff_ss_n40C_1v95_1v95_1v65.lib,no
sky130B,,top_power_hvc_wpad_ff_ss_n40C_1v95_1v95_1v95,4801,ciel/sky130/versions/d815bb30c9afdf9e264c276a8a2b533108dea3d0/sky130B/libs.ref/sky130_fd_io/lib/sky130_fd_io__top_power_hvc_wpad_ff_ss_n40C_1v95_1v95_1v95.lib,no
sky130B,,top_power_hvc_wpad_ff_ss_n40C_1v95_5v50_1v65,4801,ciel/sky130/versions/d815bb30c9afdf9e264c276a8a2b533108dea3d0/sky130B/libs.ref/sky130_fd_io/lib/sky130_fd_io__top_power_hvc_wpad_ff_ss_n40C_1v95_5v50_1v65.lib,no
sky130B,,top_power_hvc_wpad_ss_100C_1v40_1v65_1v65,4795,ciel/sky130/versions/d815bb30c9afdf9e264c276a8a2b533108dea3d0/sky130B/libs.ref/sky130_fd_io/lib/sky130_fd_io__top_power_hvc_wpad_ss_100C_1v40_1v65_1v65.lib,no
sky130B,,top_power_hvc_wpad_ss_100C_1v60_1v65_1v65,4795,ciel/sky130/versions/d815bb30c9afdf9e264c276a8a2b533108dea3d0/sky130B/libs.ref/sky130_fd_io/lib/sky130_fd_io__top_power_hvc_wpad_ss_100C_1v60_1v65_1v65.lib,no
sky130B,,top_power_hvc_wpad_ss_100C_1v60_3v00_3v00,4795,ciel/sky130/versions/d815bb30c9afdf9e264c276a8a2b533108dea3d0/sky130B/libs.ref/sky130_fd_io/lib/sky130_fd_io__top_power_hvc_wpad_ss_100C_1v60_3v00_3v00.lib,no
sky130B,,top_power_hvc_wpad_ss_100C_1v60_5v50_1v65,4795,ciel/sky130/versions/d815bb30c9afdf9e264c276a8a2b533108dea3d0/sky130B/libs.ref/sky130_fd_io/lib/sky130_fd_io__top_power_hvc_wpad_ss_100C_1v60_5v50_1v65.lib,no
sky130B,,top_power_hvc_wpad_ss_ff_100C_1v40_5v50_5v50,4802,ciel/sky130/versions/d815bb30c9afdf9e264c276a8a2b533108dea3d0/sky130B/libs.ref/sky130_fd_io/lib/sky130_fd_io__top_power_hvc_wpad_ss_ff_100C_1v40_5v50_5v50.lib,no
sky130B,,top_power_hvc_wpad_ss_ff_100C_1v60_5v50_1v65,4804,ciel/sky130/versions/d815bb30c9afdf9e264c276a8a2b533108dea3d0/sky130B/libs.ref/sky130_fd_io/lib/sky130_fd_io__top_power_hvc_wpad_ss_ff_100C_1v60_5v50_1v65.lib,no
sky130B,,top_power_hvc_wpad_ss_ff_100C_1v60_5v50_5v50,4804,ciel/sky130/versions/d815bb30c9afdf9e264c276a8a2b533108dea3d0/sky130B/libs.ref/sky130_fd_io/lib/sky130_fd_io__top_power_hvc_wpad_ss_ff_100C_1v60_5v50_5v50.lib,no
sky130B,,top_power_hvc_wpad_ss_ff_n40C_1v35_5v50_5v50,4802,ciel/sky130/versions/d815bb30c9afdf9e264c276a8a2b533108dea3d0/sky130B/libs.ref/sky130_fd_io/lib/sky130_fd_io__top_power_hvc_wpad_ss_ff_n40C_1v35_5v50_5v50.lib,no
sky130B,,top_power_hvc_wpad_ss_ff_n40C_1v60_5v50_1v65,4802,ciel/sky130/versions/d815bb30c9afdf9e264c276a8a2b533108dea3d0/sky130B/libs.ref/sky130_fd_io/lib/sky130_fd_io__top_power_hvc_wpad_ss_ff_n40C_1v60_5v50_1v65.lib,no
sky130B,,top_power_hvc_wpad_ss_ff_n40C_1v60_5v50_5v50,4802,ciel/sky130/versions/d815bb30c9afdf9e264c276a8a2b533108dea3d0/sky130B/libs.ref/sky130_fd_io/lib/sky130_fd_io__top_power_hvc_wpad_ss_ff_n40C_1v60_5v50_5v50.lib,no
sky130B,,top_power_hvc_wpad_ss_n40C_1v35_1v65_1v65,4793,ciel/sky130/versions/d815bb30c9afdf9e264c276a8a2b533108dea3d0/sky130B/libs.ref/sky130_fd_io/lib/sky130_fd_io__top_power_hvc_wpad_ss_n40C_1v35_1v65_1v65.lib,no
sky130B,,top_power_hvc_wpad_ss_n40C_1v40_1v65_1v65,4793,ciel/sky130/versions/d815bb30c9afdf9e264c276a8a2b533108dea3d0/sky130B/libs.ref/sky130_fd_io/lib/sky130_fd_io__top_power_hvc_wpad_ss_n40C_1v40_1v65_1v65.lib,no
sky130B,,top_power_hvc_wpad_ss_n40C_1v60_1v65_1v65,4793,ciel/sky130/versions/d815bb30c9afdf9e264c276a8a2b533108dea3d0/sky130B/libs.ref/sky130_fd_io/lib/sky130_fd_io__top_power_hvc_wpad_ss_n40C_1v60_1v65_1v65.lib,no
sky130B,,top_power_hvc_wpad_ss_n40C_1v60_5v50_1v65,4793,ciel/sky130/versions/d815bb30c9afdf9e264c276a8a2b533108dea3d0/sky130B/libs.ref/sky130_fd_io/lib/sky130_fd_io__top_power_hvc_wpad_ss_n40C_1v60_5v50_1v65.lib,no
sky130B,,top_power_hvc_wpad_tt_025C_1v80_3v30_3v30,4790,ciel/sky130/versions/d815bb30c9afdf9e264c276a8a2b533108dea3d0/sky130B/libs.ref/sky130_fd_io/lib/sky130_fd_io__top_power_hvc_wpad_tt_025C_1v80_3v30_3v30.lib,no
sky130B,,top_power_lvc_wpad_ff_100C_1v95_5v50_1v65,5164,ciel/sky130/versions/d815bb30c9afdf9e264c276a8a2b533108dea3d0/sky130B/libs.ref/sky130_fd_io/lib/sky130_fd_io__top_power_lvc_wpad_ff_100C_1v95_5v50_1v65.lib,no
sky130B,,top_power_lvc_wpad_ff_100C_1v95_5v50_5v50,5163,ciel/sky130/versions/d815bb30c9afdf9e264c276a8a2b533108dea3d0/sky130B/libs.ref/sky130_fd_io/lib/sky130_fd_io__top_power_lvc_wpad_ff_100C_1v95_5v50_5v50.lib,no
sky130B,,top_power_lvc_wpad_ff_n40C_1v95_5v50_1v65,5162,ciel/sky130/versions/d815bb30c9afdf9e264c276a8a2b533108dea3d0/sky130B/libs.ref/sky130_fd_io/lib/sky130_fd_io__top_power_lvc_wpad_ff_n40C_1v95_5v50_1v65.lib,no
sky130B,,top_power_lvc_wpad_ff_n40C_1v95_5v50_5v50,5162,ciel/sky130/versions/d815bb30c9afdf9e264c276a8a2b533108dea3d0/sky130B/libs.ref/sky130_fd_io/lib/sky130_fd_io__top_power_lvc_wpad_ff_n40C_1v95_5v50_5v50.lib,no
sky130B,,top_power_lvc_wpad_ff_ss_100C_1v65_1v65_1v65,5170,ciel/sky130/versions/d815bb30c9afdf9e264c276a8a2b533108dea3d0/sky130B/libs.ref/sky130_fd_io/lib/sky130_fd_io__top_power_lvc_wpad_ff_ss_100C_1v65_1v65_1v65.lib,no
sky130B,,top_power_lvc_wpad_ff_ss_100C_1v95_1v95_1v65,5170,ciel/sky130/versions/d815bb30c9afdf9e264c276a8a2b533108dea3d0/sky130B/libs.ref/sky130_fd_io/lib/sky130_fd_io__top_power_lvc_wpad_ff_ss_100C_1v95_1v95_1v65.lib,no
sky130B,,top_power_lvc_wpad_ff_ss_100C_1v95_1v95_1v95,5170,ciel/sky130/versions/d815bb30c9afdf9e264c276a8a2b533108dea3d0/sky130B/libs.ref/sky130_fd_io/lib/sky130_fd_io__top_power_lvc_wpad_ff_ss_100C_1v95_1v95_1v95.lib,no
sky130B,,top_power_lvc_wpad_ff_ss_100C_1v95_5v50_1v65,5170,ciel/sky130/versions/d815bb30c9afdf9e264c276a8a2b533108dea3d0/sky130B/libs.ref/sky130_fd_io/lib/sky130_fd_io__top_power_lvc_wpad_ff_ss_100C_1v95_5v50_1v65.lib,no
sky130B,,top_power_lvc_wpad_ff_ss_n40C_1v65_1v65_1v65,5169,ciel/sky130/versions/d815bb30c9afdf9e264c276a8a2b533108dea3d0/sky130B/libs.ref/sky130_fd_io/lib/sky130_fd_io__top_power_lvc_wpad_ff_ss_n40C_1v65_1v65_1v65.lib,no
sky130B,,top_power_lvc_wpad_ff_ss_n40C_1v95_1v95_1v65,5169,ciel/sky130/versions/d815bb30c9afdf9e264c276a8a2b533108dea3d0/sky130B/libs.ref/sky130_fd_io/lib/sky130_fd_io__top_power_lvc_wpad_ff_ss_n40C_1v95_1v95_1v65.lib,no
sky130B,,top_power_lvc_wpad_ff_ss_n40C_1v95_1v95_1v95,5169,ciel/sky130/versions/d815bb30c9afdf9e264c276a8a2b533108dea3d0/sky130B/libs.ref/sky130_fd_io/lib/sky130_fd_io__top_power_lvc_wpad_ff_ss_n40C_1v95_1v95_1v95.lib,no
sky130B,,top_power_lvc_wpad_ff_ss_n40C_1v95_5v50_1v65,5169,ciel/sky130/versions/d815bb30c9afdf9e264c276a8a2b533108dea3d0/sky130B/libs.ref/sky130_fd_io/lib/sky130_fd_io__top_power_lvc_wpad_ff_ss_n40C_1v95_5v50_1v65.lib,no
sky130B,,top_power_lvc_wpad_ss_100C_1v40_1v65_1v65,5163,ciel/sky130/versions/d815bb30c9afdf9e264c276a8a2b533108dea3d0/sky130B/libs.ref/sky130_fd_io/lib/sky130_fd_io__top_power_lvc_wpad_ss_100C_1v40_1v65_1v65.lib,no
sky130B,,top_power_lvc_wpad_ss_100C_1v60_1v65_1v65,5163,ciel/sky130/versions/d815bb30c9afdf9e264c276a8a2b533108dea3d0/sky130B/libs.ref/sky130_fd_io/lib/sky130_fd_io__top_power_lvc_wpad_ss_100C_1v60_1v65_1v65.lib,no
sky130B,,top_power_lvc_wpad_ss_100C_1v60_3v00_3v00,5163,ciel/sky130/versions/d815bb30c9afdf9e264c276a8a2b533108dea3d0/sky130B/libs.ref/sky130_fd_io/lib/sky130_fd_io__top_power_lvc_wpad_ss_100C_1v60_3v00_3v00.lib,no
sky130B,,top_power_lvc_wpad_ss_100C_1v60_5v50_1v65,5163,ciel/sky130/versions/d815bb30c9afdf9e264c276a8a2b533108dea3d0/sky130B/libs.ref/sky130_fd_io/lib/sky130_fd_io__top_power_lvc_wpad_ss_100C_1v60_5v50_1v65.lib,no
sky130B,,top_power_lvc_wpad_ss_ff_100C_1v40_5v50_5v50,5168,ciel/sky130/versions/d815bb30c9afdf9e264c276a8a2b533108dea3d0/sky130B/libs.ref/sky130_fd_io/lib/sky130_fd_io__top_power_lvc_wpad_ss_ff_100C_1v40_5v50_5v50.lib,no
sky130B,,top_power_lvc_wpad_ss_ff_100C_1v60_5v50_1v65,5171,ciel/sky130/versions/d815bb30c9afdf9e264c276a8a2b533108dea3d0/sky130B/libs.ref/sky130_fd_io/lib/sky130_fd_io__top_power_lvc_wpad_ss_ff_100C_1v60_5v50_1v65.lib,no
sky130B,,top_power_lvc_wpad_ss_ff_100C_1v60_5v50_5v50,5171,ciel/sky130/versions/d815bb30c9afdf9e264c276a8a2b533108dea3d0/sky130B/libs.ref/sky130_fd_io/lib/sky130_fd_io__top_power_lvc_wpad_ss_ff_100C_1v60_5v50_5v50.lib,no
sky130B,,top_power_lvc_wpad_ss_ff_n40C_1v35_5v50_5v50,5168,ciel/sky130/versions/d815bb30c9afdf9e264c276a8a2b533108dea3d0/sky130B/libs.ref/sky130_fd_io/lib/sky130_fd_io__top_power_lvc_wpad_ss_ff_n40C_1v35_5v50_5v50.lib,no
sky130B,,top_power_lvc_wpad_ss_ff_n40C_1v60_5v50_1v65,5169,ciel/sky130/versions/d815bb30c9afdf9e264c276a8a2b533108dea3d0/sky130B/libs.ref/sky130_fd_io/lib/sky130_fd_io__top_power_lvc_wpad_ss_ff_n40C_1v60_5v50_1v65.lib,no
sky130B,,top_power_lvc_wpad_ss_ff_n40C_1v60_5v50_5v50,5169,ciel/sky130/versions/d815bb30c9afdf9e264c276a8a2b533108dea3d0/sky130B/libs.ref/sky130_fd_io/lib/sky130_fd_io__top_power_lvc_wpad_ss_ff_n40C_1v60_5v50_5v50.lib,no
sky130B,,top_power_lvc_wpad_ss_n40C_1v35_1v65_1v65,5162,ciel/sky130/versions/d815bb30c9afdf9e264c276a8a2b533108dea3d0/sky130B/libs.ref/sky130_fd_io/lib/sky130_fd_io__top_power_lvc_wpad_ss_n40C_1v35_1v65_1v65.lib,no
sky130B,,top_power_lvc_wpad_ss_n40C_1v40_1v65_1v65,5162,ciel/sky130/versions/d815bb30c9afdf9e264c276a8a2b533108dea3d0/sky130B/libs.ref/sky130_fd_io/lib/sky130_fd_io__top_power_lvc_wpad_ss_n40C_1v40_1v65_1v65.lib,no
sky130B,,top_power_lvc_wpad_ss_n40C_1v60_1v65_1v65,5162,ciel/sky130/versions/d815bb30c9afdf9e264c276a8a2b533108dea3d0/sky130B/libs.ref/sky130_fd_io/lib/sky130_fd_io__top_power_lvc_wpad_ss_n40C_1v60_1v65_1v65.lib,no
sky130B,,top_power_lvc_wpad_ss_n40C_1v60_5v50_1v65,5162,ciel/sky130/versions/d815bb30c9afdf9e264c276a8a2b533108dea3d0/sky130B/libs.ref/sky130_fd_io/lib/sky130_fd_io__top_power_lvc_wpad_ss_n40C_1v60_5v50_1v65.lib,no
sky130B,,top_power_lvc_wpad_tt_025C_1v80_3v30_3v30,5162,ciel/sky130/versions/d815bb30c9afdf9e264c276a8a2b533108dea3d0/sky130B/libs.ref/sky130_fd_io/lib/sky130_fd_io__top_power_lvc_wpad_tt_025C_1v80_3v30_3v30.lib,no
sky130B,,top_pwrdetv2_ff_100C_1v95_5v50_1v65,40341,ciel/sky130/versions/d815bb30c9afdf9e264c276a8a2b533108dea3d0/sky130B/libs.ref/sky130_fd_io/lib/sky130_fd_io__top_pwrdetv2_ff_100C_1v95_5v50_1v65.lib,no
sky130B,,top_pwrdetv2_ff_100C_1v95_5v50_5v50,40276,ciel/sky130/versions/d815bb30c9afdf9e264c276a8a2b533108dea3d0/sky130B/libs.ref/sky130_fd_io/lib/sky130_fd_io__top_pwrdetv2_ff_100C_1v95_5v50_5v50.lib,no
sky130B,,top_pwrdetv2_ff_n40C_1v95_5v50_1v65,40288,ciel/sky130/versions/d815bb30c9afdf9e264c276a8a2b533108dea3d0/sky130B/libs.ref/sky130_fd_io/lib/sky130_fd_io__top_pwrdetv2_ff_n40C_1v95_5v50_1v65.lib,no
sky130B,,top_pwrdetv2_ff_n40C_1v95_5v50_5v50,269263,ciel/sky130/versions/d815bb30c9afdf9e264c276a8a2b533108dea3d0/sky130B/libs.ref/sky130_fd_io/lib/sky130_fd_io__top_pwrdetv2_ff_n40C_1v95_5v50_5v50.lib,no
sky130B,,top_pwrdetv2_ff_ss_100C_1v95_1v95_1v65,40420,ciel/sky130/versions/d815bb30c9afdf9e264c276a8a2b533108dea3d0/sky130B/libs.ref/sky130_fd_io/lib/sky130_fd_io__top_pwrdetv2_ff_ss_100C_1v95_1v95_1v65.lib,no
sky130B,,top_pwrdetv2_ff_ss_100C_1v95_1v95_1v95,40519,ciel/sky130/versions/d815bb30c9afdf9e264c276a8a2b533108dea3d0/sky130B/libs.ref/sky130_fd_io/lib/sky130_fd_io__top_pwrdetv2_ff_ss_100C_1v95_1v95_1v95.lib,no
sky130B,,top_pwrdetv2_ff_ss_100C_1v95_5v50_1v65,40516,ciel/sky130/versions/d815bb30c9afdf9e264c276a8a2b533108dea3d0/sky130B/libs.ref/sky130_fd_io/lib/sky130_fd_io__top_pwrdetv2_ff_ss_100C_1v95_5v50_1v65.lib,no
sky130B,,top_pwrdetv2_ff_ss_n40C_1v95_1v95_1v65,40408,ciel/sky130/versions/d815bb30c9afdf9e264c276a8a2b533108dea3d0/sky130B/libs.ref/sky130_fd_io/lib/sky130_fd_io__top_pwrdetv2_ff_ss_n40C_1v95_1v95_1v65.lib,no
sky130B,,top_pwrdetv2_ff_ss_n40C_1v95_1v95_1v95,40499,ciel/sky130/versions/d815bb30c9afdf9e264c276a8a2b533108dea3d0/sky130B/libs.ref/sky130_fd_io/lib/sky130_fd_io__top_pwrdetv2_ff_ss_n40C_1v95_1v95_1v95.lib,no
sky130B,,top_pwrdetv2_ff_ss_n40C_1v95_5v50_1v65,40527,ciel/sky130/versions/d815bb30c9afdf9e264c276a8a2b533108dea3d0/sky130B/libs.ref/sky130_fd_io/lib/sky130_fd_io__top_pwrdetv2_ff_ss_n40C_1v95_5v50_1v65.lib,no
sky130B,,top_pwrdetv2_ss_100C_1v60_1v65_1v65,40482,ciel/sky130/versions/d815bb30c9afdf9e264c276a8a2b533108dea3d0/sky130B/libs.ref/sky130_fd_io/lib/sky130_fd_io__top_pwrdetv2_ss_100C_1v60_1v65_1v65.lib,no
sky130B,,top_pwrdetv2_ss_100C_1v60_3v00_3v00,40327,ciel/sky130/versions/d815bb30c9afdf9e264c276a8a2b533108dea3d0/sky130B/libs.ref/sky130_fd_io/lib/sky130_fd_io__top_pwrdetv2_ss_100C_1v60_3v00_3v00.lib,no
sky130B,,top_pwrdetv2_ss_100C_1v60_5v50_1v65,40525,ciel/sky130/versions/d815bb30c9afdf9e264c276a8a2b533108dea3d0/sky130B/libs.ref/sky130_fd_io/lib/sky130_fd_io__top_pwrdetv2_ss_100C_1v60_5v50_1v65.lib,no
sky130B,,top_pwrdetv2_ss_ff_100C_1v60_5v50_1v65,40332,ciel/sky130/versions/d815bb30c9afdf9e264c276a8a2b533108dea3d0/sky130B/libs.ref/sky130_fd_io/lib/sky130_fd_io__top_pwrdetv2_ss_ff_100C_1v60_5v50_1v65.lib,no
sky130B,,top_pwrdetv2_ss_ff_n40C_1v60_5v50_1v65,40297,ciel/sky130/versions/d815bb30c9afdf9e264c276a8a2b533108dea3d0/sky130B/libs.ref/sky130_fd_io/lib/sky130_fd_io__top_pwrdetv2_ss_ff_n40C_1v60_5v50_1v65.lib,no
sky130B,,top_pwrdetv2_ss_n40C_1v60_1v65_1v65,286944,ciel/sky130/versions/d815bb30c9afdf9e264c276a8a2b533108dea3d0/sky130B/libs.ref/sky130_fd_io/lib/sky130_fd_io__top_pwrdetv2_ss_n40C_1v60_1v65_1v65.lib,no
sky130B,,top_pwrdetv2_ss_n40C_1v60_5v50_1v65,40518,ciel/sky130/versions/d815bb30c9afdf9e264c276a8a2b533108dea3d0/sky130B/libs.ref/sky130_fd_io/lib/sky130_fd_io__top_pwrdetv2_ss_n40C_1v60_5v50_1v65.lib,no
sky130B,,top_pwrdetv2_tt_025C_1v80_3v30_3v30,40056,ciel/sky130/versions/d815bb30c9afdf9e264c276a8a2b533108dea3d0/sky130B/libs.ref/sky130_fd_io/lib/sky130_fd_io__top_pwrdetv2_tt_025C_1v80_3v30_3v30.lib,no
sky130B,,top_sio_macro_ff_100C_1v95_5v50,1355398,ciel/sky130/versions/d815bb30c9afdf9e264c276a8a2b533108dea3d0/sky130B/libs.ref/sky130_fd_io/lib/sky130_fd_io__top_sio_macro_ff_100C_1v95_5v50.lib,no
sky130B,,top_sio_macro_ff_n40C_1v95_5v50,1358005,ciel/sky130/versions/d815bb30c9afdf9e264c276a8a2b533108dea3d0/sky130B/libs.ref/sky130_fd_io/lib/sky130_fd_io__top_sio_macro_ff_n40C_1v95_5v50.lib,no
sky130B,,top_sio_macro_ff_ss_100C_1v65_1v65,1368586,ciel/sky130/versions/d815bb30c9afdf9e264c276a8a2b533108dea3d0/sky130B/libs.ref/sky130_fd_io/lib/sky130_fd_io__top_sio_macro_ff_ss_100C_1v65_1v65.lib,no
sky130B,,top_sio_macro_ff_ss_100C_1v95_1v65,1368432,ciel/sky130/versions/d815bb30c9afdf9e264c276a8a2b533108dea3d0/sky130B/libs.ref/sky130_fd_io/lib/sky130_fd_io__top_sio_macro_ff_ss_100C_1v95_1v65.lib,no
sky130B,,top_sio_macro_ff_ss_100C_1v95_1v95,1366440,ciel/sky130/versions/d815bb30c9afdf9e264c276a8a2b533108dea3d0/sky130B/libs.ref/sky130_fd_io/lib/sky130_fd_io__top_sio_macro_ff_ss_100C_1v95_1v95.lib,no
sky130B,,top_sio_macro_ff_ss_n40C_1v65_1v65,1368770,ciel/sky130/versions/d815bb30c9afdf9e264c276a8a2b533108dea3d0/sky130B/libs.ref/sky130_fd_io/lib/sky130_fd_io__top_sio_macro_ff_ss_n40C_1v65_1v65.lib,no
sky130B,,top_sio_macro_ff_ss_n40C_1v95_1v65,1368892,ciel/sky130/versions/d815bb30c9afdf9e264c276a8a2b533108dea3d0/sky130B/libs.ref/sky130_fd_io/lib/sky130_fd_io__top_sio_macro_ff_ss_n40C_1v95_1v65.lib,no
sky130B,,top_sio_macro_ff_ss_n40C_1v95_1v95,1366084,ciel/sky130/versions/d815bb30c9afdf9e264c276a8a2b533108dea3d0/sky130B/libs.ref/sky130_fd_io/lib/sky130_fd_io__top_sio_macro_ff_ss_n40C_1v95_1v95.lib,no
sky130B,,top_sio_macro_ss_100C_1v40_1v65,1385192,ciel/sky130/versions/d815bb30c9afdf9e264c276a8a2b533108dea3d0/sky130B/libs.ref/sky130_fd_io/lib/sky130_fd_io__top_sio_macro_ss_100C_1v40_1v65.lib,no
sky130B,,top_sio_macro_ss_100C_1v45_1v65,1373277,ciel/sky130/versions/d815bb30c9afdf9e264c276a8a2b533108dea3d0/sky130B/libs.ref/sky130_fd_io/lib/sky130_fd_io__top_sio_macro_ss_100C_1v45_1v65.lib,no
sky130B,,top_sio_macro_ss_100C_1v60_1v65,1379521,ciel/sky130/versions/d815bb30c9afdf9e264c276a8a2b533108dea3d0/sky130B/libs.ref/sky130_fd_io/lib/sky130_fd_io__top_sio_macro_ss_100C_1v60_1v65.lib,no
sky130B,,top_sio_macro_ss_100C_1v60_3v00,1372297,ciel/sky130/versions/d815bb30c9afdf9e264c276a8a2b533108dea3d0/sky130B/libs.ref/sky130_fd_io/lib/sky130_fd_io__top_sio_macro_ss_100C_1v60_3v00.lib,no
sky130B,,top_sio_macro_ss_ff_100C_1v40_5v50,1379042,ciel/sky130/versions/d815bb30c9afdf9e264c276a8a2b533108dea3d0/sky130B/libs.ref/sky130_fd_io/lib/sky130_fd_io__top_sio_macro_ss_ff_100C_1v40_5v50.lib,no
sky130B,,top_sio_macro_ss_ff_100C_1v60_5v50,1363932,ciel/sky130/versions/d815bb30c9afdf9e264c276a8a2b533108dea3d0/sky130B/libs.ref/sky130_fd_io/lib/sky130_fd_io__top_sio_macro_ss_ff_100C_1v60_5v50.lib,no
sky130B,,top_sio_macro_ss_ff_n40C_1v35_5v50,1378926,ciel/sky130/versions/d815bb30c9afdf9e264c276a8a2b533108dea3d0/sky130B/libs.ref/sky130_fd_io/lib/sky130_fd_io__top_sio_macro_ss_ff_n40C_1v35_5v50.lib,no
sky130B,,top_sio_macro_ss_ff_n40C_1v60_5v50,1364000,ciel/sky130/versions/d815bb30c9afdf9e264c276a8a2b533108dea3d0/sky130B/libs.ref/sky130_fd_io/lib/sky130_fd_io__top_sio_macro_ss_ff_n40C_1v60_5v50.lib,no
sky130B,,top_sio_macro_ss_n40C_1v35_1v65,1395993,ciel/sky130/versions/d815bb30c9afdf9e264c276a8a2b533108dea3d0/sky130B/libs.ref/sky130_fd_io/lib/sky130_fd_io__top_sio_macro_ss_n40C_1v35_1v65.lib,no
sky130B,,top_sio_macro_ss_n40C_1v40_1v65,1396979,ciel/sky130/versions/d815bb30c9afdf9e264c276a8a2b533108dea3d0/sky130B/libs.ref/sky130_fd_io/lib/sky130_fd_io__top_sio_macro_ss_n40C_1v40_1v65.lib,no
sky130B,,top_sio_macro_ss_n40C_1v45_1v65,1380270,ciel/sky130/versions/d815bb30c9afdf9e264c276a8a2b533108dea3d0/sky130B/libs.ref/sky130_fd_io/lib/sky130_fd_io__top_sio_macro_ss_n40C_1v45_1v65.lib,no
sky130B,,top_sio_macro_ss_n40C_1v60_1v65,1382735,ciel/sky130/versions/d815bb30c9afdf9e264c276a8a2b533108dea3d0/sky130B/libs.ref/sky130_fd_io/lib/sky130_fd_io__top_sio_macro_ss_n40C_1v60_1v65.lib,no
sky130B,,top_sio_macro_tt_025C_1v80_3v30,1357278,ciel/sky130/versions/d815bb30c9afdf9e264c276a8a2b533108dea3d0/sky130B/libs.ref/sky130_fd_io/lib/sky130_fd_io__top_sio_macro_tt_025C_1v80_3v30.lib,no
sky130B,,top_sio_macro_tt_100C_1v80_3v30,1344938,ciel/sky130/versions/d815bb30c9afdf9e264c276a8a2b533108dea3d0/sky130B/libs.ref/sky130_fd_io/lib/sky130_fd_io__top_sio_macro_tt_100C_1v80_3v30.lib,no
sky130B,,top_vrefcapv2_ff_ff_100C_1v95_1v65,4468,ciel/sky130/versions/d815bb30c9afdf9e264c276a8a2b533108dea3d0/sky130B/libs.ref/sky130_fd_io/lib/sky130_fd_io__top_vrefcapv2_ff_ff_100C_1v95_1v65.lib,no
sky130B,,top_vrefcapv2_ff_ff_100C_1v95_5v50,4468,ciel/sky130/versions/d815bb30c9afdf9e264c276a8a2b533108dea3d0/sky130B/libs.ref/sky130_fd_io/lib/sky130_fd_io__top_vrefcapv2_ff_ff_100C_1v95_5v50.lib,no
sky130B,,top_vrefcapv2_ff_ff_n40C_1v95_1v65,4468,ciel/sky130/versions/d815bb30c9afdf9e264c276a8a2b533108dea3d0/sky130B/libs.ref/sky130_fd_io/lib/sky130_fd_io__top_vrefcapv2_ff_ff_n40C_1v95_1v65.lib,no
sky130B,,top_vrefcapv2_ff_ff_n40C_1v95_5v50,4468,ciel/sky130/versions/d815bb30c9afdf9e264c276a8a2b533108dea3d0/sky130B/libs.ref/sky130_fd_io/lib/sky130_fd_io__top_vrefcapv2_ff_ff_n40C_1v95_5v50.lib,no
sky130B,,top_vrefcapv2_ff_ss_100C_1v65_1v65,4468,ciel/sky130/versions/d815bb30c9afdf9e264c276a8a2b533108dea3d0/sky130B/libs.ref/sky130_fd_io/lib/sky130_fd_io__top_vrefcapv2_ff_ss_100C_1v65_1v65.lib,no
sky130B,,top_vrefcapv2_ff_ss_100C_1v95_1v65,4468,ciel/sky130/versions/d815bb30c9afdf9e264c276a8a2b533108dea3d0/sky130B/libs.ref/sky130_fd_io/lib/sky130_fd_io__top_vrefcapv2_ff_ss_100C_1v95_1v65.lib,no
sky130B,,top_vrefcapv2_ff_ss_100C_1v95_1v95,4468,ciel/sky130/versions/d815bb30c9afdf9e264c276a8a2b533108dea3d0/sky130B/libs.ref/sky130_fd_io/lib/sky130_fd_io__top_vrefcapv2_ff_ss_100C_1v95_1v95.lib,no
sky130B,,top_vrefcapv2_ff_ss_n40C_1v65_1v65,4468,ciel/sky130/versions/d815bb30c9afdf9e264c276a8a2b533108dea3d0/sky130B/libs.ref/sky130_fd_io/lib/sky130_fd_io__top_vrefcapv2_ff_ss_n40C_1v65_1v65.lib,no
sky130B,,top_vrefcapv2_ff_ss_n40C_1v95_1v65,4468,ciel/sky130/versions/d815bb30c9afdf9e264c276a8a2b533108dea3d0/sky130B/libs.ref/sky130_fd_io/lib/sky130_fd_io__top_vrefcapv2_ff_ss_n40C_1v95_1v65.lib,no
sky130B,,top_vrefcapv2_ff_ss_n40C_1v95_1v95,4468,ciel/sky130/versions/d815bb30c9afdf9e264c276a8a2b533108dea3d0/sky130B/libs.ref/sky130_fd_io/lib/sky130_fd_io__top_vrefcapv2_ff_ss_n40C_1v95_1v95.lib,no
sky130B,,top_vrefcapv2_ss_ff_100C_1v40_5v50,4468,ciel/sky130/versions/d815bb30c9afdf9e264c276a8a2b533108dea3d0/sky130B/libs.ref/sky130_fd_io/lib/sky130_fd_io__top_vrefcapv2_ss_ff_100C_1v40_5v50.lib,no
sky130B,,top_vrefcapv2_ss_ff_100C_1v60_1v65,4468,ciel/sky130/versions/d815bb30c9afdf9e264c276a8a2b533108dea3d0/sky130B/libs.ref/sky130_fd_io/lib/sky130_fd_io__top_vrefcapv2_ss_ff_100C_1v60_1v65.lib,no
sky130B,,top_vrefcapv2_ss_ff_100C_1v60_5v50,4468,ciel/sky130/versions/d815bb30c9afdf9e264c276a8a2b533108dea3d0/sky130B/libs.ref/sky130_fd_io/lib/sky130_fd_io__top_vrefcapv2_ss_ff_100C_1v60_5v50.lib,no
sky130B,,top_vrefcapv2_ss_ff_n40C_1v35_5v50,4468,ciel/sky130/versions/d815bb30c9afdf9e264c276a8a2b533108dea3d0/sky130B/libs.ref/sky130_fd_io/lib/sky130_fd_io__top_vrefcapv2_ss_ff_n40C_1v35_5v50.lib,no
sky130B,,top_vrefcapv2_ss_ff_n40C_1v60_1v65,4468,ciel/sky130/versions/d815bb30c9afdf9e264c276a8a2b533108dea3d0/sky130B/libs.ref/sky130_fd_io/lib/sky130_fd_io__top_vrefcapv2_ss_ff_n40C_1v60_1v65.lib,no
sky130B,,top_vrefcapv2_ss_ff_n40C_1v60_5v50,4468,ciel/sky130/versions/d815bb30c9afdf9e264c276a8a2b533108dea3d0/sky130B/libs.ref/sky130_fd_io/lib/sky130_fd_io__top_vrefcapv2_ss_ff_n40C_1v60_5v50.lib,no
sky130B,,top_vrefcapv2_ss_ss_100C_1v40_1v65,4468,ciel/sky130/versions/d815bb30c9afdf9e264c276a8a2b533108dea3d0/sky130B/libs.ref/sky130_fd_io/lib/sky130_fd_io__top_vrefcapv2_ss_ss_100C_1v40_1v65.lib,no
sky130B,,top_vrefcapv2_ss_ss_100C_1v60_1v65,4468,ciel/sky130/versions/d815bb30c9afdf9e264c276a8a2b533108dea3d0/sky130B/libs.ref/sky130_fd_io/lib/sky130_fd_io__top_vrefcapv2_ss_ss_100C_1v60_1v65.lib,no
sky130B,,top_vrefcapv2_ss_ss_100C_1v60_3v00,4468,ciel/sky130/versions/d815bb30c9afdf9e264c276a8a2b533108dea3d0/sky130B/libs.ref/sky130_fd_io/lib/sky130_fd_io__top_vrefcapv2_ss_ss_100C_1v60_3v00.lib,no
sky130B,,top_vrefcapv2_ss_ss_n40C_1v35_1v65,4468,ciel/sky130/versions/d815bb30c9afdf9e264c276a8a2b533108dea3d0/sky130B/libs.ref/sky130_fd_io/lib/sky130_fd_io__top_vrefcapv2_ss_ss_n40C_1v35_1v65.lib,no
sky130B,,top_vrefcapv2_ss_ss_n40C_1v40_1v65,4468,ciel/sky130/versions/d815bb30c9afdf9e264c276a8a2b533108dea3d0/sky130B/libs.ref/sky130_fd_io/lib/sky130_fd_io__top_vrefcapv2_ss_ss_n40C_1v40_1v65.lib,no
sky130B,,top_vrefcapv2_ss_ss_n40C_1v60_1v65,4468,ciel/sky130/versions/d815bb30c9afdf9e264c276a8a2b533108dea3d0/sky130B/libs.ref/sky130_fd_io/lib/sky130_fd_io__top_vrefcapv2_ss_ss_n40C_1v60_1v65.lib,no
sky130B,,top_vrefcapv2_tt_tt_025C_1v80_3v30,4468,ciel/sky130/versions/d815bb30c9afdf9e264c276a8a2b533108dea3d0/sky130B/libs.ref/sky130_fd_io/lib/sky130_fd_io__top_vrefcapv2_tt_tt_025C_1v80_3v30.lib,no
sky130B,,top_xres4v2_ff_ff_100C_1v95_5v50,44260,ciel/sky130/versions/d815bb30c9afdf9e264c276a8a2b533108dea3d0/sky130B/libs.ref/sky130_fd_io/lib/sky130_fd_io__top_xres4v2_ff_ff_100C_1v95_5v50.lib,no
sky130B,,top_xres4v2_ff_ff_n40C_1v95_5v50,171418,ciel/sky130/versions/d815bb30c9afdf9e264c276a8a2b533108dea3d0/sky130B/libs.ref/sky130_fd_io/lib/sky130_fd_io__top_xres4v2_ff_ff_n40C_1v95_5v50.lib,no
sky130B,,top_xres4v2_ff_ss_100C_1v65_1v65,43785,ciel/sky130/versions/d815bb30c9afdf9e264c276a8a2b533108dea3d0/sky130B/libs.ref/sky130_fd_io/lib/sky130_fd_io__top_xres4v2_ff_ss_100C_1v65_1v65.lib,no
sky130B,,top_xres4v2_ff_ss_100C_1v95_1v65,44804,ciel/sky130/versions/d815bb30c9afdf9e264c276a8a2b533108dea3d0/sky130B/libs.ref/sky130_fd_io/lib/sky130_fd_io__top_xres4v2_ff_ss_100C_1v95_1v65.lib,no
sky130B,,top_xres4v2_ff_ss_100C_1v95_1v95,43771,ciel/sky130/versions/d815bb30c9afdf9e264c276a8a2b533108dea3d0/sky130B/libs.ref/sky130_fd_io/lib/sky130_fd_io__top_xres4v2_ff_ss_100C_1v95_1v95.lib,no
sky130B,,top_xres4v2_ff_ss_n40C_1v65_1v65,43791,ciel/sky130/versions/d815bb30c9afdf9e264c276a8a2b533108dea3d0/sky130B/libs.ref/sky130_fd_io/lib/sky130_fd_io__top_xres4v2_ff_ss_n40C_1v65_1v65.lib,no
sky130B,,top_xres4v2_ff_ss_n40C_1v95_1v65,44835,ciel/sky130/versions/d815bb30c9afdf9e264c276a8a2b533108dea3d0/sky130B/libs.ref/sky130_fd_io/lib/sky130_fd_io__top_xres4v2_ff_ss_n40C_1v95_1v65.lib,no
sky130B,,top_xres4v2_ff_ss_n40C_1v95_1v95,43713,ciel/sky130/versions/d815bb30c9afdf9e264c276a8a2b533108dea3d0/sky130B/libs.ref/sky130_fd_io/lib/sky130_fd_io__top_xres4v2_ff_ss_n40C_1v95_1v95.lib,no
sky130B,,top_xres4v2_ss_ff_100C_1v40_5v50,44313,ciel/sky130/versions/d815bb30c9afdf9e264c276a8a2b533108dea3d0/sky130B/libs.ref/sky130_fd_io/lib/sky130_fd_io__top_xres4v2_ss_ff_100C_1v40_5v50.lib,no
sky130B,,top_xres4v2_ss_ff_100C_1v60_5v50,44270,ciel/sky130/versions/d815bb30c9afdf9e264c276a8a2b533108dea3d0/sky130B/libs.ref/sky130_fd_io/lib/sky130_fd_io__top_xres4v2_ss_ff_100C_1v60_5v50.lib,no
sky130B,,top_xres4v2_ss_ff_n40C_1v35_5v50,44270,ciel/sky130/versions/d815bb30c9afdf9e264c276a8a2b533108dea3d0/sky130B/libs.ref/sky130_fd_io/lib/sky130_fd_io__top_xres4v2_ss_ff_n40C_1v35_5v50.lib,no
sky130B,,top_xres4v2_ss_ff_n40C_1v60_5v50,44262,ciel/sky130/versions/d815bb30c9afdf9e264c276a8a2b533108dea3d0/sky130B/libs.ref/sky130_fd_io/lib/sky130_fd_io__top_xres4v2_ss_ff_n40C_1v60_5v50.lib,no
sky130B,,top_xres4v2_ss_ss_100C_1v40_1v65,43809,ciel/sky130/versions/d815bb30c9afdf9e264c276a8a2b533108dea3d0/sky130B/libs.ref/sky130_fd_io/lib/sky130_fd_io__top_xres4v2_ss_ss_100C_1v40_1v65.lib,no
sky130B,,top_xres4v2_ss_ss_100C_1v60_1v65,43809,ciel/sky130/versions/d815bb30c9afdf9e264c276a8a2b533108dea3d0/sky130B/libs.ref/sky130_fd_io/lib/sky130_fd_io__top_xres4v2_ss_ss_100C_1v60_1v65.lib,no
sky130B,,top_xres4v2_ss_ss_100C_1v60_3v00,44103,ciel/sky130/versions/d815bb30c9afdf9e264c276a8a2b533108dea3d0/sky130B/libs.ref/sky130_fd_io/lib/sky130_fd_io__top_xres4v2_ss_ss_100C_1v60_3v00.lib,no
sky130B,,top_xres4v2_ss_ss_n40C_1v35_1v65,43796,ciel/sky130/versions/d815bb30c9afdf9e264c276a8a2b533108dea3d0/sky130B/libs.ref/sky130_fd_io/lib/sky130_fd_io__top_xres4v2_ss_ss_n40C_1v35_1v65.lib,no
sky130B,,top_xres4v2_ss_ss_n40C_1v40_1v65,43789,ciel/sky130/versions/d815bb30c9afdf9e264c276a8a2b533108dea3d0/sky130B/libs.ref/sky130_fd_io/lib/sky130_fd_io__top_xres4v2_ss_ss_n40C_1v40_1v65.lib,no
sky130B,,top_xres4v2_ss_ss_n40C_1v60_1v65,182856,ciel/sky130/versions/d815bb30c9afdf9e264c276a8a2b533108dea3d0/sky130B/libs.ref/sky130_fd_io/lib/sky130_fd_io__top_xres4v2_ss_ss_n40C_1v60_1v65.lib,no
sky130B,,top_xres4v2_tt_tt_025C_1v80_3v30,44085,ciel/sky130/versions/d815bb30c9afdf9e264c276a8a2b533108dea3d0/sky130B/libs.ref/sky130_fd_io/lib/sky130_fd_io__top_xres4v2_tt_tt_025C_1v80_3v30.lib,no
sky130B,,,5741,ciel/sky130/versions/d815bb30c9afdf9e264c276a8a2b533108dea3d0/sky130B/libs.ref/sky130_fd_io/lib/slices_stubs.lib,no
sky130B,sky130_fd_sc_hd,ff_100C_1v65,12841794,ciel/sky130/versions/d815bb30c9afdf9e264c276a8a2b533108dea3d0/sky130B/libs.ref/sky130_fd_sc_hd/lib/sky130_fd_sc_hd__ff_100C_1v65.lib,no
sky130B,sky130_fd_sc_hd,ff_100C_1v95,12842685,ciel/sky130/versions/d815bb30c9afdf9e264c276a8a2b533108dea3d0/sky130B/libs.ref/sky130_fd_sc_hd/lib/sky130_fd_sc_hd__ff_100C_1v95.lib,no
sky130B,sky130_fd_sc_hd,ff_n40C_1v56,12843237,ciel/sky130/versions/d815bb30c9afdf9e264c276a8a2b533108dea3d0/sky130B/libs.ref/sky130_fd_sc_hd/lib/sky130_fd_sc_hd__ff_n40C_1v56.lib,no
sky130B,sky130_fd_sc_hd,ff_n40C_1v65,12844108,ciel/sky130/versions/d815bb30c9afdf9e264c276a8a2b533108dea3d0/sky130B/libs.ref/sky130_fd_sc_hd/lib/sky130_fd_sc_hd__ff_n40C_1v65.lib,no
sky130B,sky130_fd_sc_hd,ff_n40C_1v76,12844986,ciel/sky130/versions/d815bb30c9afdf9e264c276a8a2b533108dea3d0/sky130B/libs.ref/sky130_fd_sc_hd/lib/sky130_fd_sc_hd__ff_n40C_1v76.lib,no
sky130B,sky130_fd_sc_hd,ff_n40C_1v95,12918504,ciel/sky130/versions/d815bb30c9afdf9e264c276a8a2b533108dea3d0/sky130B/libs.ref/sky130_fd_sc_hd/lib/sky130_fd_sc_hd__ff_n40C_1v95.lib,no
sky130B,sky130_fd_sc_hd,ff_n40C_1v95_ccsnoise,71256886,ciel/sky130/versions/d815bb30c9afdf9e264c276a8a2b533108dea3d0/sky130B/libs.ref/sky130_fd_sc_hd/lib/sky130_fd_sc_hd__ff_n40C_1v95_ccsnoise.lib,no
sky130B,sky130_fd_sc_hd,ss_100C_1v40,12847083,ciel/sky130/versions/d815bb30c9afdf9e264c276a8a2b533108dea3d0/sky130B/libs.ref/sky130_fd_sc_hd/lib/sky130_fd_sc_hd__ss_100C_1v40.lib,no
sky130B,sky130_fd_sc_hd,ss_100C_1v60,12845260,ciel/sky130/versions/d815bb30c9afdf9e264c276a8a2b533108dea3d0/sky130B/libs.ref/sky130_fd_sc_hd/lib/sky130_fd_sc_hd__ss_100C_1v60.lib,no
sky130B,sky130_fd_sc_hd,ss_n40C_1v28,12838331,ciel/sky130/versions/d815bb30c9afdf9e264c276a8a2b533108dea3d0/sky130B/libs.ref/sky130_fd_sc_hd/lib/sky130_fd_sc_hd__ss_n40C_1v28.lib,no
sky130B,sky130_fd_sc_hd,ss_n40C_1v35,12844282,ciel/sky130/versions/d815bb30c9afdf9e264c276a8a2b533108dea3d0/sky130B/libs.ref/sky130_fd_sc_hd/lib/sky130_fd_sc_hd__ss_n40C_1v35.lib,no
sky130B,sky130_fd_sc_hd,ss_n40C_1v40,12845465,ciel/sky130/versions/d815bb30c9afdf9e264c276a8a2b533108dea3d0/sky130B/libs.ref/sky130_fd_sc_hd/lib/sky130_fd_sc_hd__ss_n40C_1v40.lib,no
sky130B,sky130_fd_sc_hd,ss_n40C_1v44,12842498,ciel/sky130/versions/d815bb30c9afdf9e264c276a8a2b533108dea3d0/sky130B/libs.ref/sky130_fd_sc_hd/lib/sky130_fd_sc_hd__ss_n40C_1v44.lib,no
sky130B,sky130_fd_sc_hd,ss_n40C_1v60,12916754,ciel/sky130/versions/d815bb30c9afdf9e264c276a8a2b533108dea3d0/sky130B/libs.ref/sky130_fd_sc_hd/lib/sky130_fd_sc_hd__ss_n40C_1v60.lib,no
sky130B,sky130_fd_sc_hd,ss_n40C_1v60_ccsnoise,67867563,ciel/sky130/versions/d815bb30c9afdf9e264c276a8a2b533108dea3d0/sky130B/libs.ref/sky130_fd_sc_hd/lib/sky130_fd_sc_hd__ss_n40C_1v60_ccsnoise.lib,no
sky130B,sky130_fd_sc_hd,ss_n40C_1v76,12839708,ciel/sky130/versions/d815bb30c9afdf9e264c276a8a2b533108dea3d0/sky130B/libs.ref/sky130_fd_sc_hd/lib/sky130_fd_sc_hd__ss_n40C_1v76.lib,no
sky130B,sky130_fd_sc_hd,tt_025C_1v80,12841637,ciel/sky130/versions/d815bb30c9afdf9e264c276a8a2b533108dea3d0/sky130B/libs.ref/sky130_fd_sc_hd/lib/sky130_fd_sc_hd__tt_025C_1v80.lib,no
sky130B,sky130_fd_sc_hd,tt_100C_1v80,12840460,ciel/sky130/versions/d815bb30c9afdf9e264c276a8a2b533108dea3d0/sky130B/libs.ref/sky130_fd_sc_hd/lib/sky130_fd_sc_hd__tt_100C_1v80.lib,no
sky130B,sky130_fd_sc_hvl,ff_085C_5v50,7200150,ciel/sky130/versions/d815bb30c9afdf9e264c276a8a2b533108dea3d0/sky130B/libs.ref/sky130_fd_sc_hvl/lib/sky130_fd_sc_hvl__ff_085C_5v50.lib,no
sky130B,sky130_fd_sc_hvl,ff_085C_5v50_lv1v95,157402,ciel/sky130/versions/d815bb30c9afdf9e264c276a8a2b533108dea3d0/sky130B/libs.ref/sky130_fd_sc_hvl/lib/sky130_fd_sc_hvl__ff_085C_5v50_lv1v95.lib,no
sky130B,sky130_fd_sc_hvl,ff_100C_5v50,3514461,ciel/sky130/versions/d815bb30c9afdf9e264c276a8a2b533108dea3d0/sky130B/libs.ref/sky130_fd_sc_hvl/lib/sky130_fd_sc_hvl__ff_100C_5v50.lib,no
sky130B,sky130_fd_sc_hvl,ff_100C_5v50_lowhv1v65_lv1v95,158872,ciel/sky130/versions/d815bb30c9afdf9e264c276a8a2b533108dea3d0/sky130B/libs.ref/sky130_fd_sc_hvl/lib/sky130_fd_sc_hvl__ff_100C_5v50_lowhv1v65_lv1v95.lib,no
sky130B,sky130_fd_sc_hvl,ff_100C_5v50_lv1v95,156962,ciel/sky130/versions/d815bb30c9afdf9e264c276a8a2b533108dea3d0/sky130B/libs.ref/sky130_fd_sc_hvl/lib/sky130_fd_sc_hvl__ff_100C_5v50_lv1v95.lib,no
sky130B,sky130_fd_sc_hvl,ff_150C_5v50,3100626,ciel/sky130/versions/d815bb30c9afdf9e264c276a8a2b533108dea3d0/sky130B/libs.ref/sky130_fd_sc_hvl/lib/sky130_fd_sc_hvl__ff_150C_5v50.lib,no
sky130B,sky130_fd_sc_hvl,ff_150C_5v50_lv1v95,156924,ciel/sky130/versions/d815bb30c9afdf9e264c276a8a2b533108dea3d0/sky130B/libs.ref/sky130_fd_sc_hvl/lib/sky130_fd_sc_hvl__ff_150C_5v50_lv1v95.lib,no
sky130B,sky130_fd_sc_hvl,ff_n40C_4v40,6268527,ciel/sky130/versions/d815bb30c9afdf9e264c276a8a2b533108dea3d0/sky130B/libs.ref/sky130_fd_sc_hvl/lib/sky130_fd_sc_hvl__ff_n40C_4v40.lib,no
sky130B,sky130_fd_sc_hvl,ff_n40C_4v40_lv1v95,156980,ciel/sky130/versions/d815bb30c9afdf9e264c276a8a2b533108dea3d0/sky130B/libs.ref/sky130_fd_sc_hvl/lib/sky130_fd_sc_hvl__ff_n40C_4v40_lv1v95.lib,no
sky130B,sky130_fd_sc_hvl,ff_n40C_4v95,6267461,ciel/sky130/versions/d815bb30c9afdf9e264c276a8a2b533108dea3d0/sky130B/libs.ref/sky130_fd_sc_hvl/lib/sky130_fd_sc_hvl__ff_n40C_4v95.lib,no
sky130B,sky130_fd_sc_hvl,ff_n40C_4v95_lv1v95,156968,ciel/sky130/versions/d815bb30c9afdf9e264c276a8a2b533108dea3d0/sky130B/libs.ref/sky130_fd_sc_hvl/lib/sky130_fd_sc_hvl__ff_n40C_4v95_lv1v95.lib,no
sky130B,sky130_fd_sc_hvl,ff_n40C_5v50,6085780,ciel/sky130/versions/d815bb30c9afdf9e264c276a8a2b533108dea3d0/sky130B/libs.ref/sky130_fd_sc_hvl/lib/sky130_fd_sc_hvl__ff_n40C_5v50.lib,no
sky130B,sky130_fd_sc_hvl,ff_n40C_5v50_ccsnoise,16485700,ciel/sky130/versions/d815bb30c9afdf9e264c276a8a2b533108dea3d0/sky130B/libs.ref/sky130_fd_sc_hvl/lib/sky130_fd_sc_hvl__ff_n40C_5v50_ccsnoise.lib,no
sky130B,sky130_fd_sc_hvl,ff_n40C_5v50_lowhv1v65_lv1v95,158894,ciel/sky130/versions/d815bb30c9afdf9e264c276a8a2b533108dea3d0/sky130B/libs.ref/sky130_fd_sc_hvl/lib/sky130_fd_sc_hvl__ff_n40C_5v50_lowhv1v65_lv1v95.lib,no
sky130B,sky130_fd_sc_hvl,ff_n40C_5v50_lv1v95,166236,ciel/sky130/versions/d815bb30c9afdf9e264c276a8a2b533108dea3d0/sky130B/libs.ref/sky130_fd_sc_hvl/lib/sky130_fd_sc_hvl__ff_n40C_5v50_lv1v95.lib,no
sky130B,sky130_fd_sc_hvl,ff_n40C_5v50_lv1v95_ccsnoise,776051,ciel/sky130/versions/d815bb30c9afdf9e264c276a8a2b533108dea3d0/sky130B/libs.ref/sky130_fd_sc_hvl/lib/sky130_fd_sc_hvl__ff_n40C_5v50_lv1v95_ccsnoise.lib,no
sky130B,sky130_fd_sc_hvl,hvff_lvss_100C_5v50_lowhv1v65_lv1v60,158870,ciel/sky130/versions/d815bb30c9afdf9e264c276a8a2b533108dea3d0/sky130B/libs.ref/sky130_fd_sc_hvl/lib/sky130_fd_sc_hvl__hvff_lvss_100C_5v50_lowhv1v65_lv1v60.lib,no
sky130B,sky130_fd_sc_hvl,hvff_lvss_100C_5v50_lv1v40,163578,ciel/sky130/versions/d815bb30c9afdf9e264c276a8a2b533108dea3d0/sky130B/libs.ref/sky130_fd_sc_hvl/lib/sky130_fd_sc_hvl__hvff_lvss_100C_5v50_lv1v40.lib,no
sky130B,sky130_fd_sc_hvl,hvff_lvss_100C_5v50_lv1v60,157410,ciel/sky130/versions/d815bb30c9afdf9e264c276a8a2b533108dea3d0/sky130B/libs.ref/sky130_fd_sc_hvl/lib/sky130_fd_sc_hvl__hvff_lvss_100C_5v50_lv1v60.lib,no
sky130B,sky130_fd_sc_hvl,hvff_lvss_n40C_5v50_lowhv1v65_lv1v60,158892,ciel/sky130/versions/d815bb30c9afdf9e264c276a8a2b533108dea3d0/sky130B/libs.ref/sky130_fd_sc_hvl/lib/sky130_fd_sc_hvl__hvff_lvss_n40C_5v50_lowhv1v65_lv1v60.lib,no
sky130B,sky130_fd_sc_hvl,hvff_lvss_n40C_5v50_lv1v35,161946,ciel/sky130/versions/d815bb30c9afdf9e264c276a8a2b533108dea3d0/sky130B/libs.ref/sky130_fd_sc_hvl/lib/sky130_fd_sc_hvl__hvff_lvss_n40C_5v50_lv1v35.lib,no
sky130B,sky130_fd_sc_hvl,hvff_lvss_n40C_5v50_lv1v60,157506,ciel/sky130/versions/d815bb30c9afdf9e264c276a8a2b533108dea3d0/sky130B/libs.ref/sky130_fd_sc_hvl/lib/sky130_fd_sc_hvl__hvff_lvss_n40C_5v50_lv1v60.lib,no
sky130B,sky130_fd_sc_hvl,hvss_lvff_100C_1v65,157328,ciel/sky130/versions/d815bb30c9afdf9e264c276a8a2b533108dea3d0/sky130B/libs.ref/sky130_fd_sc_hvl/lib/sky130_fd_sc_hvl__hvss_lvff_100C_1v65.lib,no
sky130B,sky130_fd_sc_hvl,hvss_lvff_100C_1v95,157353,ciel/sky130/versions/d815bb30c9afdf9e264c276a8a2b533108dea3d0/sky130B/libs.ref/sky130_fd_sc_hvl/lib/sky130_fd_sc_hvl__hvss_lvff_100C_1v95.lib,no
sky130B,sky130_fd_sc_hvl,hvss_lvff_100C_1v95_lowhv1v65,158811,ciel/sky130/versions/d815bb30c9afdf9e264c276a8a2b533108dea3d0/sky130B/libs.ref/sky130_fd_sc_hvl/lib/sky130_fd_sc_hvl__hvss_lvff_100C_1v95_lowhv1v65.lib,no
sky130B,sky130_fd_sc_hvl,hvss_lvff_100C_5v50_lowhv1v65_lv1v95,158873,ciel/sky130/versions/d815bb30c9afdf9e264c276a8a2b533108dea3d0/sky130B/libs.ref/sky130_fd_sc_hvl/lib/sky130_fd_sc_hvl__hvss_lvff_100C_5v50_lowhv1v65_lv1v95.lib,no
sky130B,sky130_fd_sc_hvl,hvss_lvff_n40C_1v65,157310,ciel/sky130/versions/d815bb30c9afdf9e264c276a8a2b533108dea3d0/sky130B/libs.ref/sky130_fd_sc_hvl/lib/sky130_fd_sc_hvl__hvss_lvff_n40C_1v65.lib,no
sky130B,sky130_fd_sc_hvl,hvss_lvff_n40C_1v95,157372,ciel/sky130/versions/d815bb30c9afdf9e264c276a8a2b533108dea3d0/sky130B/libs.ref/sky130_fd_sc_hvl/lib/sky130_fd_sc_hvl__hvss_lvff_n40C_1v95.lib,no
sky130B,sky130_fd_sc_hvl,hvss_lvff_n40C_1v95_lowhv1v65,158811,ciel/sky130/versions/d815bb30c9afdf9e264c276a8a2b533108dea3d0/sky130B/libs.ref/sky130_fd_sc_hvl/lib/sky130_fd_sc_hvl__hvss_lvff_n40C_1v95_lowhv1v65.lib,no
sky130B,sky130_fd_sc_hvl,hvss_lvff_n40C_5v50_lowhv1v65_lv1v95,158879,ciel/sky130/versions/d815bb30c9afdf9e264c276a8a2b533108dea3d0/sky130B/libs.ref/sky130_fd_sc_hvl/lib/sky130_fd_sc_hvl__hvss_lvff_n40C_5v50_lowhv1v65_lv1v95.lib,no
sky130B,sky130_fd_sc_hvl,ss_100C_1v65,2812387,ciel/sky130/versions/d815bb30c9afdf9e264c276a8a2b533108dea3d0/sky130B/libs.ref/sky130_fd_sc_hvl/lib/sky130_fd_sc_hvl__ss_100C_1v65.lib,no
sky130B,sky130_fd_sc_hvl,ss_100C_1v65_lv1v40,163572,ciel/sky130/versions/d815bb30c9afdf9e264c276a8a2b533108dea3d0/sky130B/libs.ref/sky130_fd_sc_hvl/lib/sky130_fd_sc_hvl__ss_100C_1v65_lv1v40.lib,no
sky130B,sky130_fd_sc_hvl,ss_100C_1v65_lv1v60,157281,ciel/sky130/versions/d815bb30c9afdf9e264c276a8a2b533108dea3d0/sky130B/libs.ref/sky130_fd_sc_hvl/lib/sky130_fd_sc_hvl__ss_100C_1v65_lv1v60.lib,no
sky130B,sky130_fd_sc_hvl,ss_100C_1v95,6456233,ciel/sky130/versions/d815bb30c9afdf9e264c276a8a2b533108dea3d0/sky130B/libs.ref/sky130_fd_sc_hvl/lib/sky130_fd_sc_hvl__ss_100C_1v95.lib,no
sky130B,sky130_fd_sc_hvl,ss_100C_2v40_lowhv1v65_lv1v60,159565,ciel/sky130/versions/d815bb30c9afdf9e264c276a8a2b533108dea3d0/sky130B/libs.ref/sky130_fd_sc_hvl/lib/sky130_fd_sc_hvl__ss_100C_2v40_lowhv1v65_lv1v60.lib,no
sky130B,sky130_fd_sc_hvl,ss_100C_2v70_lowhv1v65_lv1v60,159580,ciel/sky130/versions/d815bb30c9afdf9e264c276a8a2b533108dea3d0/sky130B/libs.ref/sky130_fd_sc_hvl/lib/sky130_fd_sc_hvl__ss_100C_2v70_lowhv1v65_lv1v60.lib,no
sky130B,sky130_fd_sc_hvl,ss_100C_3v00,2889236,ciel/sky130/versions/d815bb30c9afdf9e264c276a8a2b533108dea3d0/sky130B/libs.ref/sky130_fd_sc_hvl/lib/sky130_fd_sc_hvl__ss_100C_3v00.lib,no
sky130B,sky130_fd_sc_hvl,ss_100C_3v00_lowhv1v65_lv1v60,160741,ciel/sky130/versions/d815bb30c9afdf9e264c276a8a2b533108dea3d0/sky130B/libs.ref/sky130_fd_sc_hvl/lib/sky130_fd_sc_hvl__ss_100C_3v00_lowhv1v65_lv1v60.lib,no
sky130B,sky130_fd_sc_hvl,ss_100C_5v50_lowhv1v65_lv1v60,158812,ciel/sky130/versions/d815bb30c9afdf9e264c276a8a2b533108dea3d0/sky130B/libs.ref/sky130_fd_sc_hvl/lib/sky130_fd_sc_hvl__ss_100C_5v50_lowhv1v65_lv1v60.lib,no
sky130B,sky130_fd_sc_hvl,ss_150C_1v65,2813758,ciel/sky130/versions/d815bb30c9afdf9e264c276a8a2b533108dea3d0/sky130B/libs.ref/sky130_fd_sc_hvl/lib/sky130_fd_sc_hvl__ss_150C_1v65.lib,no
sky130B,sky130_fd_sc_hvl,ss_150C_1v65_lv1v60,157289,ciel/sky130/versions/d815bb30c9afdf9e264c276a8a2b533108dea3d0/sky130B/libs.ref/sky130_fd_sc_hvl/lib/sky130_fd_sc_hvl__ss_150C_1v65_lv1v60.lib,no
sky130B,sky130_fd_sc_hvl,ss_150C_3v00_lowhv1v65_lv1v60,158852,ciel/sky130/versions/d815bb30c9afdf9e264c276a8a2b533108dea3d0/sky130B/libs.ref/sky130_fd_sc_hvl/lib/sky130_fd_sc_hvl__ss_150C_3v00_lowhv1v65_lv1v60.lib,no
sky130B,sky130_fd_sc_hvl,ss_n40C_1v32,4694266,ciel/sky130/versions/d815bb30c9afdf9e264c276a8a2b533108dea3d0/sky130B/libs.ref/sky130_fd_sc_hvl/lib/sky130_fd_sc_hvl__ss_n40C_1v32.lib,no
sky130B,sky130_fd_sc_hvl,ss_n40C_1v32_lv1v28,163491,ciel/sky130/versions/d815bb30c9afdf9e264c276a8a2b533108dea3d0/sky130B/libs.ref/sky130_fd_sc_hvl/lib/sky130_fd_sc_hvl__ss_n40C_1v32_lv1v28.lib,no
sky130B,sky130_fd_sc_hvl,ss_n40C_1v49,4714773,ciel/sky130/versions/d815bb30c9afdf9e264c276a8a2b533108dea3d0/sky130B/libs.ref/sky130_fd_sc_hvl/lib/sky130_fd_sc_hvl__ss_n40C_1v49.lib,no
sky130B,sky130_fd_sc_hvl,ss_n40C_1v49_lv1v44,163514,ciel/sky130/versions/d815bb30c9afdf9e264c276a8a2b533108dea3d0/sky130B/libs.ref/sky130_fd_sc_hvl/lib/sky130_fd_sc_hvl__ss_n40C_1v49_lv1v44.lib,no
sky130B,sky130_fd_sc_hvl,ss_n40C_1v65,4080762,ciel/sky130/versions/d815bb30c9afdf9e264c276a8a2b533108dea3d0/sky130B/libs.ref/sky130_fd_sc_hvl/lib/sky130_fd_sc_hvl__ss_n40C_1v65.lib,no
sky130B,sky130_fd_sc_hvl,ss_n40C_1v65_ccsnoise,14538114,ciel/sky130/versions/d815bb30c9afdf9e264c276a8a2b533108dea3d0/sky130B/libs.ref/sky130_fd_sc_hvl/lib/sky130_fd_sc_hvl__ss_n40C_1v65_ccsnoise.lib,no
sky130B,sky130_fd_sc_hvl,ss_n40C_1v65_lv1v35,163570,ciel/sky130/versions/d815bb30c9afdf9e264c276a8a2b533108dea3d0/sky130B/libs.ref/sky130_fd_sc_hvl/lib/sky130_fd_sc_hvl__ss_n40C_1v65_lv1v35.lib,no
sky130B,sky130_fd_sc_hvl,ss_n40C_1v65_lv1v40,163569,ciel/sky130/versions/d815bb30c9afdf9e264c276a8a2b533108dea3d0/sky130B/libs.ref/sky130_fd_sc_hvl/lib/sky130_fd_sc_hvl__ss_n40C_1v65_lv1v40.lib,no
sky130B,sky130_fd_sc_hvl,ss_n40C_1v65_lv1v60,163581,ciel/sky130/versions/d815bb30c9afdf9e264c276a8a2b533108dea3d0/sky130B/libs.ref/sky130_fd_sc_hvl/lib/sky130_fd_sc_hvl__ss_n40C_1v65_lv1v60.lib,no
sky130B,sky130_fd_sc_hvl,ss_n40C_1v65_lv1v60_ccsnoise,726502,ciel/sky130/versions/d815bb30c9afdf9e264c276a8a2b533108dea3d0/sky130B/libs.ref/sky130_fd_sc_hvl/lib/sky130_fd_sc_hvl__ss_n40C_1v65_lv1v60_ccsnoise.lib,no
sky130B,sky130_fd_sc_hvl,ss_n40C_1v95,6456908,ciel/sky130/versions/d815bb30c9afdf9e264c276a8a2b533108dea3d0/sky130B/libs.ref/sky130_fd_sc_hvl/lib/sky130_fd_sc_hvl__ss_n40C_1v95.lib,no
sky130B,sky130_fd_sc_hvl,ss_n40C_5v50_lowhv1v65_lv1v60,158806,ciel/sky130/versions/d815bb30c9afdf9e264c276a8a2b533108dea3d0/sky130B/libs.ref/sky130_fd_sc_hvl/lib/sky130_fd_sc_hvl__ss_n40C_5v50_lowhv1v65_lv1v60.lib,no
sky130B,sky130_fd_sc_hvl,tt_025C_2v64_lv1v80,156891,ciel/sky130/versions/d815bb30c9afdf9e264c276a8a2b533108dea3d0/sky130B/libs.ref/sky130_fd_sc_hvl/lib/sky130_fd_sc_hvl__tt_025C_2v64_lv1v80.lib,no
sky130B,sky130_fd_sc_hvl,tt_025C_2v97_lv1v80,156917,ciel/sky130/versions/d815bb30c9afdf9e264c276a8a2b533108dea3d0/sky130B/libs.ref/sky130_fd_sc_hvl/lib/sky130_fd_sc_hvl__tt_025C_2v97_lv1v80.lib,no
sky130B,sky130_fd_sc_hvl,tt_025C_3v30,6473408,ciel/sky130/versions/d815bb30c9afdf9e264c276a8a2b533108dea3d0/sky130B/libs.ref/sky130_fd_sc_hvl/lib/sky130_fd_sc_hvl__tt_025C_3v30.lib,no
sky130B,sky130_fd_sc_hvl,tt_025C_3v30_lv1v80,158664,ciel/sky130/versions/d815bb30c9afdf9e264c276a8a2b533108dea3d0/sky130B/libs.ref/sky130_fd_sc_hvl/lib/sky130_fd_sc_hvl__tt_025C_3v30_lv1v80.lib,no
sky130B,sky130_fd_sc_hvl,tt_100C_3v30,3054937,ciel/sky130/versions/d815bb30c9afdf9e264c276a8a2b533108dea3d0/sky130B/libs.ref/sky130_fd_sc_hvl/lib/sky130_fd_sc_hvl__tt_100C_3v30.lib,no
sky130B,sky130_fd_sc_hvl,tt_100C_3v30_lv1v80,156923,ciel/sky130/versions/d815bb30c9afdf9e264c276a8a2b533108dea3d0/sky130B/libs.ref/sky130_fd_sc_hvl/lib/sky130_fd_sc_hvl__tt_100C_3v30_lv1v80.lib,no
sky130B,sky130_fd_sc_hvl,tt_150C_3v30_lv1v80,156921,ciel/sky130/versions/d815bb30c9afdf9e264c276a8a2b533108dea3d0/sky130B/libs.ref/sky130_fd_sc_hvl/lib/sky130_fd_sc_hvl__tt_150C_3v30_lv1v80.lib,no
sky130B,,,15919,ciel/sky130/versions/d815bb30c9afdf9e264c276a8a2b533108dea3d0/sky130B/libs.ref/sky130_sram_macros/lib/sky130_sram_1kbyte_1rw1r_32x256_8_TT_1p8V_25C.lib,no
sky130B,,,15916,ciel/sky130/versions/d815bb30c9afdf9e264c276a8a2b533108dea3d0/sky130B/libs.ref/sky130_sram_macros/lib/sky130_sram_1kbyte_1rw1r_8x1024_8_TT_1p8V_25C.lib,no
sky130B,,,15916,ciel/sky130/versions/d815bb30c9afdf9e264c276a8a2b533108dea3d0/sky130B/libs.ref/sky130_sram_macros/lib/sky130_sram_2kbyte_1rw1r_32x512_8_TT_1p8V_25C.lib,no
sky130B,,,17040,ciel/sky130/versions/d815bb30c9afdf9e264c276a8a2b533108dea3d0/sky130B/libs.ref/sky130_sram_macros/lib/sram_1rw1r_32_256_8_sky130_FF_1p8V_25C.lib,no
sky130B,,,17052,ciel/sky130/versions/d815bb30c9afdf9e264c276a8a2b533108dea3d0/sky130B/libs.ref/sky130_sram_macros/lib/sram_1rw1r_32_256_8_sky130_SS_1p8V_25C.lib,no
sky130B,,,17036,ciel/sky130/versions/d815bb30c9afdf9e264c276a8a2b533108dea3d0/sky130B/libs.ref/sky130_sram_macros/lib/sram_1rw1r_32_256_8_sky130_TT_1p7V_25C.lib,no
sky130B,,,17050,ciel/sky130/versions/d815bb30c9afdf9e264c276a8a2b533108dea3d0/sky130B/libs.ref/sky130_sram_macros/lib/sram_1rw1r_32_256_8_sky130_TT_1p8V_0C.lib,no
sky130B,,,17042,ciel/sky130/versions/d815bb30c9afdf9e264c276a8a2b533108dea3d0/sky130B/libs.ref/sky130_sram_macros/lib/sram_1rw1r_32_256_8_sky130_TT_1p8V_100C.lib,no
sky130B,,,17052,ciel/sky130/versions/d815bb30c9afdf9e264c276a8a2b533108dea3d0/sky130B/libs.ref/sky130_sram_macros/lib/sram_1rw1r_32_256_8_sky130_TT_1p8V_25C.lib,no
sky130B,,,17052,ciel/sky130/versions/d815bb30c9afdf9e264c276a8a2b533108dea3d0/sky130B/libs.ref/sky130_sram_macros/lib/sram_1rw1r_32_256_8_sky130_TT_1p9V_25C.lib,no
